/**
 * generated by fontconvert.py
 * name: prompter_sans_40
 * size: 40
 * mode: 1-bit
 * Command used: tools_local/prompter/gen_fonts.sh (fontconvert.py prompter_sans_40 40 NotoSans-Bold subset,
 * --force-autohint)
 */
#pragma once
#include "EpdFontData.h"

static const uint8_t prompter_sans_40Bitmaps[26547] = {
    0xFF, 0xFF, 0xFF, 0xFF, 0xFF, 0xFF, 0xFF, 0xFF, 0xFF, 0xFF, 0xFF, 0xFF, 0xFF, 0xFF, 0xFF, 0xFF, 0xFF, 0xFF, 0xFF,
    0xFF, 0xFF, 0xFF, 0xFF, 0xFF, 0xF7, 0xFF, 0xDF, 0xFF, 0x7F, 0xF9, 0xFF, 0xE7, 0xFF, 0x9F, 0xFE, 0x7F, 0xF9, 0xFF,
    0xE7, 0xFF, 0x9F, 0xFE, 0x7F, 0xF9, 0xFF, 0xE7, 0xFF, 0x9F, 0xFE, 0x7F, 0xF9, 0xFF, 0xE7, 0xFF, 0x9F, 0xFE, 0x7F,
    0xF9, 0xFF, 0xE3, 0xFF, 0x8F, 0xFC, 0x3F, 0xF0, 0xFF, 0xC3, 0xFF, 0x0F, 0xFC, 0x00, 0x00, 0x00, 0x00, 0x00, 0x00,
    0x00, 0x00, 0x00, 0x00, 0x01, 0xFE, 0x0F, 0xFC, 0x7F, 0xFB, 0xFF, 0xFF, 0xFF, 0xFF, 0xFF, 0xFF, 0xFF, 0xFF, 0xFF,
    0xFF, 0xFF, 0xFF, 0xFF, 0xFD, 0xFF, 0xE3, 0xFF, 0x07, 0xF8, 0xFF, 0xF0, 0x7F, 0xFF, 0xFF, 0xC0, 0xFF, 0xFF, 0xFF,
    0x03, 0xFF, 0xFF, 0xFC, 0x0F, 0xFF, 0xFF, 0xF0, 0x3F, 0xFF, 0xFF, 0xC0, 0xFF, 0xFF, 0xFF, 0x03, 0xFF, 0xFF, 0xFC,
    0x0F, 0xFF, 0xFF, 0xF0, 0x3F, 0xFB, 0xFF, 0xC0, 0xFF, 0xE7, 0xFF, 0x03, 0xFF, 0x9F, 0xFC, 0x0F, 0xFE, 0x7F, 0xE0,
    0x3F, 0xF9, 0xFF, 0x80, 0x7F, 0xE7, 0xFE, 0x01, 0xFF, 0x9F, 0xF8, 0x07, 0xFE, 0x7F, 0xE0, 0x1F, 0xF9, 0xFF, 0x80,
    0x7F, 0xE7, 0xFE, 0x01, 0xFF, 0x9F, 0xF8, 0x07, 0xFE, 0x7F, 0xE0, 0x1F, 0xF0, 0x00, 0x00, 0x7F, 0xE0, 0x3F, 0xE0,
    0x00, 0x00, 0x1F, 0xF8, 0x0F, 0xF8, 0x00, 0x00, 0x07, 0xFE, 0x03, 0xFE, 0x00, 0x00, 0x01, 0xFF, 0x00, 0xFF, 0x80,
    0x00, 0x00, 0x7F, 0xC0, 0x7F, 0xE0, 0x00, 0x00, 0x3F, 0xF0, 0x1F, 0xF8, 0x00, 0x00, 0x0F, 0xFC, 0x07, 0xFC, 0x00,
    0x00, 0x03, 0xFF, 0x01, 0xFF, 0x00, 0x00, 0x00, 0xFF, 0x80, 0x7F, 0xC0, 0x00, 0x00, 0x3F, 0xE0, 0x3F, 0xF0, 0x00,
    0x00, 0x1F, 0xF8, 0x0F, 0xFC, 0x00, 0x00, 0x07, 0xFE, 0x03, 0xFE, 0x00, 0x00, 0x01, 0xFF, 0x80, 0xFF, 0x80, 0x00,
    0x00, 0x7F, 0xC0, 0x3F, 0xE0, 0x00, 0x00, 0x1F, 0xF0, 0x0F, 0xF8, 0x00, 0x00, 0x07, 0xFC, 0x07, 0xFE, 0x00, 0x00,
    0x03, 0xFF, 0x01, 0xFF, 0x80, 0x07, 0xFF, 0xFF, 0xFF, 0xFF, 0xFF, 0xF1, 0xFF, 0xFF, 0xFF, 0xFF, 0xFF, 0xFC, 0x7F,
    0xFF, 0xFF, 0xFF, 0xFF, 0xFF, 0x1F, 0xFF, 0xFF, 0xFF, 0xFF, 0xFF, 0xC7, 0xFF, 0xFF, 0xFF, 0xFF, 0xFF, 0xF1, 0xFF,
    0xFF, 0xFF, 0xFF, 0xFF, 0xFC, 0x7F, 0xFF, 0xFF, 0xFF, 0xFF, 0xFF, 0x1F, 0xFF, 0xFF, 0xFF, 0xFF, 0xFF, 0xC0, 0x01,
    0xFF, 0x01, 0xFF, 0x80, 0x00, 0x00, 0xFF, 0xC0, 0x7F, 0xE0, 0x00, 0x00, 0x3F, 0xF0, 0x1F, 0xF0, 0x00, 0x00, 0x0F,
    0xFC, 0x07, 0xFC, 0x00, 0x00, 0x03, 0xFE, 0x01, 0xFF, 0x00, 0x00, 0x00, 0xFF, 0x80, 0xFF, 0xC0, 0x00, 0x00, 0x3F,
    0xE0, 0x3F, 0xF0, 0x00, 0x00, 0x1F, 0xF8, 0x0F, 0xF8, 0x00, 0x00, 0x07, 0xFE, 0x03, 0xFE, 0x00, 0x00, 0x01, 0xFF,
    0x00, 0xFF, 0x80, 0x03, 0xFF, 0xFF, 0xFF, 0xFF, 0xFF, 0xF8, 0xFF, 0xFF, 0xFF, 0xFF, 0xFF, 0xFE, 0x3F, 0xFF, 0xFF,
    0xFF, 0xFF, 0xFF, 0x8F, 0xFF, 0xFF, 0xFF, 0xFF, 0xFF, 0xE3, 0xFF, 0xFF, 0xFF, 0xFF, 0xFF, 0xF8, 0xFF, 0xFF, 0xFF,
    0xFF, 0xFF, 0xFE, 0x3F, 0xFF, 0xFF, 0xFF, 0xFF, 0xFF, 0x8F, 0xFF, 0xFF, 0xFF, 0xFF, 0xFF, 0xE0, 0x01, 0xFF, 0x80,
    0xFF, 0x80, 0x00, 0x00, 0x7F, 0xE0, 0x3F, 0xE0, 0x00, 0x00, 0x1F, 0xF0, 0x1F, 0xF8, 0x00, 0x00, 0x07, 0xFC, 0x07,
    0xFE, 0x00, 0x00, 0x03, 0xFF, 0x01, 0xFF, 0x80, 0x00, 0x00, 0xFF, 0xC0, 0x7F, 0xC0, 0x00, 0x00, 0x3F, 0xF0, 0x1F,
    0xF0, 0x00, 0x00, 0x0F, 0xF8, 0x0F, 0xFC, 0x00, 0x00, 0x03, 0xFE, 0x03, 0xFF, 0x00, 0x00, 0x00, 0xFF, 0x80, 0xFF,
    0xC0, 0x00, 0x00, 0x7F, 0xE0, 0x3F, 0xE0, 0x00, 0x00, 0x1F, 0xF8, 0x0F, 0xF8, 0x00, 0x00, 0x07, 0xFC, 0x07, 0xFE,
    0x00, 0x00, 0x01, 0xFF, 0x01, 0xFF, 0x80, 0x00, 0x00, 0x7F, 0xC0, 0x7F, 0xE0, 0x00, 0x00, 0x1F, 0xF0, 0x1F, 0xF0,
    0x00, 0x00, 0x0F, 0xFC, 0x07, 0xFC, 0x00, 0x00, 0x00, 0x00, 0x7E, 0x00, 0x00, 0x00, 0x00, 0x3F, 0x00, 0x00, 0x00,
    0x00, 0x1F, 0x80, 0x00, 0x00, 0x00, 0x0F, 0xC0, 0x00, 0x00, 0x00, 0x07, 0xE0, 0x00, 0x00, 0x00, 0x03, 0xF0, 0x00,
    0x00, 0x00, 0x1F, 0xFF, 0xF0, 0x00, 0x00, 0x7F, 0xFF, 0xFF, 0xC0, 0x01, 0xFF, 0xFF, 0xFF, 0xFC, 0x01, 0xFF, 0xFF,
    0xFF, 0xFF, 0x83, 0xFF, 0xFF, 0xFF, 0xFF, 0xC3, 0xFF, 0xFF, 0xFF, 0xFF, 0xE3, 0xFF, 0xFF, 0xFF, 0xFF, 0xE1, 0xFF,
    0xFF, 0xFF, 0xFF, 0xF1, 0xFF, 0xFF, 0xFF, 0xFF, 0xF0, 0xFF, 0xFF, 0xFF, 0xFF, 0xF8, 0xFF, 0xFF, 0xFF, 0xFF, 0xFC,
    0x7F, 0xFF, 0x3F, 0x03, 0xFC, 0x3F, 0xFE, 0x1F, 0x80, 0x1E, 0x1F, 0xFF, 0x0F, 0xC0, 0x02, 0x0F, 0xFF, 0x07, 0xE0,
    0x00, 0x07, 0xFF, 0x83, 0xF0, 0x00, 0x03, 0xFF, 0xE1, 0xF8, 0x00, 0x01, 0xFF, 0xF8, 0xFC, 0x00, 0x00, 0xFF, 0xFE,
    0x7E, 0x00, 0x00, 0x7F, 0xFF, 0xFF, 0x00, 0x00, 0x1F, 0xFF, 0xFF, 0x80, 0x00, 0x0F, 0xFF, 0xFF, 0xC0, 0x00, 0x03,
    0xFF, 0xFF, 0xF8, 0x00, 0x01, 0xFF, 0xFF, 0xFF, 0x00, 0x00, 0x7F, 0xFF, 0xFF, 0xE0, 0x00, 0x1F, 0xFF, 0xFF, 0xFE,
    0x00, 0x03, 0xFF, 0xFF, 0xFF, 0xC0, 0x00, 0xFF, 0xFF, 0xFF, 0xF0, 0x00, 0x1F, 0xFF, 0xFF, 0xFC, 0x00, 0x03, 0xFF,
    0xFF, 0xFF, 0x80, 0x00, 0x7F, 0xFF, 0xFF, 0xE0, 0x00, 0x0F, 0xFF, 0xFF, 0xF0, 0x00, 0x01, 0xFF, 0xFF, 0xFC, 0x00,
    0x00, 0xFF, 0xFF, 0xFE, 0x00, 0x00, 0x7F, 0xFF, 0xFF, 0x80, 0x00, 0x3F, 0x3F, 0xFF, 0xC0, 0x00, 0x1F, 0x8F, 0xFF,
    0xE0, 0x00, 0x0F, 0xC3, 0xFF, 0xF0, 0x00, 0x07, 0xE0, 0xFF, 0xF8, 0x00, 0x03, 0xF0, 0x7F, 0xFF, 0x00, 0x01, 0xF8,
    0x3F, 0xFF, 0xF0, 0x00, 0xFC, 0x3F, 0xFF, 0xFE, 0x00, 0x7E, 0x3F, 0xFF, 0xFF, 0xF0, 0x3F, 0x3F, 0xFF, 0xFF, 0xFF,
    0xFF, 0xFF, 0xFF, 0xDF, 0xFF, 0xFF, 0xFF, 0xFF, 0xEF, 0xFF, 0xFF, 0xFF, 0xFF, 0xE7, 0xFF, 0xFF, 0xFF, 0xFF, 0xE3,
    0xFF, 0xFF, 0xFF, 0xFF, 0xF1, 0xFF, 0xFF, 0xFF, 0xFF, 0xE0, 0xFF, 0xFF, 0xFF, 0xFF, 0xE0, 0x3F, 0xFF, 0xFF, 0xFF,
    0xE0, 0x03, 0xFF, 0xFF, 0xFF, 0x80, 0x00, 0x1F, 0xFF, 0xFE, 0x00, 0x00, 0x00, 0x07, 0xE0, 0x00, 0x00, 0x00, 0x03,
    0xF0, 0x00, 0x00, 0x00, 0x01, 0xF8, 0x00, 0x00, 0x00, 0x00, 0xFC, 0x00, 0x00, 0x00, 0x00, 0x7E, 0x00, 0x00, 0x00,
    0x00, 0x3F, 0x00, 0x00, 0x00, 0x00, 0x1F, 0x80, 0x00, 0x00, 0x00, 0x0F, 0xC0, 0x00, 0x00, 0x00, 0x7F, 0xE0, 0x00,
    0x00, 0x01, 0xFF, 0x00, 0x00, 0x07, 0xFF, 0xE0, 0x00, 0x00, 0x0F, 0xFC, 0x00, 0x00, 0x7F, 0xFF, 0xC0, 0x00, 0x00,
    0x7F, 0xF0, 0x00, 0x03, 0xFF, 0xFF, 0xC0, 0x00, 0x01, 0xFF, 0x80, 0x00, 0x1F, 0xFF, 0xFF, 0x00, 0x00, 0x0F, 0xFE,
    0x00, 0x00, 0x7F, 0xFF, 0xFE, 0x00, 0x00, 0x3F, 0xF0, 0x00, 0x03, 0xFF, 0xFF, 0xFC, 0x00, 0x01, 0xFF, 0xC0, 0x00,
    0x0F, 0xFF, 0xFF, 0xF0, 0x00, 0x07, 0xFE, 0x00, 0x00, 0x7F, 0xF9, 0xFF, 0xE0, 0x00, 0x3F, 0xF0, 0x00, 0x01, 0xFF,
    0xC3, 0xFF, 0x80, 0x01, 0xFF, 0xC0, 0x00, 0x07, 0xFE, 0x07, 0xFE, 0x00, 0x07, 0xFE, 0x00, 0x00, 0x3F, 0xF8, 0x1F,
    0xFC, 0x00, 0x3F, 0xF8, 0x00, 0x00, 0xFF, 0xE0, 0x7F, 0xF0, 0x00, 0xFF, 0xC0, 0x00, 0x03, 0xFF, 0x81, 0xFF, 0xC0,
    0x07, 0xFF, 0x00, 0x00, 0x0F, 0xFE, 0x07, 0xFF, 0x00, 0x1F, 0xF8, 0x00, 0x00, 0x3F, 0xF0, 0x0F, 0xFC, 0x00, 0xFF,
    0xE0, 0x00, 0x00, 0xFF, 0xC0, 0x3F, 0xF0, 0x03, 0xFF, 0x00, 0x00, 0x03, 0xFF, 0x00, 0xFF, 0xC0, 0x1F, 0xF8, 0x00,
    0x00, 0x0F, 0xFC, 0x03, 0xFF, 0x00, 0xFF, 0xE0, 0x00, 0x00, 0x3F, 0xF0, 0x0F, 0xFC, 0x03, 0xFF, 0x00, 0x00, 0x00,
    0xFF, 0xC0, 0x3F, 0xF0, 0x1F, 0xFC, 0x00, 0x00, 0x03, 0xFF, 0x00, 0xFF, 0xC0, 0x7F, 0xE0, 0x00, 0x00, 0x0F, 0xFE,
    0x07, 0xFF, 0x03, 0xFF, 0x80, 0x00, 0x00, 0x3F, 0xF8, 0x1F, 0xFC, 0x0F, 0xFC, 0x00, 0x00, 0x00, 0xFF, 0xE0, 0x7F,
    0xF0, 0x7F, 0xE0, 0x1F, 0xF8, 0x03, 0xFF, 0x81, 0xFF, 0xC3, 0xFF, 0x81, 0xFF, 0xF8, 0x07, 0xFE, 0x07, 0xFE, 0x0F,
    0xFC, 0x1F, 0xFF, 0xF0, 0x1F, 0xFC, 0x3F, 0xF8, 0x7F, 0xF0, 0xFF, 0xFF, 0xE0, 0x7F, 0xF9, 0xFF, 0xE1, 0xFF, 0x87,
    0xFF, 0xFF, 0xC0, 0xFF, 0xFF, 0xFF, 0x0F, 0xFE, 0x1F, 0xFF, 0xFF, 0x83, 0xFF, 0xFF, 0xFC, 0x3F, 0xF0, 0xFF, 0xFF,
    0xFF, 0x07, 0xFF, 0xFF, 0xE1, 0xFF, 0xC3, 0xFF, 0xFF, 0xFC, 0x0F, 0xFF, 0xFF, 0x87, 0xFE, 0x1F, 0xFE, 0x7F, 0xF8,
    0x3F, 0xFF, 0xFC, 0x3F, 0xF0, 0x7F, 0xF0, 0xFF, 0xE0, 0x3F, 0xFF, 0xE1, 0xFF, 0xC1, 0xFF, 0x81, 0xFF, 0x80, 0x7F,
    0xFE, 0x07, 0xFE, 0x0F, 0xFE, 0x07, 0xFF, 0x00, 0x7F, 0xE0, 0x3F, 0xF8, 0x3F, 0xF8, 0x1F, 0xFC, 0x00, 0x00, 0x00,
    0xFF, 0xC0, 0xFF, 0xE0, 0x7F, 0xF0, 0x00, 0x00, 0x07, 0xFF, 0x03, 0xFF, 0x81, 0xFF, 0xC0, 0x00, 0x00, 0x1F, 0xF8,
    0x0F, 0xFC, 0x03, 0xFF, 0x00, 0x00, 0x00, 0xFF, 0xE0, 0x3F, 0xF0, 0x0F, 0xFC, 0x00, 0x00, 0x03, 0xFF, 0x00, 0xFF,
    0xC0, 0x3F, 0xF0, 0x00, 0x00, 0x1F, 0xF8, 0x03, 0xFF, 0x00, 0xFF, 0xC0, 0x00, 0x00, 0xFF, 0xE0, 0x0F, 0xFC, 0x03,
    0xFF, 0x00, 0x00, 0x03, 0xFF, 0x00, 0x3F, 0xF0, 0x0F, 0xFC, 0x00, 0x00, 0x1F, 0xFC, 0x00, 0xFF, 0xC0, 0x3F, 0xF0,
    0x00, 0x00, 0x7F, 0xE0, 0x03, 0xFF, 0x81, 0xFF, 0xC0, 0x00, 0x03, 0xFF, 0x80, 0x0F, 0xFE, 0x07, 0xFF, 0x00, 0x00,
    0x0F, 0xFC, 0x00, 0x3F, 0xF8, 0x1F, 0xFC, 0x00, 0x00, 0x7F, 0xE0, 0x00, 0xFF, 0xE0, 0x7F, 0xF0, 0x00, 0x03, 0xFF,
    0x80, 0x01, 0xFF, 0x81, 0xFF, 0x80, 0x00, 0x0F, 0xFC, 0x00, 0x07, 0xFF, 0x0F, 0xFE, 0x00, 0x00, 0x7F, 0xF0, 0x00,
    0x1F, 0xFE, 0x7F, 0xF8, 0x00, 0x01, 0xFF, 0x80, 0x00, 0x3F, 0xFF, 0xFF, 0xC0, 0x00, 0x0F, 0xFE, 0x00, 0x00, 0xFF,
    0xFF, 0xFF, 0x00, 0x00, 0x3F, 0xF0, 0x00, 0x01, 0xFF, 0xFF, 0xF8, 0x00, 0x01, 0xFF, 0xC0, 0x00, 0x03, 0xFF, 0xFF,
    0xE0, 0x00, 0x07, 0xFE, 0x00, 0x00, 0x0F, 0xFF, 0xFF, 0x00, 0x00, 0x3F, 0xF0, 0x00, 0x00, 0x1F, 0xFF, 0xF8, 0x00,
    0x01, 0xFF, 0xC0, 0x00, 0x00, 0x1F, 0xFF, 0x80, 0x00, 0x07, 0xFE, 0x00, 0x00, 0x00, 0x1F, 0xF8, 0x00, 0x00, 0x00,
    0x3F, 0xE0, 0x00, 0x00, 0x00, 0x00, 0x00, 0x7F, 0xFF, 0xC0, 0x00, 0x00, 0x00, 0x00, 0x3F, 0xFF, 0xFE, 0x00, 0x00,
    0x00, 0x00, 0x1F, 0xFF, 0xFF, 0xF0, 0x00, 0x00, 0x00, 0x07, 0xFF, 0xFF, 0xFF, 0x00, 0x00, 0x00, 0x01, 0xFF, 0xFF,
    0xFF, 0xF0, 0x00, 0x00, 0x00, 0x7F, 0xFF, 0xFF, 0xFE, 0x00, 0x00, 0x00, 0x1F, 0xFF, 0xFF, 0xFF, 0xE0, 0x00, 0x00,
    0x03, 0xFF, 0xFF, 0xFF, 0xFE, 0x00, 0x00, 0x00, 0xFF, 0xFF, 0xFF, 0xFF, 0xC0, 0x00, 0x00, 0x1F, 0xFF, 0xE7, 0xFF,
    0xF8, 0x00, 0x00, 0x03, 0xFF, 0xF0, 0x1F, 0xFF, 0x00, 0x00, 0x00, 0x7F, 0xFC, 0x03, 0xFF, 0xE0, 0x00, 0x00, 0x0F,
    0xFF, 0x00, 0x3F, 0xFC, 0x00, 0x00, 0x01, 0xFF, 0xE0, 0x07, 0xFF, 0x80, 0x00, 0x00, 0x3F, 0xFC, 0x00, 0xFF, 0xF0,
    0x00, 0x00, 0x07, 0xFF, 0xC0, 0x3F, 0xFE, 0x00, 0x00, 0x00, 0xFF, 0xF8, 0x07, 0xFF, 0xC0, 0x00, 0x00, 0x1F, 0xFF,
    0x01, 0xFF, 0xF0, 0x00, 0x00, 0x01, 0xFF, 0xF0, 0x7F, 0xFE, 0x00, 0x00, 0x00, 0x3F, 0xFF, 0x1F, 0xFF, 0x80, 0x00,
    0x00, 0x07, 0xFF, 0xEF, 0xFF, 0xF0, 0x00, 0x00, 0x00, 0x7F, 0xFF, 0xFF, 0xFC, 0x00, 0x00, 0x00, 0x07, 0xFF, 0xFF,
    0xFF, 0x00, 0x00, 0x00, 0x00, 0xFF, 0xFF, 0xFF, 0xC0, 0x00, 0x00, 0x00, 0x0F, 0xFF, 0xFF, 0xF0, 0x00, 0x00, 0x00,
    0x00, 0xFF, 0xFF, 0xF8, 0x00, 0x00, 0x00, 0x00, 0x3F, 0xFF, 0xFE, 0x00, 0x00, 0x00, 0x00, 0x0F, 0xFF, 0xFF, 0x00,
    0x01, 0xFF, 0xF8, 0x07, 0xFF, 0xFF, 0xE0, 0x00, 0x3F, 0xFF, 0x01, 0xFF, 0xFF, 0xFE, 0x00, 0x07, 0xFF, 0xC0, 0x7F,
    0xFF, 0xFF, 0xE0, 0x01, 0xFF, 0xF8, 0x1F, 0xFF, 0xFF, 0xFE, 0x00, 0x3F, 0xFF, 0x03, 0xFF, 0xFF, 0xFF, 0xE0, 0x07,
    0xFF, 0xC0, 0xFF, 0xFF, 0xFF, 0xFE, 0x01, 0xFF, 0xF8, 0x3F, 0xFF, 0xFF, 0xFF, 0xE0, 0x3F, 0xFE, 0x07, 0xFF, 0xF9,
    0xFF, 0xFE, 0x0F, 0xFF, 0xC0, 0xFF, 0xFE, 0x1F, 0xFF, 0xE1, 0xFF, 0xF8, 0x3F, 0xFF, 0x81, 0xFF, 0xFE, 0x7F, 0xFE,
    0x07, 0xFF, 0xE0, 0x1F, 0xFF, 0xEF, 0xFF, 0xC0, 0xFF, 0xFC, 0x01, 0xFF, 0xFF, 0xFF, 0xF0, 0x1F, 0xFF, 0x00, 0x1F,
    0xFF, 0xFF, 0xFE, 0x03, 0xFF, 0xE0, 0x01, 0xFF, 0xFF, 0xFF, 0x80, 0x7F, 0xFC, 0x00, 0x1F, 0xFF, 0xFF, 0xF0, 0x0F,
    0xFF, 0x80, 0x01, 0xFF, 0xFF, 0xFC, 0x01, 0xFF, 0xF8, 0x00, 0x1F, 0xFF, 0xFF, 0x00, 0x3F, 0xFF, 0x00, 0x01, 0xFF,
    0xFF, 0xE0, 0x07, 0xFF, 0xF0, 0x00, 0x1F, 0xFF, 0xF8, 0x00, 0xFF, 0xFF, 0x00, 0x03, 0xFF, 0xFE, 0x00, 0x0F, 0xFF,
    0xF0, 0x01, 0xFF, 0xFF, 0xE0, 0x01, 0xFF, 0xFF, 0xC3, 0xFF, 0xFF, 0xFE, 0x00, 0x3F, 0xFF, 0xFF, 0xFF, 0xFF, 0xFF,
    0xE0, 0x03, 0xFF, 0xFF, 0xFF, 0xFF, 0xFF, 0xFE, 0x00, 0x3F, 0xFF, 0xFF, 0xFF, 0xFF, 0xFF, 0xF0, 0x07, 0xFF, 0xFF,
    0xFF, 0xFF, 0xFF, 0xFF, 0x00, 0x7F, 0xFF, 0xFF, 0xFF, 0xFF, 0xFF, 0xF0, 0x07, 0xFF, 0xFF, 0xFF, 0xFD, 0xFF, 0xFF,
    0x00, 0x3F, 0xFF, 0xFF, 0xFF, 0x1F, 0xFF, 0xF0, 0x03, 0xFF, 0xFF, 0xFF, 0x80, 0xFF, 0xFF, 0x00, 0x0F, 0xFF, 0xFF,
    0x80, 0x0F, 0xFF, 0xF0, 0x00, 0x3F, 0xFF, 0x80, 0x00, 0x00, 0x00, 0xFF, 0xF7, 0xFF, 0xBF, 0xFD, 0xFF, 0xEF, 0xFF,
    0x7F, 0xFB, 0xFF, 0xDF, 0xFE, 0xFF, 0xF7, 0xFF, 0x9F, 0xFC, 0xFF, 0xE7, 0xFE, 0x3F, 0xF1, 0xFF, 0x8F, 0xFC, 0x7F,
    0xE3, 0xFF, 0x1F, 0xF8, 0xFF, 0xC7, 0xFE, 0x00, 0x00, 0x0F, 0xFE, 0x00, 0x3F, 0xF8, 0x00, 0xFF, 0xE0, 0x03, 0xFF,
    0xC0, 0x07, 0xFF, 0x00, 0x1F, 0xFC, 0x00, 0x7F, 0xF8, 0x00, 0xFF, 0xE0, 0x03, 0xFF, 0xC0, 0x07, 0xFF, 0x00, 0x1F,
    0xFE, 0x00, 0x3F, 0xF8, 0x00, 0xFF, 0xF0, 0x01, 0xFF, 0xE0, 0x07, 0xFF, 0x80, 0x0F, 0xFF, 0x00, 0x1F, 0xFE, 0x00,
    0x7F, 0xF8, 0x00, 0xFF, 0xF0, 0x01, 0xFF, 0xE0, 0x03, 0xFF, 0x80, 0x0F, 0xFF, 0x00, 0x1F, 0xFE, 0x00, 0x3F, 0xFC,
    0x00, 0x7F, 0xF0, 0x00, 0xFF, 0xE0, 0x03, 0xFF, 0xC0, 0x07, 0xFF, 0x80, 0x0F, 0xFF, 0x00, 0x1F, 0xFE, 0x00, 0x3F,
    0xFC, 0x00, 0x7F, 0xF8, 0x00, 0xFF, 0xE0, 0x01, 0xFF, 0xC0, 0x03, 0xFF, 0x80, 0x07, 0xFF, 0x00, 0x0F, 0xFE, 0x00,
    0x1F, 0xFC, 0x00, 0x3F, 0xF8, 0x00, 0x7F, 0xF0, 0x00, 0xFF, 0xF0, 0x01, 0xFF, 0xE0, 0x03, 0xFF, 0xC0, 0x07, 0xFF,
    0x80, 0x0F, 0xFF, 0x00, 0x1F, 0xFE, 0x00, 0x3F, 0xFC, 0x00, 0x3F, 0xF8, 0x00, 0x7F, 0xF8, 0x00, 0xFF, 0xF0, 0x01,
    0xFF, 0xE0, 0x03, 0xFF, 0xC0, 0x03, 0xFF, 0xC0, 0x07, 0xFF, 0x80, 0x0F, 0xFF, 0x00, 0x0F, 0xFE, 0x00, 0x1F, 0xFE,
    0x00, 0x3F, 0xFC, 0x00, 0x3F, 0xFC, 0x00, 0x7F, 0xF8, 0x00, 0x7F, 0xF0, 0x00, 0xFF, 0xF0, 0x00, 0xFF, 0xE0, 0x01,
    0xFF, 0xE0, 0x01, 0xFF, 0xC0, 0x03, 0xFF, 0xC0, 0x03, 0xFF, 0x80, 0x03, 0xFF, 0x80, 0x07, 0xFF, 0x80, 0x07, 0xFF,
    0x00, 0x07, 0xFF, 0x00, 0x07, 0xFF, 0xFF, 0xE0, 0x00, 0xFF, 0xE0, 0x00, 0xFF, 0xE0, 0x01, 0xFF, 0xE0, 0x01, 0xFF,
    0xC0, 0x01, 0xFF, 0xC0, 0x03, 0xFF, 0xC0, 0x03, 0xFF, 0x80, 0x07, 0xFF, 0x80, 0x07, 0xFF, 0x00, 0x0F, 0xFF, 0x00,
    0x0F, 0xFE, 0x00, 0x1F, 0xFE, 0x00, 0x3F, 0xFC, 0x00, 0x3F, 0xFC, 0x00, 0x7F, 0xF8, 0x00, 0xFF, 0xF0, 0x00, 0xFF,
    0xF0, 0x01, 0xFF, 0xE0, 0x03, 0xFF, 0xC0, 0x03, 0xFF, 0x80, 0x07, 0xFF, 0x80, 0x0F, 0xFF, 0x00, 0x1F, 0xFE, 0x00,
    0x1F, 0xFC, 0x00, 0x3F, 0xF8, 0x00, 0x7F, 0xF8, 0x00, 0xFF, 0xF0, 0x01, 0xFF, 0xE0, 0x03, 0xFF, 0xC0, 0x07, 0xFF,
    0x80, 0x0F, 0xFF, 0x00, 0x0F, 0xFE, 0x00, 0x1F, 0xFC, 0x00, 0x3F, 0xF8, 0x00, 0x7F, 0xF0, 0x00, 0xFF, 0xE0, 0x01,
    0xFF, 0xC0, 0x03, 0xFF, 0x80, 0x07, 0xFF, 0x00, 0x1F, 0xFE, 0x00, 0x3F, 0xFC, 0x00, 0x7F, 0xF8, 0x00, 0xFF, 0xF0,
    0x01, 0xFF, 0xE0, 0x03, 0xFF, 0xC0, 0x07, 0xFF, 0x80, 0x0F, 0xFE, 0x00, 0x3F, 0xFC, 0x00, 0x7F, 0xF8, 0x00, 0xFF,
    0xF0, 0x01, 0xFF, 0xE0, 0x07, 0xFF, 0x80, 0x0F, 0xFF, 0x00, 0x1F, 0xFE, 0x00, 0x3F, 0xF8, 0x00, 0xFF, 0xF0, 0x01,
    0xFF, 0xE0, 0x07, 0xFF, 0x80, 0x0F, 0xFF, 0x00, 0x1F, 0xFC, 0x00, 0x7F, 0xF8, 0x00, 0xFF, 0xE0, 0x03, 0xFF, 0xC0,
    0x07, 0xFF, 0x00, 0x1F, 0xFE, 0x00, 0x3F, 0xF8, 0x00, 0xFF, 0xF0, 0x03, 0xFF, 0xC0, 0x07, 0xFF, 0x00, 0x1F, 0xFC,
    0x00, 0x7F, 0xF0, 0x00, 0x00, 0x01, 0xFF, 0xC0, 0x00, 0x00, 0x00, 0xFF, 0xE0, 0x00, 0x00, 0x00, 0x7F, 0xF0, 0x00,
    0x00, 0x00, 0x3F, 0xF8, 0x00, 0x00, 0x00, 0x1F, 0xFC, 0x00, 0x00, 0x00, 0x0F, 0xFE, 0x00, 0x00, 0x00, 0x03, 0xFF,
    0x00, 0x00, 0x00, 0x01, 0xFF, 0x00, 0x00, 0x00, 0x00, 0xFF, 0x80, 0x00, 0x00, 0x00, 0x7F, 0xC0, 0x00, 0x08, 0x00,
    0x3F, 0xE0, 0x00, 0x0F, 0x80, 0x1F, 0xF0, 0x03, 0xE7, 0xFC, 0x0F, 0xF8, 0x1F, 0xF3, 0xFF, 0xC7, 0xFC, 0x7F, 0xF9,
    0xFF, 0xFF, 0xFF, 0xFF, 0xFC, 0xFF, 0xFF, 0xFF, 0xFF, 0xFE, 0x7F, 0xFF, 0xFF, 0xFF, 0xFF, 0xBF, 0xFF, 0xFF, 0xFF,
    0xFF, 0xFF, 0xFF, 0xFF, 0xFF, 0xFF, 0xFF, 0xFF, 0xFF, 0xFF, 0xFF, 0xFF, 0xFF, 0xFF, 0xFF, 0xFF, 0xF8, 0x3F, 0xFF,
    0xFF, 0xFF, 0xE0, 0x00, 0x1F, 0xFF, 0xC0, 0x00, 0x00, 0x0F, 0xFF, 0xF0, 0x00, 0x00, 0x0F, 0xFF, 0xF8, 0x00, 0x00,
    0x0F, 0xFF, 0xFE, 0x00, 0x00, 0x0F, 0xFF, 0xFF, 0x80, 0x00, 0x07, 0xFE, 0xFF, 0xE0, 0x00, 0x07, 0xFF, 0x7F, 0xF0,
    0x00, 0x07, 0xFF, 0x1F, 0xFC, 0x00, 0x07, 0xFF, 0x8F, 0xFF, 0x00, 0x07, 0xFF, 0x83, 0xFF, 0xC0, 0x03, 0xFF, 0xC1,
    0xFF, 0xE0, 0x03, 0xFF, 0xE0, 0x7F, 0xF8, 0x00, 0xFF, 0xE0, 0x3F, 0xF8, 0x00, 0x1F, 0xF0, 0x0F, 0xF8, 0x00, 0x03,
    0xF0, 0x07, 0xF0, 0x00, 0x00, 0x78, 0x01, 0xE0, 0x00, 0x00, 0x08, 0x00, 0xC0, 0x00, 0x00, 0x00, 0xFF, 0x80, 0x00,
    0x00, 0x00, 0xFF, 0x80, 0x00, 0x00, 0x00, 0xFF, 0x80, 0x00, 0x00, 0x00, 0xFF, 0x80, 0x00, 0x00, 0x00, 0xFF, 0x80,
    0x00, 0x00, 0x00, 0xFF, 0x80, 0x00, 0x00, 0x00, 0xFF, 0x80, 0x00, 0x00, 0x00, 0xFF, 0x80, 0x00, 0x00, 0x00, 0xFF,
    0x80, 0x00, 0x00, 0x00, 0xFF, 0x80, 0x00, 0x00, 0x00, 0xFF, 0x80, 0x00, 0x00, 0x00, 0xFF, 0x80, 0x00, 0x00, 0x00,
    0xFF, 0x80, 0x00, 0x00, 0x00, 0xFF, 0x80, 0x00, 0x00, 0x00, 0xFF, 0x80, 0x00, 0x00, 0x00, 0xFF, 0x80, 0x00, 0xFF,
    0xFF, 0xFF, 0xFF, 0xFF, 0xFF, 0xFF, 0xFF, 0xFF, 0xFF, 0xFF, 0xFF, 0xFF, 0xFF, 0xFF, 0xFF, 0xFF, 0xFF, 0xFF, 0xFF,
    0xFF, 0xFF, 0xFF, 0xFF, 0xFF, 0xFF, 0xFF, 0xFF, 0xFF, 0xFF, 0xFF, 0xFF, 0xFF, 0xFF, 0xFF, 0xFF, 0xFF, 0xFF, 0xFF,
    0xFF, 0xFF, 0xFF, 0xFF, 0xFF, 0xFF, 0x00, 0x00, 0xFF, 0x80, 0x00, 0x00, 0x00, 0xFF, 0x80, 0x00, 0x00, 0x00, 0xFF,
    0x80, 0x00, 0x00, 0x00, 0xFF, 0x80, 0x00, 0x00, 0x00, 0xFF, 0x80, 0x00, 0x00, 0x00, 0xFF, 0x80, 0x00, 0x00, 0x00,
    0xFF, 0x80, 0x00, 0x00, 0x00, 0xFF, 0x80, 0x00, 0x00, 0x00, 0xFF, 0x80, 0x00, 0x00, 0x00, 0xFF, 0x80, 0x00, 0x00,
    0x00, 0xFF, 0x80, 0x00, 0x00, 0x00, 0xFF, 0x80, 0x00, 0x00, 0x00, 0xFF, 0x80, 0x00, 0x00, 0x00, 0xFF, 0x80, 0x00,
    0x00, 0x00, 0xFF, 0x80, 0x00, 0x0F, 0xFF, 0x87, 0xFF, 0xC3, 0xFF, 0xE1, 0xFF, 0xE0, 0xFF, 0xF0, 0xFF, 0xF8, 0x7F,
    0xF8, 0x3F, 0xFC, 0x1F, 0xFE, 0x0F, 0xFE, 0x0F, 0xFF, 0x07, 0xFF, 0x03, 0xFF, 0x81, 0xFF, 0xC0, 0xFF, 0xC0, 0xFF,
    0xE0, 0x7F, 0xE0, 0x3F, 0xF0, 0x1F, 0xF8, 0x1F, 0xF8, 0x00, 0xFF, 0xFF, 0xFF, 0xFF, 0xFF, 0xFF, 0xFF, 0xFF, 0xFF,
    0xFF, 0xFF, 0xFF, 0xFF, 0xFF, 0xFF, 0xFF, 0xFF, 0xFF, 0xFF, 0xFF, 0xFF, 0xFF, 0xFF, 0xFF, 0xFF, 0xFF, 0xFF, 0xF0,
    0x1F, 0xE0, 0xFF, 0xC7, 0xFF, 0xBF, 0xFF, 0xFF, 0xFF, 0xFF, 0xFF, 0xFF, 0xFF, 0xFF, 0xFF, 0xFF, 0xFF, 0xFF, 0xFF,
    0xDF, 0xFE, 0x3F, 0xF0, 0x7F, 0x80, 0x00, 0x00, 0x03, 0xFF, 0xC0, 0x00, 0x00, 0x7F, 0xF8, 0x00, 0x00, 0x1F, 0xFF,
    0x00, 0x00, 0x03, 0xFF, 0xC0, 0x00, 0x00, 0x7F, 0xF8, 0x00, 0x00, 0x1F, 0xFF, 0x00, 0x00, 0x03, 0xFF, 0xC0, 0x00,
    0x00, 0x7F, 0xF8, 0x00, 0x00, 0x1F, 0xFE, 0x00, 0x00, 0x03, 0xFF, 0xC0, 0x00, 0x00, 0xFF, 0xF8, 0x00, 0x00, 0x1F,
    0xFE, 0x00, 0x00, 0x03, 0xFF, 0xC0, 0x00, 0x00, 0xFF, 0xF8, 0x00, 0x00, 0x1F, 0xFE, 0x00, 0x00, 0x03, 0xFF, 0xC0,
    0x00, 0x00, 0xFF, 0xF0, 0x00, 0x00, 0x1F, 0xFE, 0x00, 0x00, 0x03, 0xFF, 0xC0, 0x00, 0x00, 0xFF, 0xF0, 0x00, 0x00,
    0x1F, 0xFE, 0x00, 0x00, 0x07, 0xFF, 0xC0, 0x00, 0x00, 0xFF, 0xF0, 0x00, 0x00, 0x1F, 0xFE, 0x00, 0x00, 0x07, 0xFF,
    0xC0, 0x00, 0x00, 0xFF, 0xF0, 0x00, 0x00, 0x1F, 0xFE, 0x00, 0x00, 0x07, 0xFF, 0x80, 0x00, 0x00, 0xFF, 0xF0, 0x00,
    0x00, 0x3F, 0xFE, 0x00, 0x00, 0x07, 0xFF, 0x80, 0x00, 0x00, 0xFF, 0xF0, 0x00, 0x00, 0x3F, 0xFE, 0x00, 0x00, 0x07,
    0xFF, 0x80, 0x00, 0x00, 0xFF, 0xF0, 0x00, 0x00, 0x3F, 0xFC, 0x00, 0x00, 0x07, 0xFF, 0x80, 0x00, 0x00, 0xFF, 0xF0,
    0x00, 0x00, 0x3F, 0xFC, 0x00, 0x00, 0x07, 0xFF, 0x80, 0x00, 0x01, 0xFF, 0xF0, 0x00, 0x00, 0x3F, 0xFC, 0x00, 0x00,
    0x07, 0xFF, 0x80, 0x00, 0x01, 0xFF, 0xE0, 0x00, 0x00, 0x3F, 0xFC, 0x00, 0x00, 0x07, 0xFF, 0x80, 0x00, 0x01, 0xFF,
    0xE0, 0x00, 0x00, 0x3F, 0xFC, 0x00, 0x00, 0x0F, 0xFF, 0x80, 0x00, 0x01, 0xFF, 0xE0, 0x00, 0x00, 0x3F, 0xFC, 0x00,
    0x00, 0x0F, 0xFF, 0x80, 0x00, 0x01, 0xFF, 0xE0, 0x00, 0x00, 0x3F, 0xFC, 0x00, 0x00, 0x0F, 0xFF, 0x00, 0x00, 0x01,
    0xFF, 0xE0, 0x00, 0x00, 0x7F, 0xFC, 0x00, 0x00, 0x0F, 0xFF, 0x00, 0x00, 0x01, 0xFF, 0xE0, 0x00, 0x00, 0x7F, 0xFC,
    0x00, 0x00, 0x00, 0x00, 0x00, 0xFF, 0x80, 0x00, 0x00, 0x01, 0xFF, 0xFE, 0x00, 0x00, 0x03, 0xFF, 0xFF, 0xE0, 0x00,
    0x01, 0xFF, 0xFF, 0xFE, 0x00, 0x00, 0xFF, 0xFF, 0xFF, 0xC0, 0x00, 0x7F, 0xFF, 0xFF, 0xF8, 0x00, 0x3F, 0xFF, 0xFF,
    0xFF, 0x00, 0x1F, 0xFF, 0xFF, 0xFF, 0xC0, 0x0F, 0xFF, 0xFF, 0xFF, 0xF8, 0x03, 0xFF, 0xFF, 0xFF, 0xFF, 0x01, 0xFF,
    0xFF, 0x3F, 0xFF, 0xC0, 0x7F, 0xFE, 0x03, 0xFF, 0xF8, 0x3F, 0xFF, 0x00, 0x7F, 0xFE, 0x0F, 0xFF, 0xC0, 0x0F, 0xFF,
    0xC3, 0xFF, 0xE0, 0x01, 0xFF, 0xF1, 0xFF, 0xF8, 0x00, 0x7F, 0xFC, 0x7F, 0xFE, 0x00, 0x1F, 0xFF, 0x9F, 0xFF, 0x00,
    0x07, 0xFF, 0xE7, 0xFF, 0xC0, 0x00, 0xFF, 0xFB, 0xFF, 0xF0, 0x00, 0x3F, 0xFE, 0xFF, 0xFC, 0x00, 0x0F, 0xFF, 0xBF,
    0xFF, 0x00, 0x03, 0xFF, 0xFF, 0xFF, 0xC0, 0x00, 0xFF, 0xFF, 0xFF, 0xE0, 0x00, 0x3F, 0xFF, 0xFF, 0xF8, 0x00, 0x0F,
    0xFF, 0xFF, 0xFE, 0x00, 0x03, 0xFF, 0xFF, 0xFF, 0x80, 0x00, 0x7F, 0xFF, 0xFF, 0xE0, 0x00, 0x1F, 0xFF, 0xFF, 0xF8,
    0x00, 0x07, 0xFF, 0xFF, 0xFE, 0x00, 0x01, 0xFF, 0xFF, 0xFF, 0x80, 0x00, 0x7F, 0xFF, 0xFF, 0xE0, 0x00, 0x1F, 0xFF,
    0xFF, 0xF8, 0x00, 0x07, 0xFF, 0xFF, 0xFE, 0x00, 0x01, 0xFF, 0xFF, 0xFF, 0x80, 0x00, 0x7F, 0xFF, 0xFF, 0xE0, 0x00,
    0x1F, 0xFF, 0xFF, 0xF8, 0x00, 0x0F, 0xFF, 0xFF, 0xFE, 0x00, 0x03, 0xFF, 0xFF, 0xFF, 0x80, 0x00, 0xFF, 0xFF, 0xFF,
    0xF0, 0x00, 0x3F, 0xFF, 0xFF, 0xFC, 0x00, 0x0F, 0xFF, 0xFF, 0xFF, 0x00, 0x03, 0xFF, 0xE7, 0xFF, 0xC0, 0x00, 0xFF,
    0xF9, 0xFF, 0xF0, 0x00, 0x3F, 0xFE, 0x7F, 0xFC, 0x00, 0x1F, 0xFF, 0x9F, 0xFF, 0x80, 0x07, 0xFF, 0xE3, 0xFF, 0xE0,
    0x01, 0xFF, 0xF0, 0xFF, 0xF8, 0x00, 0xFF, 0xFC, 0x3F, 0xFF, 0x00, 0x3F, 0xFF, 0x07, 0xFF, 0xE0, 0x1F, 0xFF, 0x81,
    0xFF, 0xFC, 0x0F, 0xFF, 0xE0, 0x3F, 0xFF, 0xFF, 0xFF, 0xF0, 0x0F, 0xFF, 0xFF, 0xFF, 0xFC, 0x01, 0xFF, 0xFF, 0xFF,
    0xFE, 0x00, 0x3F, 0xFF, 0xFF, 0xFF, 0x00, 0x07, 0xFF, 0xFF, 0xFF, 0xC0, 0x00, 0xFF, 0xFF, 0xFF, 0xE0, 0x00, 0x1F,
    0xFF, 0xFF, 0xF0, 0x00, 0x03, 0xFF, 0xFF, 0xF0, 0x00, 0x00, 0x3F, 0xFF, 0xF0, 0x00, 0x00, 0x03, 0xFF, 0xF0, 0x00,
    0x00, 0x00, 0x00, 0x1F, 0xFE, 0x00, 0x00, 0x7F, 0xFC, 0x00, 0x03, 0xFF, 0xF8, 0x00, 0x0F, 0xFF, 0xF0, 0x00, 0x3F,
    0xFF, 0xE0, 0x00, 0xFF, 0xFF, 0xC0, 0x07, 0xFF, 0xFF, 0x80, 0x1F, 0xFF, 0xFF, 0x00, 0x7F, 0xFF, 0xFE, 0x01, 0xFF,
    0xFF, 0xFC, 0x0F, 0xFF, 0xFF, 0xF8, 0x3F, 0xFF, 0xFF, 0xF0, 0xFF, 0xFF, 0xFF, 0xE7, 0xFF, 0xFF, 0xFF, 0xDF, 0xFF,
    0xEF, 0xFF, 0xBF, 0xFF, 0x9F, 0xFF, 0x3F, 0xFE, 0x3F, 0xFE, 0x7F, 0xF8, 0x7F, 0xFC, 0x7F, 0xE0, 0xFF, 0xF8, 0x7F,
    0x01, 0xFF, 0xF0, 0x7C, 0x03, 0xFF, 0xE0, 0x70, 0x07, 0xFF, 0xC0, 0xC0, 0x0F, 0xFF, 0x80, 0x00, 0x1F, 0xFF, 0x00,
    0x00, 0x3F, 0xFE, 0x00, 0x00, 0x7F, 0xFC, 0x00, 0x00, 0xFF, 0xF8, 0x00, 0x01, 0xFF, 0xF0, 0x00, 0x03, 0xFF, 0xE0,
    0x00, 0x07, 0xFF, 0xC0, 0x00, 0x0F, 0xFF, 0x80, 0x00, 0x1F, 0xFF, 0x00, 0x00, 0x3F, 0xFE, 0x00, 0x00, 0x7F, 0xFC,
    0x00, 0x00, 0xFF, 0xF8, 0x00, 0x01, 0xFF, 0xF0, 0x00, 0x03, 0xFF, 0xE0, 0x00, 0x07, 0xFF, 0xC0, 0x00, 0x0F, 0xFF,
    0x80, 0x00, 0x1F, 0xFF, 0x00, 0x00, 0x3F, 0xFE, 0x00, 0x00, 0x7F, 0xFC, 0x00, 0x00, 0xFF, 0xF8, 0x00, 0x01, 0xFF,
    0xF0, 0x00, 0x03, 0xFF, 0xE0, 0x00, 0x07, 0xFF, 0xC0, 0x00, 0x0F, 0xFF, 0x80, 0x00, 0x1F, 0xFF, 0x00, 0x00, 0x3F,
    0xFE, 0x00, 0x00, 0x7F, 0xFC, 0x00, 0x00, 0xFF, 0xF8, 0x00, 0x01, 0xFF, 0xF0, 0x00, 0x03, 0xFF, 0xE0, 0x00, 0x07,
    0xFF, 0xC0, 0x00, 0x0F, 0xFF, 0x80, 0x00, 0x1F, 0xFF, 0x00, 0x00, 0x3F, 0xFE, 0x00, 0x00, 0x7F, 0xFC, 0x00, 0x00,
    0xFF, 0xF8, 0x00, 0x03, 0xFF, 0xF8, 0x00, 0x00, 0x03, 0xFF, 0xFF, 0xE0, 0x00, 0x01, 0xFF, 0xFF, 0xFF, 0x00, 0x00,
    0xFF, 0xFF, 0xFF, 0xF0, 0x00, 0x7F, 0xFF, 0xFF, 0xFF, 0x00, 0x1F, 0xFF, 0xFF, 0xFF, 0xF0, 0x0F, 0xFF, 0xFF, 0xFF,
    0xFF, 0x03, 0xFF, 0xFF, 0xFF, 0xFF, 0xF0, 0x7F, 0xFF, 0xFF, 0xFF, 0xFE, 0x07, 0xFF, 0xFF, 0xFF, 0xFF, 0xE0, 0xFF,
    0xFF, 0x87, 0xFF, 0xFC, 0x0F, 0xFF, 0x00, 0x3F, 0xFF, 0xC0, 0xFF, 0x80, 0x03, 0xFF, 0xF8, 0x0F, 0xE0, 0x00, 0x3F,
    0xFF, 0x00, 0xF0, 0x00, 0x07, 0xFF, 0xE0, 0x0C, 0x00, 0x00, 0x7F, 0xFC, 0x00, 0x00, 0x00, 0x0F, 0xFF, 0x80, 0x00,
    0x00, 0x01, 0xFF, 0xF0, 0x00, 0x00, 0x00, 0x3F, 0xFE, 0x00, 0x00, 0x00, 0x07, 0xFF, 0xC0, 0x00, 0x00, 0x01, 0xFF,
    0xF8, 0x00, 0x00, 0x00, 0x3F, 0xFF, 0x00, 0x00, 0x00, 0x07, 0xFF, 0xC0, 0x00, 0x00, 0x01, 0xFF, 0xF8, 0x00, 0x00,
    0x00, 0x7F, 0xFF, 0x00, 0x00, 0x00, 0x0F, 0xFF, 0xC0, 0x00, 0x00, 0x03, 0xFF, 0xF8, 0x00, 0x00, 0x00, 0xFF, 0xFE,
    0x00, 0x00, 0x00, 0x3F, 0xFF, 0x80, 0x00, 0x00, 0x0F, 0xFF, 0xF0, 0x00, 0x00, 0x03, 0xFF, 0xFC, 0x00, 0x00, 0x00,
    0x7F, 0xFF, 0x00, 0x00, 0x00, 0x1F, 0xFF, 0xC0, 0x00, 0x00, 0x07, 0xFF, 0xF0, 0x00, 0x00, 0x01, 0xFF, 0xFC, 0x00,
    0x00, 0x00, 0x7F, 0xFF, 0x00, 0x00, 0x00, 0x1F, 0xFF, 0xC0, 0x00, 0x00, 0x07, 0xFF, 0xF0, 0x00, 0x00, 0x01, 0xFF,
    0xFC, 0x00, 0x00, 0x00, 0x7F, 0xFF, 0x00, 0x00, 0x00, 0x1F, 0xFF, 0xC0, 0x00, 0x00, 0x07, 0xFF, 0xF0, 0x00, 0x00,
    0x01, 0xFF, 0xFC, 0x00, 0x00, 0x00, 0x7F, 0xFF, 0x00, 0x00, 0x00, 0x1F, 0xFF, 0xC0, 0x00, 0x00, 0x07, 0xFF, 0xF0,
    0x00, 0x00, 0x01, 0xFF, 0xFC, 0x00, 0x00, 0x00, 0x7F, 0xFF, 0x00, 0x00, 0x00, 0x1F, 0xFF, 0xC0, 0x00, 0x00, 0x07,
    0xFF, 0xFF, 0xFF, 0xFF, 0xFD, 0xFF, 0xFF, 0xFF, 0xFF, 0xFF, 0xBF, 0xFF, 0xFF, 0xFF, 0xFF, 0xF7, 0xFF, 0xFF, 0xFF,
    0xFF, 0xFE, 0xFF, 0xFF, 0xFF, 0xFF, 0xFF, 0xDF, 0xFF, 0xFF, 0xFF, 0xFF, 0xFB, 0xFF, 0xFF, 0xFF, 0xFF, 0xFF, 0x7F,
    0xFF, 0xFF, 0xFF, 0xFF, 0xEF, 0xFF, 0xFF, 0xFF, 0xFF, 0xFD, 0xFF, 0xFF, 0xFF, 0xFF, 0xFF, 0xBF, 0xFF, 0xFF, 0xFF,
    0xFF, 0xF0, 0x00, 0x03, 0xFF, 0x80, 0x00, 0x00, 0x3F, 0xFF, 0xFE, 0x00, 0x00, 0xFF, 0xFF, 0xFF, 0xC0, 0x01, 0xFF,
    0xFF, 0xFF, 0xF8, 0x03, 0xFF, 0xFF, 0xFF, 0xFE, 0x07, 0xFF, 0xFF, 0xFF, 0xFF, 0xC3, 0xFF, 0xFF, 0xFF, 0xFF, 0xF0,
    0xFF, 0xFF, 0xFF, 0xFF, 0xF8, 0x7F, 0xFF, 0xFF, 0xFF, 0xFE, 0x1F, 0xFF, 0xFF, 0xFF, 0xFF, 0x07, 0xFF, 0xC1, 0xFF,
    0xFF, 0xC3, 0xFE, 0x00, 0x1F, 0xFF, 0xE0, 0xFC, 0x00, 0x07, 0xFF, 0xF0, 0x38, 0x00, 0x01, 0xFF, 0xF8, 0x00, 0x00,
    0x00, 0xFF, 0xFC, 0x00, 0x00, 0x00, 0x3F, 0xFE, 0x00, 0x00, 0x00, 0x1F, 0xFF, 0x00, 0x00, 0x00, 0x0F, 0xFF, 0x80,
    0x00, 0x00, 0x0F, 0xFF, 0xC0, 0x00, 0x00, 0x07, 0xFF, 0xC0, 0x00, 0x00, 0x03, 0xFF, 0xE0, 0x00, 0x00, 0x03, 0xFF,
    0xE0, 0x00, 0x00, 0x03, 0xFF, 0xF0, 0x00, 0x00, 0x07, 0xFF, 0xF0, 0x00, 0x00, 0x7F, 0xFF, 0xF0, 0x00, 0x3F, 0xFF,
    0xFF, 0xF0, 0x00, 0x1F, 0xFF, 0xFF, 0xF0, 0x00, 0x0F, 0xFF, 0xFF, 0xE0, 0x00, 0x07, 0xFF, 0xFF, 0x80, 0x00, 0x03,
    0xFF, 0xFF, 0xE0, 0x00, 0x01, 0xFF, 0xFF, 0xFE, 0x00, 0x00, 0xFF, 0xFF, 0xFF, 0xC0, 0x00, 0x7F, 0xFF, 0xFF, 0xF8,
    0x00, 0x3F, 0xFF, 0xFF, 0xFE, 0x00, 0x1F, 0xFF, 0xFF, 0xFF, 0x80, 0x00, 0x00, 0xFF, 0xFF, 0xC0, 0x00, 0x00, 0x0F,
    0xFF, 0xF0, 0x00, 0x00, 0x01, 0xFF, 0xF8, 0x00, 0x00, 0x00, 0x7F, 0xFE, 0x00, 0x00, 0x00, 0x3F, 0xFF, 0x00, 0x00,
    0x00, 0x0F, 0xFF, 0x80, 0x00, 0x00, 0x07, 0xFF, 0xC0, 0x00, 0x00, 0x03, 0xFF, 0xE0, 0x00, 0x00, 0x01, 0xFF, 0xF0,
    0x00, 0x00, 0x00, 0xFF, 0xF8, 0x00, 0x00, 0x00, 0xFF, 0xFC, 0x00, 0x00, 0x00, 0x7F, 0xFF, 0x00, 0x00, 0x00, 0x7F,
    0xFF, 0xE0, 0x00, 0x00, 0x3F, 0xFF, 0xFE, 0x00, 0x00, 0x7F, 0xFF, 0xBF, 0xF0, 0x00, 0xFF, 0xFF, 0xDF, 0xFF, 0xFF,
    0xFF, 0xFF, 0xCF, 0xFF, 0xFF, 0xFF, 0xFF, 0xE7, 0xFF, 0xFF, 0xFF, 0xFF, 0xE3, 0xFF, 0xFF, 0xFF, 0xFF, 0xE1, 0xFF,
    0xFF, 0xFF, 0xFF, 0xE0, 0xFF, 0xFF, 0xFF, 0xFF, 0xE0, 0x7F, 0xFF, 0xFF, 0xFF, 0xE0, 0x1F, 0xFF, 0xFF, 0xFF, 0xC0,
    0x03, 0xFF, 0xFF, 0xFF, 0x00, 0x00, 0x0F, 0xFF, 0xFC, 0x00, 0x00, 0x00, 0x00, 0x00, 0x7F, 0xFC, 0x00, 0x00, 0x00,
    0x07, 0xFF, 0xE0, 0x00, 0x00, 0x00, 0x3F, 0xFF, 0x00, 0x00, 0x00, 0x03, 0xFF, 0xF8, 0x00, 0x00, 0x00, 0x3F, 0xFF,
    0xC0, 0x00, 0x00, 0x01, 0xFF, 0xFE, 0x00, 0x00, 0x00, 0x1F, 0xFF, 0xF0, 0x00, 0x00, 0x01, 0xFF, 0xFF, 0x80, 0x00,
    0x00, 0x0F, 0xFF, 0xFC, 0x00, 0x00, 0x00, 0xFF, 0xFF, 0xE0, 0x00, 0x00, 0x0F, 0xFF, 0xFF, 0x00, 0x00, 0x00, 0x7F,
    0xFF, 0xF8, 0x00, 0x00, 0x07, 0xFF, 0xFF, 0xC0, 0x00, 0x00, 0x7F, 0xFF, 0xFE, 0x00, 0x00, 0x03, 0xFF, 0xFF, 0xF0,
    0x00, 0x00, 0x3F, 0xFF, 0xFF, 0x80, 0x00, 0x03, 0xFF, 0x7F, 0xFC, 0x00, 0x00, 0x1F, 0xFB, 0xFF, 0xE0, 0x00, 0x01,
    0xFF, 0x9F, 0xFF, 0x00, 0x00, 0x1F, 0xFC, 0xFF, 0xF8, 0x00, 0x01, 0xFF, 0xC7, 0xFF, 0xC0, 0x00, 0x0F, 0xFC, 0x3F,
    0xFE, 0x00, 0x00, 0xFF, 0xE1, 0xFF, 0xF0, 0x00, 0x0F, 0xFE, 0x0F, 0xFF, 0x80, 0x00, 0x7F, 0xE0, 0x7F, 0xFC, 0x00,
    0x07, 0xFF, 0x03, 0xFF, 0xE0, 0x00, 0x7F, 0xF0, 0x1F, 0xFF, 0x00, 0x03, 0xFF, 0x00, 0xFF, 0xF8, 0x00, 0x3F, 0xF8,
    0x07, 0xFF, 0xC0, 0x03, 0xFF, 0x80, 0x3F, 0xFE, 0x00, 0x1F, 0xFC, 0x01, 0xFF, 0xF0, 0x01, 0xFF, 0xC0, 0x0F, 0xFF,
    0x80, 0x1F, 0xFC, 0x00, 0x7F, 0xFC, 0x00, 0xFF, 0xE0, 0x03, 0xFF, 0xE0, 0x0F, 0xFE, 0x00, 0x1F, 0xFF, 0x00, 0xFF,
    0xE0, 0x00, 0xFF, 0xF8, 0x07, 0xFF, 0x00, 0x07, 0xFF, 0xC0, 0x7F, 0xFF, 0xFF, 0xFF, 0xFF, 0xFF, 0xFF, 0xFF, 0xFF,
    0xFF, 0xFF, 0xFF, 0xFF, 0xFF, 0xFF, 0xFF, 0xFF, 0xFF, 0xFF, 0xFF, 0xFF, 0xFF, 0xFF, 0xFF, 0xFF, 0xFF, 0xFF, 0xFF,
    0xFF, 0xFF, 0xFF, 0xFF, 0xFF, 0xFF, 0xFF, 0xFF, 0xFF, 0xFF, 0xFF, 0xFF, 0xFF, 0xFF, 0xFF, 0xFF, 0xFF, 0xFF, 0xFF,
    0xFF, 0xFF, 0xFF, 0xFF, 0xFF, 0xFF, 0xFF, 0xFF, 0xFF, 0xE0, 0x00, 0x00, 0x0F, 0xFF, 0x80, 0x00, 0x00, 0x00, 0x7F,
    0xFC, 0x00, 0x00, 0x00, 0x03, 0xFF, 0xE0, 0x00, 0x00, 0x00, 0x1F, 0xFF, 0x00, 0x00, 0x00, 0x00, 0xFF, 0xF8, 0x00,
    0x00, 0x00, 0x07, 0xFF, 0xC0, 0x00, 0x00, 0x00, 0x3F, 0xFE, 0x00, 0x00, 0x00, 0x01, 0xFF, 0xF0, 0x00, 0x00, 0x00,
    0x0F, 0xFF, 0x80, 0x00, 0x00, 0x00, 0x7F, 0xFC, 0x00, 0x00, 0x00, 0x03, 0xFF, 0xE0, 0x00, 0x00, 0x00, 0x1F, 0xFF,
    0x00, 0x1F, 0xFF, 0xFF, 0xFF, 0xF0, 0x1F, 0xFF, 0xFF, 0xFF, 0xF0, 0x1F, 0xFF, 0xFF, 0xFF, 0xF0, 0x1F, 0xFF, 0xFF,
    0xFF, 0xF0, 0x1F, 0xFF, 0xFF, 0xFF, 0xF0, 0x1F, 0xFF, 0xFF, 0xFF, 0xF0, 0x1F, 0xFF, 0xFF, 0xFF, 0xF0, 0x3F, 0xFF,
    0xFF, 0xFF, 0xF0, 0x3F, 0xFF, 0xFF, 0xFF, 0xF0, 0x3F, 0xFF, 0xFF, 0xFF, 0xF0, 0x3F, 0xFF, 0xFF, 0xFF, 0xF0, 0x3F,
    0xFE, 0x00, 0x00, 0x00, 0x3F, 0xFE, 0x00, 0x00, 0x00, 0x3F, 0xFE, 0x00, 0x00, 0x00, 0x3F, 0xFC, 0x00, 0x00, 0x00,
    0x3F, 0xFC, 0x00, 0x00, 0x00, 0x3F, 0xFC, 0x00, 0x00, 0x00, 0x3F, 0xFC, 0x00, 0x00, 0x00, 0x3F, 0xFC, 0x00, 0x00,
    0x00, 0x3F, 0xFC, 0x00, 0x00, 0x00, 0x7F, 0xFC, 0x00, 0x00, 0x00, 0x7F, 0xFF, 0xFF, 0xE0, 0x00, 0x7F, 0xFF, 0xFF,
    0xFC, 0x00, 0x7F, 0xFF, 0xFF, 0xFF, 0x00, 0x7F, 0xFF, 0xFF, 0xFF, 0xC0, 0x7F, 0xFF, 0xFF, 0xFF, 0xE0, 0x7F, 0xFF,
    0xFF, 0xFF, 0xF0, 0x7F, 0xFF, 0xFF, 0xFF, 0xF8, 0x7F, 0xFF, 0xFF, 0xFF, 0xF8, 0x7F, 0xFF, 0xFF, 0xFF, 0xFC, 0x1F,
    0xFF, 0xFF, 0xFF, 0xFC, 0x07, 0xC0, 0x0F, 0xFF, 0xFE, 0x00, 0x00, 0x01, 0xFF, 0xFE, 0x00, 0x00, 0x00, 0xFF, 0xFF,
    0x00, 0x00, 0x00, 0x7F, 0xFF, 0x00, 0x00, 0x00, 0x3F, 0xFF, 0x00, 0x00, 0x00, 0x3F, 0xFF, 0x00, 0x00, 0x00, 0x3F,
    0xFF, 0x00, 0x00, 0x00, 0x1F, 0xFF, 0x00, 0x00, 0x00, 0x1F, 0xFF, 0x00, 0x00, 0x00, 0x1F, 0xFF, 0x00, 0x00, 0x00,
    0x1F, 0xFF, 0x00, 0x00, 0x00, 0x3F, 0xFF, 0x00, 0x00, 0x00, 0x3F, 0xFF, 0x00, 0x00, 0x00, 0x3F, 0xFF, 0x00, 0x00,
    0x00, 0x7F, 0xFE, 0xC0, 0x00, 0x00, 0x7F, 0xFE, 0xF0, 0x00, 0x00, 0xFF, 0xFE, 0xFF, 0x00, 0x03, 0xFF, 0xFC, 0xFF,
    0xF8, 0x3F, 0xFF, 0xFC, 0xFF, 0xFF, 0xFF, 0xFF, 0xF8, 0xFF, 0xFF, 0xFF, 0xFF, 0xF8, 0xFF, 0xFF, 0xFF, 0xFF, 0xF0,
    0xFF, 0xFF, 0xFF, 0xFF, 0xE0, 0xFF, 0xFF, 0xFF, 0xFF, 0xC0, 0xFF, 0xFF, 0xFF, 0xFF, 0x80, 0xFF, 0xFF, 0xFF, 0xFF,
    0x00, 0x7F, 0xFF, 0xFF, 0xFC, 0x00, 0x1F, 0xFF, 0xFF, 0xF0, 0x00, 0x01, 0xFF, 0xFF, 0x00, 0x00, 0x00, 0x00, 0x00,
    0xFF, 0xFC, 0x00, 0x00, 0x07, 0xFF, 0xFF, 0x00, 0x00, 0x0F, 0xFF, 0xFF, 0xC0, 0x00, 0x0F, 0xFF, 0xFF, 0xF0, 0x00,
    0x0F, 0xFF, 0xFF, 0xFC, 0x00, 0x07, 0xFF, 0xFF, 0xFF, 0x00, 0x03, 0xFF, 0xFF, 0xFF, 0xC0, 0x03, 0xFF, 0xFF, 0xFF,
    0xF0, 0x01, 0xFF, 0xFF, 0xFF, 0xFC, 0x00, 0x7F, 0xFF, 0xFF, 0xFF, 0x00, 0x3F, 0xFF, 0xFF, 0x07, 0xC0, 0x1F, 0xFF,
    0xF0, 0x00, 0x00, 0x07, 0xFF, 0xF0, 0x00, 0x00, 0x03, 0xFF, 0xF0, 0x00, 0x00, 0x00, 0xFF, 0xF8, 0x00, 0x00, 0x00,
    0x7F, 0xFC, 0x00, 0x00, 0x00, 0x1F, 0xFE, 0x00, 0x00, 0x00, 0x0F, 0xFF, 0x80, 0x00, 0x00, 0x03, 0xFF, 0xC0, 0x00,
    0x00, 0x00, 0xFF, 0xF0, 0x00, 0x00, 0x00, 0x7F, 0xF8, 0x00, 0x00, 0x00, 0x1F, 0xFE, 0x00, 0x00, 0x00, 0x07, 0xFF,
    0x80, 0xFF, 0xE0, 0x01, 0xFF, 0xE1, 0xFF, 0xFF, 0x00, 0xFF, 0xF8, 0xFF, 0xFF, 0xE0, 0x3F, 0xFE, 0x7F, 0xFF, 0xFE,
    0x0F, 0xFF, 0x3F, 0xFF, 0xFF, 0xC3, 0xFF, 0xDF, 0xFF, 0xFF, 0xF0, 0xFF, 0xFF, 0xFF, 0xFF, 0xFE, 0x3F, 0xFF, 0xFF,
    0xFF, 0xFF, 0xCF, 0xFF, 0xFF, 0xFF, 0xFF, 0xF3, 0xFF, 0xFF, 0xFF, 0xFF, 0xFE, 0xFF, 0xFF, 0xE0, 0x7F, 0xFF, 0xBF,
    0xFF, 0xE0, 0x07, 0xFF, 0xEF, 0xFF, 0xF0, 0x00, 0xFF, 0xFF, 0xFF, 0xF8, 0x00, 0x1F, 0xFF, 0xFF, 0xFC, 0x00, 0x07,
    0xFF, 0xFF, 0xFF, 0x00, 0x01, 0xFF, 0xFF, 0xFF, 0x80, 0x00, 0x7F, 0xFF, 0xFF, 0xE0, 0x00, 0x0F, 0xFF, 0xFF, 0xF8,
    0x00, 0x03, 0xFF, 0xFF, 0xFE, 0x00, 0x00, 0xFF, 0xFF, 0xFF, 0x80, 0x00, 0x3F, 0xFF, 0xFF, 0xF0, 0x00, 0x1F, 0xFF,
    0x7F, 0xFC, 0x00, 0x07, 0xFF, 0xDF, 0xFF, 0x00, 0x01, 0xFF, 0xF7, 0xFF, 0xE0, 0x00, 0x7F, 0xFC, 0xFF, 0xF8, 0x00,
    0x3F, 0xFF, 0x3F, 0xFF, 0x00, 0x0F, 0xFF, 0x8F, 0xFF, 0xE0, 0x07, 0xFF, 0xE1, 0xFF, 0xFE, 0x07, 0xFF, 0xF0, 0x3F,
    0xFF, 0xFF, 0xFF, 0xFC, 0x0F, 0xFF, 0xFF, 0xFF, 0xFE, 0x01, 0xFF, 0xFF, 0xFF, 0xFF, 0x80, 0x3F, 0xFF, 0xFF, 0xFF,
    0xC0, 0x07, 0xFF, 0xFF, 0xFF, 0xE0, 0x00, 0xFF, 0xFF, 0xFF, 0xF0, 0x00, 0x1F, 0xFF, 0xFF, 0xF8, 0x00, 0x03, 0xFF,
    0xFF, 0xF8, 0x00, 0x00, 0x3F, 0xFF, 0xF8, 0x00, 0x00, 0x01, 0xFF, 0xF8, 0x00, 0x00, 0xFF, 0xFF, 0xFF, 0xFF, 0xFF,
    0xFF, 0xFF, 0xFF, 0xFF, 0xFF, 0xFF, 0xFF, 0xFF, 0xFF, 0xFF, 0xFF, 0xFF, 0xFF, 0xFF, 0xFF, 0xFF, 0xFF, 0xFF, 0xFF,
    0xFF, 0xFF, 0xFF, 0xFF, 0xFF, 0xFF, 0xFF, 0xFF, 0xFF, 0xFF, 0xFF, 0xFF, 0xFF, 0xFF, 0xFF, 0xFF, 0xFF, 0xFF, 0xFF,
    0xFF, 0xFF, 0xFF, 0xFF, 0xFF, 0xFF, 0xFF, 0xFF, 0xFF, 0xFF, 0xFF, 0xFF, 0xFF, 0xFF, 0xFF, 0xFF, 0x00, 0x00, 0x00,
    0x03, 0xFF, 0xE0, 0x00, 0x00, 0x00, 0xFF, 0xFC, 0x00, 0x00, 0x00, 0x1F, 0xFF, 0x00, 0x00, 0x00, 0x03, 0xFF, 0xE0,
    0x00, 0x00, 0x00, 0xFF, 0xF8, 0x00, 0x00, 0x00, 0x1F, 0xFF, 0x00, 0x00, 0x00, 0x07, 0xFF, 0xC0, 0x00, 0x00, 0x00,
    0xFF, 0xF8, 0x00, 0x00, 0x00, 0x3F, 0xFE, 0x00, 0x00, 0x00, 0x07, 0xFF, 0xC0, 0x00, 0x00, 0x01, 0xFF, 0xF8, 0x00,
    0x00, 0x00, 0x3F, 0xFE, 0x00, 0x00, 0x00, 0x0F, 0xFF, 0xC0, 0x00, 0x00, 0x01, 0xFF, 0xF0, 0x00, 0x00, 0x00, 0x7F,
    0xFE, 0x00, 0x00, 0x00, 0x0F, 0xFF, 0x80, 0x00, 0x00, 0x01, 0xFF, 0xF0, 0x00, 0x00, 0x00, 0x7F, 0xFC, 0x00, 0x00,
    0x00, 0x0F, 0xFF, 0x80, 0x00, 0x00, 0x03, 0xFF, 0xF0, 0x00, 0x00, 0x00, 0x7F, 0xFC, 0x00, 0x00, 0x00, 0x1F, 0xFF,
    0x80, 0x00, 0x00, 0x03, 0xFF, 0xE0, 0x00, 0x00, 0x00, 0xFF, 0xFC, 0x00, 0x00, 0x00, 0x1F, 0xFF, 0x00, 0x00, 0x00,
    0x07, 0xFF, 0xE0, 0x00, 0x00, 0x00, 0xFF, 0xF8, 0x00, 0x00, 0x00, 0x3F, 0xFF, 0x00, 0x00, 0x00, 0x07, 0xFF, 0xE0,
    0x00, 0x00, 0x01, 0xFF, 0xF8, 0x00, 0x00, 0x00, 0x3F, 0xFF, 0x00, 0x00, 0x00, 0x07, 0xFF, 0xC0, 0x00, 0x00, 0x01,
    0xFF, 0xF8, 0x00, 0x00, 0x00, 0x3F, 0xFE, 0x00, 0x00, 0x00, 0x0F, 0xFF, 0xC0, 0x00, 0x00, 0x01, 0xFF, 0xF0, 0x00,
    0x00, 0x00, 0x7F, 0xFE, 0x00, 0x00, 0x00, 0x0F, 0xFF, 0xC0, 0x00, 0x00, 0x03, 0xFF, 0xF0, 0x00, 0x00, 0x00, 0x7F,
    0xFE, 0x00, 0x00, 0x00, 0x1F, 0xFF, 0x80, 0x00, 0x00, 0x03, 0xFF, 0xF0, 0x00, 0x00, 0x00, 0xFF, 0xFC, 0x00, 0x00,
    0x00, 0x1F, 0xFF, 0x80, 0x00, 0x00, 0x03, 0xFF, 0xE0, 0x00, 0x00, 0x00, 0xFF, 0xFC, 0x00, 0x00, 0x00, 0x1F, 0xFF,
    0x80, 0x00, 0x00, 0x07, 0xFF, 0xE0, 0x00, 0x00, 0x00, 0xFF, 0xFC, 0x00, 0x00, 0x00, 0x00, 0x03, 0xFF, 0xF0, 0x00,
    0x00, 0x07, 0xFF, 0xFF, 0x80, 0x00, 0x07, 0xFF, 0xFF, 0xF8, 0x00, 0x07, 0xFF, 0xFF, 0xFF, 0x80, 0x03, 0xFF, 0xFF,
    0xFF, 0xF0, 0x01, 0xFF, 0xFF, 0xFF, 0xFE, 0x00, 0xFF, 0xFF, 0xFF, 0xFF, 0xC0, 0x7F, 0xFF, 0xFF, 0xFF, 0xF8, 0x1F,
    0xFF, 0xFF, 0xFF, 0xFE, 0x0F, 0xFF, 0xFF, 0xFF, 0xFF, 0xC3, 0xFF, 0xFC, 0x0F, 0xFF, 0xF0, 0xFF, 0xFC, 0x00, 0xFF,
    0xFC, 0x3F, 0xFE, 0x00, 0x1F, 0xFF, 0x0F, 0xFF, 0x80, 0x07, 0xFF, 0xC3, 0xFF, 0xC0, 0x00, 0xFF, 0xF0, 0xFF, 0xF0,
    0x00, 0x3F, 0xFC, 0x3F, 0xFC, 0x00, 0x0F, 0xFF, 0x0F, 0xFF, 0x80, 0x07, 0xFF, 0xC3, 0xFF, 0xE0, 0x01, 0xFF, 0xF0,
    0xFF, 0xFC, 0x00, 0xFF, 0xF8, 0x1F, 0xFF, 0x80, 0x7F, 0xFE, 0x07, 0xFF, 0xF0, 0x3F, 0xFF, 0x00, 0xFF, 0xFF, 0x1F,
    0xFF, 0xC0, 0x1F, 0xFF, 0xFF, 0xFF, 0xE0, 0x03, 0xFF, 0xFF, 0xFF, 0xF0, 0x00, 0xFF, 0xFF, 0xFF, 0xF8, 0x00, 0x0F,
    0xFF, 0xFF, 0xFC, 0x00, 0x01, 0xFF, 0xFF, 0xFC, 0x00, 0x00, 0x3F, 0xFF, 0xFE, 0x00, 0x00, 0x0F, 0xFF, 0xFF, 0x80,
    0x00, 0x07, 0xFF, 0xFF, 0xF8, 0x00, 0x07, 0xFF, 0xFF, 0xFF, 0x00, 0x03, 0xFF, 0xFF, 0xFF, 0xF0, 0x01, 0xFF, 0xFF,
    0xFF, 0xFE, 0x00, 0xFF, 0xFF, 0xFF, 0xFF, 0xC0, 0x7F, 0xFF, 0x8F, 0xFF, 0xF8, 0x3F, 0xFF, 0x80, 0xFF, 0xFF, 0x1F,
    0xFF, 0xC0, 0x1F, 0xFF, 0xC7, 0xFF, 0xE0, 0x03, 0xFF, 0xF9, 0xFF, 0xF0, 0x00, 0x7F, 0xFE, 0xFF, 0xF8, 0x00, 0x0F,
    0xFF, 0xFF, 0xFE, 0x00, 0x01, 0xFF, 0xFF, 0xFF, 0x80, 0x00, 0x7F, 0xFF, 0xFF, 0xC0, 0x00, 0x0F, 0xFF, 0xFF, 0xF0,
    0x00, 0x03, 0xFF, 0xFF, 0xFC, 0x00, 0x00, 0xFF, 0xFF, 0xFF, 0x80, 0x00, 0x7F, 0xFF, 0xFF, 0xE0, 0x00, 0x1F, 0xFF,
    0xFF, 0xFC, 0x00, 0x0F, 0xFF, 0xFF, 0xFF, 0x80, 0x07, 0xFF, 0xF7, 0xFF, 0xF8, 0x07, 0xFF, 0xF9, 0xFF, 0xFF, 0xFF,
    0xFF, 0xFE, 0x7F, 0xFF, 0xFF, 0xFF, 0xFF, 0x0F, 0xFF, 0xFF, 0xFF, 0xFF, 0xC1, 0xFF, 0xFF, 0xFF, 0xFF, 0xE0, 0x3F,
    0xFF, 0xFF, 0xFF, 0xF0, 0x07, 0xFF, 0xFF, 0xFF, 0xF8, 0x00, 0xFF, 0xFF, 0xFF, 0xFC, 0x00, 0x0F, 0xFF, 0xFF, 0xFC,
    0x00, 0x00, 0xFF, 0xFF, 0xFC, 0x00, 0x00, 0x07, 0xFF, 0xF8, 0x00, 0x00, 0x00, 0x07, 0xFF, 0xE0, 0x00, 0x00, 0x07,
    0xFF, 0xFF, 0x00, 0x00, 0x07, 0xFF, 0xFF, 0xF0, 0x00, 0x07, 0xFF, 0xFF, 0xFE, 0x00, 0x03, 0xFF, 0xFF, 0xFF, 0xC0,
    0x01, 0xFF, 0xFF, 0xFF, 0xF8, 0x00, 0xFF, 0xFF, 0xFF, 0xFF, 0x00, 0x7F, 0xFF, 0xFF, 0xFF, 0xE0, 0x1F, 0xFF, 0xFF,
    0xFF, 0xFC, 0x0F, 0xFF, 0xFF, 0xFF, 0xFF, 0x87, 0xFF, 0xF8, 0x1F, 0xFF, 0xE1, 0xFF, 0xF8, 0x01, 0xFF, 0xFC, 0x7F,
    0xFC, 0x00, 0x3F, 0xFF, 0x3F, 0xFF, 0x00, 0x07, 0xFF, 0xCF, 0xFF, 0x80, 0x01, 0xFF, 0xFB, 0xFF, 0xE0, 0x00, 0x3F,
    0xFE, 0xFF, 0xF8, 0x00, 0x0F, 0xFF, 0xBF, 0xFE, 0x00, 0x03, 0xFF, 0xFF, 0xFF, 0x00, 0x00, 0x7F, 0xFF, 0xFF, 0xC0,
    0x00, 0x1F, 0xFF, 0xFF, 0xF0, 0x00, 0x07, 0xFF, 0xFF, 0xFC, 0x00, 0x01, 0xFF, 0xFF, 0xFF, 0x80, 0x00, 0x7F, 0xFF,
    0xFF, 0xE0, 0x00, 0x3F, 0xFF, 0xFF, 0xF8, 0x00, 0x0F, 0xFF, 0xFF, 0xFF, 0x00, 0x07, 0xFF, 0xFF, 0xFF, 0xC0, 0x03,
    0xFF, 0xFD, 0xFF, 0xFC, 0x01, 0xFF, 0xFF, 0x7F, 0xFF, 0xC3, 0xFF, 0xFF, 0xDF, 0xFF, 0xFF, 0xFF, 0xFF, 0xF3, 0xFF,
    0xFF, 0xFF, 0xFF, 0xFC, 0xFF, 0xFF, 0xFF, 0xFF, 0xFF, 0x1F, 0xFF, 0xFF, 0xFB, 0xFF, 0xC3, 0xFF, 0xFF, 0xFE, 0xFF,
    0xF0, 0x7F, 0xFF, 0xFF, 0x3F, 0xFC, 0x0F, 0xFF, 0xFF, 0x9F, 0xFF, 0x01, 0xFF, 0xFF, 0xC7, 0xFF, 0x80, 0x1F, 0xFF,
    0xC1, 0xFF, 0xE0, 0x00, 0x7F, 0x80, 0x7F, 0xF8, 0x00, 0x00, 0x00, 0x1F, 0xFE, 0x00, 0x00, 0x00, 0x0F, 0xFF, 0x80,
    0x00, 0x00, 0x03, 0xFF, 0xC0, 0x00, 0x00, 0x01, 0xFF, 0xF0, 0x00, 0x00, 0x00, 0x7F, 0xFC, 0x00, 0x00, 0x00, 0x3F,
    0xFE, 0x00, 0x00, 0x00, 0x1F, 0xFF, 0x80, 0x00, 0x00, 0x0F, 0xFF, 0xC0, 0x00, 0x00, 0x07, 0xFF, 0xF0, 0x00, 0x00,
    0x07, 0xFF, 0xF8, 0x02, 0x00, 0x0F, 0xFF, 0xFE, 0x00, 0xFF, 0xFF, 0xFF, 0xFF, 0x00, 0x3F, 0xFF, 0xFF, 0xFF, 0x80,
    0x0F, 0xFF, 0xFF, 0xFF, 0xC0, 0x03, 0xFF, 0xFF, 0xFF, 0xE0, 0x00, 0xFF, 0xFF, 0xFF, 0xF0, 0x00, 0x3F, 0xFF, 0xFF,
    0xF8, 0x00, 0x0F, 0xFF, 0xFF, 0xF8, 0x00, 0x03, 0xFF, 0xFF, 0xF8, 0x00, 0x00, 0xFF, 0xFF, 0xF8, 0x00, 0x00, 0x3F,
    0xFF, 0xE0, 0x00, 0x00, 0x1F, 0xE0, 0xFF, 0xC7, 0xFF, 0xBF, 0xFF, 0xFF, 0xFF, 0xFF, 0xFF, 0xFF, 0xFF, 0xFF, 0xFF,
    0xFF, 0xFF, 0xFF, 0xFF, 0xDF, 0xFE, 0x3F, 0xF0, 0x7F, 0x80, 0x00, 0x00, 0x00, 0x00, 0x00, 0x00, 0x00, 0x00, 0x00,
    0x00, 0x00, 0x00, 0x00, 0x00, 0x00, 0x00, 0x00, 0x00, 0x00, 0x00, 0x00, 0x00, 0x00, 0x00, 0x00, 0x00, 0x00, 0x00,
    0x00, 0x00, 0x00, 0x00, 0x00, 0x7F, 0x83, 0xFF, 0x1F, 0xFE, 0xFF, 0xFF, 0xFF, 0xFF, 0xFF, 0xFF, 0xFF, 0xFF, 0xFF,
    0xFF, 0xFF, 0xFF, 0xFF, 0xFF, 0x7F, 0xF8, 0xFF, 0xC1, 0xFE, 0x00, 0x03, 0xFC, 0x03, 0xFF, 0x03, 0xFF, 0xC3, 0xFF,
    0xF1, 0xFF, 0xF8, 0xFF, 0xFC, 0x7F, 0xFE, 0x3F, 0xFF, 0x1F, 0xFF, 0x8F, 0xFF, 0xC7, 0xFF, 0xE1, 0xFF, 0xE0, 0x7F,
    0xE0, 0x1F, 0xE0, 0x00, 0x00, 0x00, 0x00, 0x00, 0x00, 0x00, 0x00, 0x00, 0x00, 0x00, 0x00, 0x00, 0x00, 0x00, 0x00,
    0x00, 0x00, 0x00, 0x00, 0x00, 0x00, 0x00, 0x00, 0x00, 0x00, 0x00, 0x00, 0x00, 0x00, 0x00, 0x00, 0x00, 0x00, 0x00,
    0x00, 0x00, 0x00, 0x00, 0x00, 0x00, 0x00, 0x00, 0x00, 0x00, 0x00, 0x00, 0x00, 0x00, 0x7F, 0xFC, 0x3F, 0xFE, 0x1F,
    0xFF, 0x0F, 0xFF, 0x07, 0xFF, 0x83, 0xFF, 0xC3, 0xFF, 0xC1, 0xFF, 0xE0, 0xFF, 0xF0, 0x7F, 0xF0, 0x3F, 0xF8, 0x3F,
    0xFC, 0x1F, 0xFC, 0x0F, 0xFE, 0x07, 0xFE, 0x07, 0xFF, 0x03, 0xFF, 0x81, 0xFF, 0x80, 0xFF, 0xC0, 0x7F, 0xC0, 0x00,
    0x00, 0x00, 0x00, 0x00, 0x01, 0x80, 0x00, 0x00, 0x00, 0x03, 0xC0, 0x00, 0x00, 0x00, 0x07, 0xE0, 0x00, 0x00, 0x00,
    0x0F, 0xF0, 0x00, 0x00, 0x00, 0x1F, 0xF8, 0x00, 0x00, 0x00, 0x3F, 0xFC, 0x00, 0x00, 0x00, 0x7F, 0xFE, 0x00, 0x00,
    0x00, 0xFF, 0xFF, 0x00, 0x00, 0x01, 0xFF, 0xFF, 0x80, 0x00, 0x03, 0xFF, 0xFF, 0xC0, 0x00, 0x07, 0xFF, 0xFF, 0xC0,
    0x00, 0x0F, 0xFF, 0xFF, 0x80, 0x00, 0x1F, 0xFF, 0xFF, 0x00, 0x00, 0x3F, 0xFF, 0xFE, 0x00, 0x00, 0x7F, 0xFF, 0xFC,
    0x00, 0x00, 0xFF, 0xFF, 0xF0, 0x00, 0x01, 0xFF, 0xFF, 0xE0, 0x00, 0x03, 0xFF, 0xFF, 0xC0, 0x00, 0x07, 0xFF, 0xFF,
    0x80, 0x00, 0x0F, 0xFF, 0xFF, 0x00, 0x00, 0x0F, 0xFF, 0xFC, 0x00, 0x00, 0x07, 0xFF, 0xF8, 0x00, 0x00, 0x03, 0xFF,
    0xF0, 0x00, 0x00, 0x01, 0xFF, 0xFC, 0x00, 0x00, 0x00, 0xFF, 0xFF, 0xC0, 0x00, 0x00, 0x7F, 0xFF, 0xF8, 0x00, 0x00,
    0x3F, 0xFF, 0xFF, 0x80, 0x00, 0x07, 0xFF, 0xFF, 0xF0, 0x00, 0x00, 0x7F, 0xFF, 0xFF, 0x00, 0x00, 0x0F, 0xFF, 0xFF,
    0xE0, 0x00, 0x01, 0xFF, 0xFF, 0xFE, 0x00, 0x00, 0x3F, 0xFF, 0xFF, 0xC0, 0x00, 0x03, 0xFF, 0xFF, 0xF8, 0x00, 0x00,
    0x7F, 0xFF, 0xFF, 0x80, 0x00, 0x0F, 0xFF, 0xFF, 0xE0, 0x00, 0x00, 0xFF, 0xFF, 0xF0, 0x00, 0x00, 0x1F, 0xFF, 0xF8,
    0x00, 0x00, 0x03, 0xFF, 0xFC, 0x00, 0x00, 0x00, 0x7F, 0xFE, 0x00, 0x00, 0x00, 0x07, 0xFF, 0x00, 0x00, 0x00, 0x00,
    0xFF, 0x80, 0x00, 0x00, 0x00, 0x1F, 0xC0, 0x00, 0x00, 0x00, 0x01, 0xE0, 0x00, 0x00, 0x00, 0x00, 0x30, 0xFF, 0xFF,
    0xFF, 0xFF, 0xFF, 0xFF, 0xFF, 0xFF, 0xFF, 0xFF, 0xFF, 0xFF, 0xFF, 0xFF, 0xFF, 0xFF, 0xFF, 0xFF, 0xFF, 0xFF, 0xFF,
    0xFF, 0xFF, 0xFF, 0xFF, 0xFF, 0xFF, 0xFF, 0xFF, 0xFF, 0xFF, 0xFF, 0xFF, 0xFF, 0xFF, 0xFF, 0xFF, 0xFF, 0xFF, 0xFF,
    0xFF, 0xFF, 0xFF, 0xFF, 0xFF, 0x00, 0x00, 0x00, 0x00, 0x00, 0x00, 0x00, 0x00, 0x00, 0x00, 0x00, 0x00, 0x00, 0x00,
    0x00, 0x00, 0x00, 0x00, 0x00, 0x00, 0x00, 0x00, 0x00, 0x00, 0x00, 0x00, 0x00, 0x00, 0x00, 0x00, 0x00, 0x00, 0x00,
    0x00, 0x00, 0xFF, 0xFF, 0xFF, 0xFF, 0xFF, 0xFF, 0xFF, 0xFF, 0xFF, 0xFF, 0xFF, 0xFF, 0xFF, 0xFF, 0xFF, 0xFF, 0xFF,
    0xFF, 0xFF, 0xFF, 0xFF, 0xFF, 0xFF, 0xFF, 0xFF, 0xFF, 0xFF, 0xFF, 0xFF, 0xFF, 0xFF, 0xFF, 0xFF, 0xFF, 0xFF, 0xFF,
    0xFF, 0xFF, 0xFF, 0xFF, 0xFF, 0xFF, 0xFF, 0xFF, 0xFF, 0x80, 0x00, 0x00, 0x00, 0x00, 0x70, 0x00, 0x00, 0x00, 0x00,
    0x3E, 0x00, 0x00, 0x00, 0x00, 0x1F, 0xC0, 0x00, 0x00, 0x00, 0x0F, 0xF8, 0x00, 0x00, 0x00, 0x07, 0xFF, 0x00, 0x00,
    0x00, 0x03, 0xFF, 0xE0, 0x00, 0x00, 0x01, 0xFF, 0xFC, 0x00, 0x00, 0x00, 0xFF, 0xFF, 0x80, 0x00, 0x00, 0x7F, 0xFF,
    0xF0, 0x00, 0x00, 0x3F, 0xFF, 0xFE, 0x00, 0x00, 0x07, 0xFF, 0xFF, 0xC0, 0x00, 0x00, 0x7F, 0xFF, 0xFC, 0x00, 0x00,
    0x0F, 0xFF, 0xFF, 0x80, 0x00, 0x01, 0xFF, 0xFF, 0xF0, 0x00, 0x00, 0x3F, 0xFF, 0xFE, 0x00, 0x00, 0x07, 0xFF, 0xFF,
    0xC0, 0x00, 0x00, 0x7F, 0xFF, 0xF8, 0x00, 0x00, 0x0F, 0xFF, 0xFF, 0x00, 0x00, 0x01, 0xFF, 0xFF, 0xE0, 0x00, 0x00,
    0x3F, 0xFF, 0xF8, 0x00, 0x00, 0x07, 0xFF, 0xFC, 0x00, 0x00, 0x00, 0xFF, 0xFE, 0x00, 0x00, 0x00, 0xFF, 0xFF, 0x00,
    0x00, 0x01, 0xFF, 0xFF, 0x80, 0x00, 0x07, 0xFF, 0xFF, 0xC0, 0x00, 0x0F, 0xFF, 0xFF, 0xC0, 0x00, 0x3F, 0xFF, 0xFF,
    0x80, 0x00, 0x7F, 0xFF, 0xFF, 0x00, 0x01, 0xFF, 0xFF, 0xFE, 0x00, 0x03, 0xFF, 0xFF, 0xF8, 0x00, 0x07, 0xFF, 0xFF,
    0xF0, 0x00, 0x1F, 0xFF, 0xFF, 0xE0, 0x00, 0x3F, 0xFF, 0xFF, 0x80, 0x00, 0x3F, 0xFF, 0xFF, 0x00, 0x00, 0x1F, 0xFF,
    0xFE, 0x00, 0x00, 0x0F, 0xFF, 0xFC, 0x00, 0x00, 0x07, 0xFF, 0xF0, 0x00, 0x00, 0x03, 0xFF, 0xE0, 0x00, 0x00, 0x01,
    0xFF, 0xC0, 0x00, 0x00, 0x00, 0xFF, 0x00, 0x00, 0x00, 0x00, 0x7E, 0x00, 0x00, 0x00, 0x00, 0x3C, 0x00, 0x00, 0x00,
    0x00, 0x18, 0x00, 0x00, 0x00, 0x00, 0x00, 0x00, 0x03, 0xFF, 0x80, 0x00, 0x01, 0xFF, 0xFF, 0xE0, 0x00, 0x3F, 0xFF,
    0xFF, 0xE0, 0x07, 0xFF, 0xFF, 0xFF, 0xE0, 0x7F, 0xFF, 0xFF, 0xFF, 0xC3, 0xFF, 0xFF, 0xFF, 0xFF, 0x87, 0xFF, 0xFF,
    0xFF, 0xFF, 0x1F, 0xFF, 0xFF, 0xFF, 0xFC, 0x3F, 0xFF, 0xFF, 0xFF, 0xF8, 0xFF, 0xFF, 0xFF, 0xFF, 0xE1, 0xFF, 0xF0,
    0x7F, 0xFF, 0xC7, 0xFC, 0x00, 0x3F, 0xFF, 0x0F, 0x80, 0x00, 0x7F, 0xFC, 0x38, 0x00, 0x01, 0xFF, 0xF0, 0x00, 0x00,
    0x03, 0xFF, 0xC0, 0x00, 0x00, 0x0F, 0xFF, 0x00, 0x00, 0x00, 0x3F, 0xFC, 0x00, 0x00, 0x01, 0xFF, 0xF0, 0x00, 0x00,
    0x07, 0xFF, 0xC0, 0x00, 0x00, 0x3F, 0xFF, 0x00, 0x00, 0x00, 0xFF, 0xF8, 0x00, 0x00, 0x07, 0xFF, 0xE0, 0x00, 0x00,
    0x7F, 0xFF, 0x80, 0x00, 0x03, 0xFF, 0xFC, 0x00, 0x00, 0x1F, 0xFF, 0xE0, 0x00, 0x00, 0xFF, 0xFF, 0x00, 0x00, 0x0F,
    0xFF, 0xF8, 0x00, 0x00, 0x7F, 0xFF, 0xC0, 0x00, 0x03, 0xFF, 0xFE, 0x00, 0x00, 0x0F, 0xFF, 0xF0, 0x00, 0x00, 0x7F,
    0xFF, 0x80, 0x00, 0x01, 0xFF, 0xF8, 0x00, 0x00, 0x0F, 0xFF, 0xC0, 0x00, 0x00, 0x3F, 0xFE, 0x00, 0x00, 0x00, 0xFF,
    0xF0, 0x00, 0x00, 0x03, 0xFF, 0x80, 0x00, 0x00, 0x0F, 0xFE, 0x00, 0x00, 0x00, 0x3F, 0xF0, 0x00, 0x00, 0x00, 0xFF,
    0xC0, 0x00, 0x00, 0x03, 0xFF, 0x00, 0x00, 0x00, 0x0F, 0xFC, 0x00, 0x00, 0x00, 0x00, 0x00, 0x00, 0x00, 0x00, 0x00,
    0x00, 0x00, 0x00, 0x00, 0x00, 0x00, 0x00, 0x00, 0x00, 0x00, 0x00, 0x00, 0x00, 0x00, 0x00, 0x00, 0x00, 0x00, 0x00,
    0x00, 0x00, 0x00, 0x01, 0xFE, 0x00, 0x00, 0x00, 0x0F, 0xFC, 0x00, 0x00, 0x00, 0x7F, 0xF8, 0x00, 0x00, 0x03, 0xFF,
    0xF0, 0x00, 0x00, 0x0F, 0xFF, 0xC0, 0x00, 0x00, 0x3F, 0xFF, 0x00, 0x00, 0x00, 0xFF, 0xFC, 0x00, 0x00, 0x03, 0xFF,
    0xF0, 0x00, 0x00, 0x0F, 0xFF, 0xC0, 0x00, 0x00, 0x3F, 0xFF, 0x00, 0x00, 0x00, 0xFF, 0xFC, 0x00, 0x00, 0x01, 0xFF,
    0xE0, 0x00, 0x00, 0x03, 0xFF, 0x00, 0x00, 0x00, 0x07, 0xF8, 0x00, 0x00, 0x00, 0x00, 0x00, 0x1F, 0xFF, 0xF0, 0x00,
    0x00, 0x00, 0x00, 0x00, 0x3F, 0xFF, 0xFF, 0xE0, 0x00, 0x00, 0x00, 0x00, 0x3F, 0xFF, 0xFF, 0xFF, 0x80, 0x00, 0x00,
    0x00, 0x1F, 0xFF, 0xFF, 0xFF, 0xFC, 0x00, 0x00, 0x00, 0x0F, 0xFF, 0xFF, 0xFF, 0xFF, 0xC0, 0x00, 0x00, 0x03, 0xFF,
    0xFF, 0xFF, 0xFF, 0xFE, 0x00, 0x00, 0x01, 0xFF, 0xFF, 0xFF, 0xFF, 0xFF, 0xE0, 0x00, 0x00, 0x7F, 0xFF, 0xFF, 0xFF,
    0xFF, 0xFF, 0x00, 0x00, 0x1F, 0xFF, 0xFF, 0x81, 0xFF, 0xFF, 0xF0, 0x00, 0x07, 0xFF, 0xFC, 0x00, 0x01, 0xFF, 0xFE,
    0x00, 0x01, 0xFF, 0xFC, 0x00, 0x00, 0x07, 0xFF, 0xE0, 0x00, 0x7F, 0xFE, 0x00, 0x00, 0x00, 0x3F, 0xFE, 0x00, 0x1F,
    0xFF, 0x00, 0x00, 0x00, 0x03, 0xFF, 0xE0, 0x07, 0xFF, 0xC0, 0x00, 0x00, 0x00, 0x3F, 0xFC, 0x00, 0xFF, 0xF0, 0x00,
    0x00, 0x00, 0x03, 0xFF, 0xC0, 0x3F, 0xFC, 0x00, 0x3F, 0xFF, 0x80, 0x3F, 0xF8, 0x0F, 0xFF, 0x00, 0x3F, 0xFF, 0xFF,
    0x03, 0xFF, 0x81, 0xFF, 0xC0, 0x1F, 0xFF, 0xFF, 0xF0, 0x3F, 0xF0, 0x7F, 0xF0, 0x07, 0xFF, 0xFF, 0xFE, 0x07, 0xFF,
    0x0F, 0xFC, 0x01, 0xFF, 0xFF, 0xFF, 0xC0, 0x7F, 0xE3, 0xFF, 0x80, 0xFF, 0xFF, 0xFF, 0xF8, 0x0F, 0xFC, 0x7F, 0xE0,
    0x1F, 0xFF, 0xFF, 0xFF, 0x01, 0xFF, 0xCF, 0xFC, 0x07, 0xFF, 0xF1, 0xFF, 0xE0, 0x1F, 0xFB, 0xFF, 0x01, 0xFF, 0xF0,
    0x0F, 0xFC, 0x03, 0xFF, 0x7F, 0xE0, 0x3F, 0xFC, 0x01, 0xFF, 0x80, 0x7F, 0xEF, 0xFC, 0x0F, 0xFF, 0x00, 0x3F, 0xF0,
    0x0F, 0xFD, 0xFF, 0x01, 0xFF, 0xC0, 0x07, 0xFE, 0x01, 0xFF, 0xFF, 0xE0, 0x3F, 0xF8, 0x00, 0xFF, 0xC0, 0x1F, 0xFF,
    0xFC, 0x0F, 0xFE, 0x00, 0x1F, 0xF8, 0x03, 0xFF, 0xFF, 0x81, 0xFF, 0xC0, 0x03, 0xFF, 0x00, 0x7F, 0xFF, 0xF0, 0x3F,
    0xF8, 0x00, 0x7F, 0xE0, 0x0F, 0xFF, 0xFE, 0x07, 0xFF, 0x00, 0x0F, 0xFC, 0x01, 0xFF, 0xFF, 0x80, 0xFF, 0xC0, 0x01,
    0xFF, 0x80, 0x7F, 0xFF, 0xF0, 0x1F, 0xF8, 0x00, 0x3F, 0xF0, 0x0F, 0xFF, 0xFE, 0x03, 0xFF, 0x00, 0x0F, 0xFE, 0x01,
    0xFF, 0xFF, 0xC0, 0x7F, 0xE0, 0x01, 0xFF, 0xC0, 0x3F, 0xFF, 0xF8, 0x0F, 0xFE, 0x00, 0x3F, 0xF8, 0x07, 0xFD, 0xFF,
    0x01, 0xFF, 0xC0, 0x07, 0xFF, 0x00, 0xFF, 0xBF, 0xF0, 0x3F, 0xF8, 0x00, 0xFF, 0xE0, 0x3F, 0xF7, 0xFE, 0x07, 0xFF,
    0x00, 0x3F, 0xFC, 0x07, 0xFC, 0xFF, 0xC0, 0x7F, 0xF0, 0x07, 0xFF, 0xC1, 0xFF, 0x9F, 0xF8, 0x0F, 0xFF, 0x01, 0xFF,
    0xF8, 0x3F, 0xF3, 0xFF, 0x01, 0xFF, 0xF9, 0xFF, 0xFF, 0x9F, 0xFC, 0x7F, 0xE0, 0x1F, 0xFF, 0xFF, 0xFF, 0xFF, 0xFF,
    0x07, 0xFE, 0x03, 0xFF, 0xFF, 0xFF, 0xFF, 0xFF, 0xE0, 0xFF, 0xC0, 0x3F, 0xFF, 0xFF, 0x7F, 0xFF, 0xF8, 0x1F, 0xFC,
    0x03, 0xFF, 0xFF, 0xC7, 0xFF, 0xFE, 0x01, 0xFF, 0x80, 0x3F, 0xFF, 0xF0, 0x7F, 0xFF, 0x80, 0x3F, 0xF8, 0x01, 0xFF,
    0xF8, 0x07, 0xFF, 0xC0, 0x07, 0xFF, 0x00, 0x0F, 0xFC, 0x00, 0x3F, 0xE0, 0x00, 0x7F, 0xF0, 0x00, 0x00, 0x00, 0x00,
    0x00, 0x00, 0x0F, 0xFF, 0x00, 0x00, 0x00, 0x00, 0x00, 0x00, 0x00, 0xFF, 0xF0, 0x00, 0x00, 0x00, 0x00, 0x00, 0x00,
    0x0F, 0xFF, 0x00, 0x00, 0x00, 0x00, 0x00, 0x00, 0x01, 0xFF, 0xF8, 0x00, 0x00, 0x00, 0x0C, 0x00, 0x00, 0x1F, 0xFF,
    0xC0, 0x00, 0x00, 0x0F, 0x80, 0x00, 0x01, 0xFF, 0xFF, 0x00, 0x00, 0x1F, 0xF0, 0x00, 0x00, 0x1F, 0xFF, 0xFF, 0x01,
    0xFF, 0xFE, 0x00, 0x00, 0x01, 0xFF, 0xFF, 0xFF, 0xFF, 0xFF, 0xC0, 0x00, 0x00, 0x1F, 0xFF, 0xFF, 0xFF, 0xFF, 0xF8,
    0x00, 0x00, 0x01, 0xFF, 0xFF, 0xFF, 0xFF, 0xFF, 0x00, 0x00, 0x00, 0x0F, 0xFF, 0xFF, 0xFF, 0xFF, 0xE0, 0x00, 0x00,
    0x00, 0x7F, 0xFF, 0xFF, 0xFF, 0xFC, 0x00, 0x00, 0x00, 0x03, 0xFF, 0xFF, 0xFF, 0xFE, 0x00, 0x00, 0x00, 0x00, 0x0F,
    0xFF, 0xFF, 0xFE, 0x00, 0x00, 0x00, 0x00, 0x00, 0x3F, 0xFF, 0xF8, 0x00, 0x00, 0x00, 0x00, 0x00, 0x07, 0xFF, 0xF8,
    0x00, 0x00, 0x00, 0x00, 0x03, 0xFF, 0xFE, 0x00, 0x00, 0x00, 0x00, 0x00, 0xFF, 0xFF, 0xC0, 0x00, 0x00, 0x00, 0x00,
    0x7F, 0xFF, 0xF0, 0x00, 0x00, 0x00, 0x00, 0x1F, 0xFF, 0xFC, 0x00, 0x00, 0x00, 0x00, 0x07, 0xFF, 0xFF, 0x80, 0x00,
    0x00, 0x00, 0x03, 0xFF, 0xFF, 0xE0, 0x00, 0x00, 0x00, 0x00, 0xFF, 0xFF, 0xF8, 0x00, 0x00, 0x00, 0x00, 0x3F, 0xFF,
    0xFF, 0x00, 0x00, 0x00, 0x00, 0x1F, 0xFF, 0xFF, 0xC0, 0x00, 0x00, 0x00, 0x07, 0xFF, 0xFF, 0xF8, 0x00, 0x00, 0x00,
    0x01, 0xFF, 0xFF, 0xFE, 0x00, 0x00, 0x00, 0x00, 0xFF, 0xF7, 0xFF, 0x80, 0x00, 0x00, 0x00, 0x3F, 0xFD, 0xFF, 0xF0,
    0x00, 0x00, 0x00, 0x0F, 0xFF, 0x3F, 0xFC, 0x00, 0x00, 0x00, 0x07, 0xFF, 0xCF, 0xFF, 0x00, 0x00, 0x00, 0x01, 0xFF,
    0xE3, 0xFF, 0xE0, 0x00, 0x00, 0x00, 0x7F, 0xF8, 0x7F, 0xF8, 0x00, 0x00, 0x00, 0x3F, 0xFE, 0x1F, 0xFE, 0x00, 0x00,
    0x00, 0x0F, 0xFF, 0x87, 0xFF, 0xC0, 0x00, 0x00, 0x03, 0xFF, 0xC1, 0xFF, 0xF0, 0x00, 0x00, 0x01, 0xFF, 0xF0, 0x3F,
    0xFC, 0x00, 0x00, 0x00, 0x7F, 0xFC, 0x0F, 0xFF, 0x80, 0x00, 0x00, 0x3F, 0xFF, 0x03, 0xFF, 0xE0, 0x00, 0x00, 0x0F,
    0xFF, 0x80, 0x7F, 0xF8, 0x00, 0x00, 0x03, 0xFF, 0xE0, 0x1F, 0xFF, 0x00, 0x00, 0x01, 0xFF, 0xF8, 0x07, 0xFF, 0xC0,
    0x00, 0x00, 0x7F, 0xFC, 0x00, 0xFF, 0xF8, 0x00, 0x00, 0x1F, 0xFF, 0x00, 0x3F, 0xFE, 0x00, 0x00, 0x0F, 0xFF, 0xC0,
    0x0F, 0xFF, 0x80, 0x00, 0x03, 0xFF, 0xE0, 0x01, 0xFF, 0xF0, 0x00, 0x00, 0xFF, 0xF8, 0x00, 0x7F, 0xFC, 0x00, 0x00,
    0x7F, 0xFE, 0x00, 0x1F, 0xFF, 0x00, 0x00, 0x1F, 0xFF, 0x00, 0x03, 0xFF, 0xE0, 0x00, 0x07, 0xFF, 0xC0, 0x00, 0xFF,
    0xF8, 0x00, 0x03, 0xFF, 0xFF, 0xFF, 0xFF, 0xFE, 0x00, 0x00, 0xFF, 0xFF, 0xFF, 0xFF, 0xFF, 0xC0, 0x00, 0x3F, 0xFF,
    0xFF, 0xFF, 0xFF, 0xF0, 0x00, 0x1F, 0xFF, 0xFF, 0xFF, 0xFF, 0xFC, 0x00, 0x07, 0xFF, 0xFF, 0xFF, 0xFF, 0xFF, 0x80,
    0x03, 0xFF, 0xFF, 0xFF, 0xFF, 0xFF, 0xE0, 0x00, 0xFF, 0xFF, 0xFF, 0xFF, 0xFF, 0xF8, 0x00, 0x3F, 0xFF, 0xFF, 0xFF,
    0xFF, 0xFF, 0x00, 0x1F, 0xFF, 0xFF, 0xFF, 0xFF, 0xFF, 0xC0, 0x07, 0xFF, 0xFF, 0xFF, 0xFF, 0xFF, 0xF8, 0x01, 0xFF,
    0xFF, 0xFF, 0xFF, 0xFF, 0xFE, 0x00, 0xFF, 0xFE, 0x00, 0x00, 0x1F, 0xFF, 0x80, 0x3F, 0xFF, 0x00, 0x00, 0x07, 0xFF,
    0xF0, 0x0F, 0xFF, 0xC0, 0x00, 0x00, 0xFF, 0xFC, 0x07, 0xFF, 0xF0, 0x00, 0x00, 0x3F, 0xFF, 0x01, 0xFF, 0xF8, 0x00,
    0x00, 0x0F, 0xFF, 0xE0, 0x7F, 0xFE, 0x00, 0x00, 0x01, 0xFF, 0xF8, 0x3F, 0xFF, 0x80, 0x00, 0x00, 0x7F, 0xFE, 0x0F,
    0xFF, 0xC0, 0x00, 0x00, 0x1F, 0xFF, 0xC3, 0xFF, 0xF0, 0x00, 0x00, 0x03, 0xFF, 0xF1, 0xFF, 0xFC, 0x00, 0x00, 0x00,
    0xFF, 0xFC, 0x7F, 0xFE, 0x00, 0x00, 0x00, 0x3F, 0xFF, 0xBF, 0xFF, 0x80, 0x00, 0x00, 0x07, 0xFF, 0xEF, 0xFF, 0xE0,
    0x00, 0x00, 0x01, 0xFF, 0xFF, 0xFF, 0xF0, 0x00, 0x00, 0x00, 0x7F, 0xFF, 0xFF, 0xFF, 0xFF, 0xFC, 0x00, 0x0F, 0xFF,
    0xFF, 0xFF, 0xFC, 0x00, 0xFF, 0xFF, 0xFF, 0xFF, 0xF0, 0x0F, 0xFF, 0xFF, 0xFF, 0xFF, 0xC0, 0xFF, 0xFF, 0xFF, 0xFF,
    0xFE, 0x0F, 0xFF, 0xFF, 0xFF, 0xFF, 0xF0, 0xFF, 0xFF, 0xFF, 0xFF, 0xFF, 0x8F, 0xFF, 0xFF, 0xFF, 0xFF, 0xF8, 0xFF,
    0xFF, 0xFF, 0xFF, 0xFF, 0xCF, 0xFF, 0xFF, 0xFF, 0xFF, 0xFC, 0xFF, 0xF8, 0x00, 0x7F, 0xFF, 0xEF, 0xFF, 0x80, 0x01,
    0xFF, 0xFE, 0xFF, 0xF8, 0x00, 0x0F, 0xFF, 0xEF, 0xFF, 0x80, 0x00, 0x7F, 0xFE, 0xFF, 0xF8, 0x00, 0x07, 0xFF, 0xEF,
    0xFF, 0x80, 0x00, 0x3F, 0xFE, 0xFF, 0xF8, 0x00, 0x03, 0xFF, 0xEF, 0xFF, 0x80, 0x00, 0x3F, 0xFE, 0xFF, 0xF8, 0x00,
    0x07, 0xFF, 0xEF, 0xFF, 0x80, 0x00, 0x7F, 0xFC, 0xFF, 0xF8, 0x00, 0x0F, 0xFF, 0xCF, 0xFF, 0x80, 0x01, 0xFF, 0xFC,
    0xFF, 0xF8, 0x00, 0x7F, 0xFF, 0x8F, 0xFF, 0xFF, 0xFF, 0xFF, 0xF0, 0xFF, 0xFF, 0xFF, 0xFF, 0xFE, 0x0F, 0xFF, 0xFF,
    0xFF, 0xFF, 0xC0, 0xFF, 0xFF, 0xFF, 0xFF, 0xF8, 0x0F, 0xFF, 0xFF, 0xFF, 0xFC, 0x00, 0xFF, 0xFF, 0xFF, 0xFF, 0xF0,
    0x0F, 0xFF, 0xFF, 0xFF, 0xFF, 0xC0, 0xFF, 0xFF, 0xFF, 0xFF, 0xFF, 0x0F, 0xFF, 0xFF, 0xFF, 0xFF, 0xF8, 0xFF, 0xFF,
    0xFF, 0xFF, 0xFF, 0xCF, 0xFF, 0x80, 0x1F, 0xFF, 0xFC, 0xFF, 0xF8, 0x00, 0x1F, 0xFF, 0xEF, 0xFF, 0x80, 0x00, 0x7F,
    0xFE, 0xFF, 0xF8, 0x00, 0x07, 0xFF, 0xFF, 0xFF, 0x80, 0x00, 0x3F, 0xFF, 0xFF, 0xF8, 0x00, 0x03, 0xFF, 0xFF, 0xFF,
    0x80, 0x00, 0x1F, 0xFF, 0xFF, 0xF8, 0x00, 0x01, 0xFF, 0xFF, 0xFF, 0x80, 0x00, 0x1F, 0xFF, 0xFF, 0xF8, 0x00, 0x01,
    0xFF, 0xFF, 0xFF, 0x80, 0x00, 0x1F, 0xFF, 0xFF, 0xF8, 0x00, 0x03, 0xFF, 0xFF, 0xFF, 0x80, 0x00, 0x3F, 0xFF, 0xFF,
    0xF8, 0x00, 0x07, 0xFF, 0xFF, 0xFF, 0x80, 0x00, 0xFF, 0xFE, 0xFF, 0xF8, 0x00, 0x3F, 0xFF, 0xEF, 0xFF, 0xFF, 0xFF,
    0xFF, 0xFE, 0xFF, 0xFF, 0xFF, 0xFF, 0xFF, 0xCF, 0xFF, 0xFF, 0xFF, 0xFF, 0xF8, 0xFF, 0xFF, 0xFF, 0xFF, 0xFF, 0x8F,
    0xFF, 0xFF, 0xFF, 0xFF, 0xF0, 0xFF, 0xFF, 0xFF, 0xFF, 0xFE, 0x0F, 0xFF, 0xFF, 0xFF, 0xFF, 0x80, 0xFF, 0xFF, 0xFF,
    0xFF, 0xF0, 0x0F, 0xFF, 0xFF, 0xFF, 0xF8, 0x00, 0xFF, 0xFF, 0xFF, 0xFC, 0x00, 0x00, 0x00, 0x00, 0x07, 0xFF, 0xF8,
    0x00, 0x00, 0x00, 0xFF, 0xFF, 0xFF, 0x00, 0x00, 0x07, 0xFF, 0xFF, 0xFF, 0xC0, 0x00, 0x3F, 0xFF, 0xFF, 0xFF, 0xE0,
    0x00, 0xFF, 0xFF, 0xFF, 0xFF, 0xE0, 0x07, 0xFF, 0xFF, 0xFF, 0xFF, 0x80, 0x1F, 0xFF, 0xFF, 0xFF, 0xFF, 0x00, 0x7F,
    0xFF, 0xFF, 0xFF, 0xFC, 0x01, 0xFF, 0xFF, 0xFF, 0xFF, 0xF8, 0x07, 0xFF, 0xFF, 0xFF, 0xFF, 0xF0, 0x1F, 0xFF, 0xFF,
    0xFF, 0xFF, 0xC0, 0x3F, 0xFF, 0xFE, 0x0F, 0xFF, 0x80, 0xFF, 0xFF, 0xC0, 0x00, 0xFE, 0x01, 0xFF, 0xFF, 0x00, 0x00,
    0x3C, 0x07, 0xFF, 0xF8, 0x00, 0x00, 0x00, 0x0F, 0xFF, 0xE0, 0x00, 0x00, 0x00, 0x3F, 0xFF, 0x80, 0x00, 0x00, 0x00,
    0x7F, 0xFE, 0x00, 0x00, 0x00, 0x01, 0xFF, 0xFC, 0x00, 0x00, 0x00, 0x03, 0xFF, 0xF0, 0x00, 0x00, 0x00, 0x07, 0xFF,
    0xE0, 0x00, 0x00, 0x00, 0x0F, 0xFF, 0xC0, 0x00, 0x00, 0x00, 0x3F, 0xFF, 0x00, 0x00, 0x00, 0x00, 0x7F, 0xFE, 0x00,
    0x00, 0x00, 0x00, 0xFF, 0xFC, 0x00, 0x00, 0x00, 0x01, 0xFF, 0xF8, 0x00, 0x00, 0x00, 0x03, 0xFF, 0xE0, 0x00, 0x00,
    0x00, 0x07, 0xFF, 0xC0, 0x00, 0x00, 0x00, 0x0F, 0xFF, 0x80, 0x00, 0x00, 0x00, 0x1F, 0xFF, 0x00, 0x00, 0x00, 0x00,
    0x3F, 0xFE, 0x00, 0x00, 0x00, 0x00, 0x7F, 0xFC, 0x00, 0x00, 0x00, 0x00, 0xFF, 0xF8, 0x00, 0x00, 0x00, 0x01, 0xFF,
    0xF0, 0x00, 0x00, 0x00, 0x03, 0xFF, 0xE0, 0x00, 0x00, 0x00, 0x07, 0xFF, 0xE0, 0x00, 0x00, 0x00, 0x0F, 0xFF, 0xC0,
    0x00, 0x00, 0x00, 0x1F, 0xFF, 0x80, 0x00, 0x00, 0x00, 0x3F, 0xFF, 0x00, 0x00, 0x00, 0x00, 0x7F, 0xFE, 0x00, 0x00,
    0x00, 0x00, 0x7F, 0xFE, 0x00, 0x00, 0x00, 0x00, 0xFF, 0xFC, 0x00, 0x00, 0x00, 0x01, 0xFF, 0xFC, 0x00, 0x00, 0x00,
    0x03, 0xFF, 0xF8, 0x00, 0x00, 0x00, 0x03, 0xFF, 0xF8, 0x00, 0x00, 0x00, 0x07, 0xFF, 0xF8, 0x00, 0x00, 0x00, 0x07,
    0xFF, 0xF8, 0x00, 0x00, 0x00, 0x0F, 0xFF, 0xF8, 0x00, 0x00, 0x38, 0x0F, 0xFF, 0xFC, 0x00, 0x07, 0xF0, 0x1F, 0xFF,
    0xFF, 0xC1, 0xFF, 0xE0, 0x1F, 0xFF, 0xFF, 0xFF, 0xFF, 0xC0, 0x3F, 0xFF, 0xFF, 0xFF, 0xFF, 0x80, 0x3F, 0xFF, 0xFF,
    0xFF, 0xFF, 0x00, 0x3F, 0xFF, 0xFF, 0xFF, 0xFE, 0x00, 0x3F, 0xFF, 0xFF, 0xFF, 0xFC, 0x00, 0x3F, 0xFF, 0xFF, 0xFF,
    0xF8, 0x00, 0x3F, 0xFF, 0xFF, 0xFF, 0xF0, 0x00, 0x1F, 0xFF, 0xFF, 0xFF, 0xE0, 0x00, 0x0F, 0xFF, 0xFF, 0xFF, 0x80,
    0x00, 0x07, 0xFF, 0xFF, 0xFC, 0x00, 0x00, 0x01, 0xFF, 0xFF, 0x80, 0x00, 0xFF, 0xFF, 0xFF, 0xF0, 0x00, 0x00, 0x7F,
    0xFF, 0xFF, 0xFF, 0x80, 0x00, 0x3F, 0xFF, 0xFF, 0xFF, 0xF8, 0x00, 0x1F, 0xFF, 0xFF, 0xFF, 0xFF, 0x00, 0x0F, 0xFF,
    0xFF, 0xFF, 0xFF, 0xC0, 0x07, 0xFF, 0xFF, 0xFF, 0xFF, 0xF8, 0x03, 0xFF, 0xFF, 0xFF, 0xFF, 0xFE, 0x01, 0xFF, 0xFF,
    0xFF, 0xFF, 0xFF, 0x80, 0xFF, 0xFF, 0xFF, 0xFF, 0xFF, 0xE0, 0x7F, 0xFF, 0xFF, 0xFF, 0xFF, 0xF8, 0x3F, 0xFE, 0x00,
    0xFF, 0xFF, 0xFC, 0x1F, 0xFF, 0x00, 0x03, 0xFF, 0xFF, 0x0F, 0xFF, 0x80, 0x00, 0x7F, 0xFF, 0xC7, 0xFF, 0xC0, 0x00,
    0x1F, 0xFF, 0xE3, 0xFF, 0xE0, 0x00, 0x07, 0xFF, 0xF9, 0xFF, 0xF0, 0x00, 0x01, 0xFF, 0xFC, 0xFF, 0xF8, 0x00, 0x00,
    0x7F, 0xFE, 0x7F, 0xFC, 0x00, 0x00, 0x3F, 0xFF, 0xBF, 0xFE, 0x00, 0x00, 0x0F, 0xFF, 0xDF, 0xFF, 0x00, 0x00, 0x07,
    0xFF, 0xEF, 0xFF, 0x80, 0x00, 0x01, 0xFF, 0xFF, 0xFF, 0xC0, 0x00, 0x00, 0xFF, 0xFF, 0xFF, 0xE0, 0x00, 0x00, 0x7F,
    0xFF, 0xFF, 0xF0, 0x00, 0x00, 0x3F, 0xFF, 0xFF, 0xF8, 0x00, 0x00, 0x0F, 0xFF, 0xFF, 0xFC, 0x00, 0x00, 0x07, 0xFF,
    0xFF, 0xFE, 0x00, 0x00, 0x03, 0xFF, 0xFF, 0xFF, 0x00, 0x00, 0x01, 0xFF, 0xFF, 0xFF, 0x80, 0x00, 0x00, 0xFF, 0xFF,
    0xFF, 0xC0, 0x00, 0x00, 0x7F, 0xFF, 0xFF, 0xE0, 0x00, 0x00, 0x3F, 0xFF, 0xFF, 0xF0, 0x00, 0x00, 0x1F, 0xFF, 0xFF,
    0xF8, 0x00, 0x00, 0x0F, 0xFF, 0xFF, 0xFC, 0x00, 0x00, 0x07, 0xFF, 0xFF, 0xFE, 0x00, 0x00, 0x07, 0xFF, 0xFF, 0xFF,
    0x00, 0x00, 0x03, 0xFF, 0xFF, 0xFF, 0x80, 0x00, 0x01, 0xFF, 0xFF, 0xFF, 0xC0, 0x00, 0x00, 0xFF, 0xFB, 0xFF, 0xE0,
    0x00, 0x00, 0xFF, 0xFD, 0xFF, 0xF0, 0x00, 0x00, 0x7F, 0xFE, 0xFF, 0xF8, 0x00, 0x00, 0x3F, 0xFF, 0x7F, 0xFC, 0x00,
    0x00, 0x3F, 0xFF, 0x3F, 0xFE, 0x00, 0x00, 0x3F, 0xFF, 0x9F, 0xFF, 0x00, 0x00, 0x1F, 0xFF, 0xCF, 0xFF, 0x80, 0x00,
    0x1F, 0xFF, 0xC7, 0xFF, 0xC0, 0x00, 0x1F, 0xFF, 0xE3, 0xFF, 0xE0, 0x00, 0x3F, 0xFF, 0xE1, 0xFF, 0xF0, 0x00, 0x7F,
    0xFF, 0xE0, 0xFF, 0xF8, 0x07, 0xFF, 0xFF, 0xF0, 0x7F, 0xFF, 0xFF, 0xFF, 0xFF, 0xF0, 0x3F, 0xFF, 0xFF, 0xFF, 0xFF,
    0xF0, 0x1F, 0xFF, 0xFF, 0xFF, 0xFF, 0xF0, 0x0F, 0xFF, 0xFF, 0xFF, 0xFF, 0xF0, 0x07, 0xFF, 0xFF, 0xFF, 0xFF, 0xF0,
    0x03, 0xFF, 0xFF, 0xFF, 0xFF, 0xE0, 0x01, 0xFF, 0xFF, 0xFF, 0xFF, 0xC0, 0x00, 0xFF, 0xFF, 0xFF, 0xFF, 0x80, 0x00,
    0x7F, 0xFF, 0xFF, 0xFF, 0x00, 0x00, 0x3F, 0xFF, 0xFF, 0xF8, 0x00, 0x00, 0x00, 0xFF, 0xFF, 0xFF, 0xFF, 0xFF, 0xFF,
    0xFF, 0xFF, 0xFF, 0xFF, 0xFF, 0xFF, 0xFF, 0xFF, 0xFF, 0xFF, 0xFF, 0xFF, 0xFF, 0xFF, 0xFF, 0xFF, 0xFF, 0xFF, 0xFF,
    0xFF, 0xFF, 0xFF, 0xFF, 0xFF, 0xFF, 0xFF, 0xFF, 0xFF, 0xFF, 0xFF, 0xFF, 0xFF, 0xFF, 0xFF, 0xFF, 0xFF, 0xFF, 0xFF,
    0xFF, 0xE0, 0x00, 0x00, 0x7F, 0xFC, 0x00, 0x00, 0x0F, 0xFF, 0x80, 0x00, 0x01, 0xFF, 0xF0, 0x00, 0x00, 0x3F, 0xFE,
    0x00, 0x00, 0x07, 0xFF, 0xC0, 0x00, 0x00, 0xFF, 0xF8, 0x00, 0x00, 0x1F, 0xFF, 0x00, 0x00, 0x03, 0xFF, 0xE0, 0x00,
    0x00, 0x7F, 0xFC, 0x00, 0x00, 0x0F, 0xFF, 0x80, 0x00, 0x01, 0xFF, 0xF0, 0x00, 0x00, 0x3F, 0xFE, 0x00, 0x00, 0x07,
    0xFF, 0xFF, 0xFF, 0xFC, 0xFF, 0xFF, 0xFF, 0xFF, 0x9F, 0xFF, 0xFF, 0xFF, 0xF3, 0xFF, 0xFF, 0xFF, 0xFE, 0x7F, 0xFF,
    0xFF, 0xFF, 0xCF, 0xFF, 0xFF, 0xFF, 0xF9, 0xFF, 0xFF, 0xFF, 0xFF, 0x3F, 0xFF, 0xFF, 0xFF, 0xE7, 0xFF, 0xFF, 0xFF,
    0xFC, 0xFF, 0xFF, 0xFF, 0xFF, 0x9F, 0xFF, 0x00, 0x00, 0x03, 0xFF, 0xE0, 0x00, 0x00, 0x7F, 0xFC, 0x00, 0x00, 0x0F,
    0xFF, 0x80, 0x00, 0x01, 0xFF, 0xF0, 0x00, 0x00, 0x3F, 0xFE, 0x00, 0x00, 0x07, 0xFF, 0xC0, 0x00, 0x00, 0xFF, 0xF8,
    0x00, 0x00, 0x1F, 0xFF, 0x00, 0x00, 0x03, 0xFF, 0xE0, 0x00, 0x00, 0x7F, 0xFC, 0x00, 0x00, 0x0F, 0xFF, 0x80, 0x00,
    0x01, 0xFF, 0xF0, 0x00, 0x00, 0x3F, 0xFE, 0x00, 0x00, 0x07, 0xFF, 0xC0, 0x00, 0x00, 0xFF, 0xF8, 0x00, 0x00, 0x1F,
    0xFF, 0xFF, 0xFF, 0xFF, 0xFF, 0xFF, 0xFF, 0xFF, 0xFF, 0xFF, 0xFF, 0xFF, 0xFF, 0xFF, 0xFF, 0xFF, 0xFF, 0xFF, 0xFF,
    0xFF, 0xFF, 0xFF, 0xFF, 0xFF, 0xFF, 0xFF, 0xFF, 0xFF, 0xFF, 0xFF, 0xFF, 0xFF, 0xFF, 0xFF, 0xFF, 0xFF, 0xFF, 0xFF,
    0xFF, 0xFF, 0xFF, 0xFF, 0xFF, 0x80, 0xFF, 0xFF, 0xFF, 0xFF, 0xFF, 0xFF, 0xFF, 0xFF, 0xFF, 0xFF, 0xFF, 0xFF, 0xFF,
    0xFF, 0xFF, 0xFF, 0xFF, 0xFF, 0xFF, 0xFF, 0xFF, 0xFF, 0xFF, 0xFF, 0xFF, 0xFF, 0xFF, 0xFF, 0xFF, 0xFF, 0xFF, 0xFF,
    0xFF, 0xFF, 0xFF, 0xFF, 0xFF, 0xFF, 0xFF, 0xFF, 0xFF, 0xFF, 0xFF, 0xFF, 0x80, 0x00, 0x03, 0xFF, 0xE0, 0x00, 0x00,
    0xFF, 0xF8, 0x00, 0x00, 0x3F, 0xFE, 0x00, 0x00, 0x0F, 0xFF, 0x80, 0x00, 0x03, 0xFF, 0xE0, 0x00, 0x00, 0xFF, 0xF8,
    0x00, 0x00, 0x3F, 0xFE, 0x00, 0x00, 0x0F, 0xFF, 0x80, 0x00, 0x03, 0xFF, 0xE0, 0x00, 0x00, 0xFF, 0xF8, 0x00, 0x00,
    0x3F, 0xFE, 0x00, 0x00, 0x0F, 0xFF, 0x80, 0x00, 0x03, 0xFF, 0xE0, 0x00, 0x00, 0xFF, 0xF8, 0x00, 0x00, 0x3F, 0xFE,
    0x00, 0x00, 0x0F, 0xFF, 0xFF, 0xFF, 0xFB, 0xFF, 0xFF, 0xFF, 0xFE, 0xFF, 0xFF, 0xFF, 0xFF, 0xBF, 0xFF, 0xFF, 0xFF,
    0xEF, 0xFF, 0xFF, 0xFF, 0xFB, 0xFF, 0xFF, 0xFF, 0xFE, 0xFF, 0xFF, 0xFF, 0xFF, 0xBF, 0xFF, 0xFF, 0xFF, 0xEF, 0xFF,
    0xFF, 0xFF, 0xFB, 0xFF, 0xFF, 0xFF, 0xFE, 0xFF, 0xF8, 0x00, 0x00, 0x3F, 0xFE, 0x00, 0x00, 0x0F, 0xFF, 0x80, 0x00,
    0x03, 0xFF, 0xE0, 0x00, 0x00, 0xFF, 0xF8, 0x00, 0x00, 0x3F, 0xFE, 0x00, 0x00, 0x0F, 0xFF, 0x80, 0x00, 0x03, 0xFF,
    0xE0, 0x00, 0x00, 0xFF, 0xF8, 0x00, 0x00, 0x3F, 0xFE, 0x00, 0x00, 0x0F, 0xFF, 0x80, 0x00, 0x03, 0xFF, 0xE0, 0x00,
    0x00, 0xFF, 0xF8, 0x00, 0x00, 0x3F, 0xFE, 0x00, 0x00, 0x0F, 0xFF, 0x80, 0x00, 0x03, 0xFF, 0xE0, 0x00, 0x00, 0xFF,
    0xF8, 0x00, 0x00, 0x3F, 0xFE, 0x00, 0x00, 0x0F, 0xFF, 0x80, 0x00, 0x03, 0xFF, 0xE0, 0x00, 0x00, 0xFF, 0xF8, 0x00,
    0x00, 0x3F, 0xFE, 0x00, 0x00, 0x0F, 0xFF, 0x80, 0x00, 0x03, 0xFF, 0xE0, 0x00, 0x00, 0x00, 0x00, 0x03, 0xFF, 0xFF,
    0x00, 0x00, 0x00, 0x0F, 0xFF, 0xFF, 0xF8, 0x00, 0x00, 0x3F, 0xFF, 0xFF, 0xFF, 0x80, 0x00, 0x7F, 0xFF, 0xFF, 0xFF,
    0xF0, 0x00, 0xFF, 0xFF, 0xFF, 0xFF, 0xF8, 0x00, 0xFF, 0xFF, 0xFF, 0xFF, 0xF8, 0x00, 0xFF, 0xFF, 0xFF, 0xFF, 0xFC,
    0x01, 0xFF, 0xFF, 0xFF, 0xFF, 0xFE, 0x01, 0xFF, 0xFF, 0xFF, 0xFF, 0xFE, 0x01, 0xFF, 0xFF, 0xFF, 0xFF, 0xFF, 0x00,
    0xFF, 0xFF, 0xFE, 0x1F, 0xFF, 0x00, 0xFF, 0xFF, 0xE0, 0x00, 0x3F, 0x80, 0xFF, 0xFF, 0xC0, 0x00, 0x03, 0x80, 0x7F,
    0xFF, 0xC0, 0x00, 0x00, 0x40, 0x7F, 0xFF, 0x80, 0x00, 0x00, 0x00, 0x3F, 0xFF, 0x80, 0x00, 0x00, 0x00, 0x3F, 0xFF,
    0x80, 0x00, 0x00, 0x00, 0x1F, 0xFF, 0xC0, 0x00, 0x00, 0x00, 0x1F, 0xFF, 0xC0, 0x00, 0x00, 0x00, 0x0F, 0xFF, 0xE0,
    0x00, 0x00, 0x00, 0x07, 0xFF, 0xE0, 0x00, 0x00, 0x00, 0x03, 0xFF, 0xF0, 0x00, 0x00, 0x00, 0x03, 0xFF, 0xF0, 0x00,
    0x00, 0x00, 0x01, 0xFF, 0xF8, 0x00, 0x00, 0x00, 0x00, 0xFF, 0xFC, 0x00, 0x00, 0x00, 0x00, 0x7F, 0xFE, 0x00, 0x00,
    0x00, 0x00, 0x3F, 0xFE, 0x00, 0x00, 0x00, 0x00, 0x1F, 0xFF, 0x00, 0x0F, 0xFF, 0xFF, 0xFF, 0xFF, 0x80, 0x07, 0xFF,
    0xFF, 0xFF, 0xFF, 0xC0, 0x03, 0xFF, 0xFF, 0xFF, 0xFF, 0xE0, 0x01, 0xFF, 0xFF, 0xFF, 0xFF, 0xF0, 0x00, 0xFF, 0xFF,
    0xFF, 0xFF, 0xF8, 0x00, 0x7F, 0xFF, 0xFF, 0xFF, 0xFC, 0x00, 0x3F, 0xFF, 0xFF, 0xFF, 0xFE, 0x00, 0x1F, 0xFF, 0xFF,
    0xFF, 0xFF, 0x80, 0x0F, 0xFF, 0xFF, 0xFF, 0xFF, 0xC0, 0x07, 0xFF, 0xFF, 0xFF, 0xFF, 0xE0, 0x00, 0x00, 0x7F, 0xFF,
    0xFF, 0xF0, 0x00, 0x00, 0x3F, 0xFF, 0xFF, 0xF8, 0x00, 0x00, 0x1F, 0xFF, 0x7F, 0xFE, 0x00, 0x00, 0x0F, 0xFF, 0xBF,
    0xFF, 0x00, 0x00, 0x07, 0xFF, 0xDF, 0xFF, 0x80, 0x00, 0x03, 0xFF, 0xEF, 0xFF, 0xE0, 0x00, 0x01, 0xFF, 0xF3, 0xFF,
    0xF0, 0x00, 0x00, 0xFF, 0xF9, 0xFF, 0xFC, 0x00, 0x00, 0x7F, 0xFC, 0x7F, 0xFF, 0x00, 0x00, 0x3F, 0xFE, 0x3F, 0xFF,
    0xC0, 0x00, 0x1F, 0xFF, 0x1F, 0xFF, 0xF0, 0x00, 0x0F, 0xFF, 0x87, 0xFF, 0xFE, 0x00, 0x07, 0xFF, 0xC1, 0xFF, 0xFF,
    0xF0, 0x7F, 0xFF, 0xE0, 0xFF, 0xFF, 0xFF, 0xFF, 0xFF, 0xF0, 0x3F, 0xFF, 0xFF, 0xFF, 0xFF, 0xF8, 0x0F, 0xFF, 0xFF,
    0xFF, 0xFF, 0xFC, 0x03, 0xFF, 0xFF, 0xFF, 0xFF, 0xFE, 0x00, 0xFF, 0xFF, 0xFF, 0xFF, 0xFF, 0x00, 0x3F, 0xFF, 0xFF,
    0xFF, 0xFF, 0x80, 0x07, 0xFF, 0xFF, 0xFF, 0xFF, 0xC0, 0x00, 0xFF, 0xFF, 0xFF, 0xFF, 0xC0, 0x00, 0x1F, 0xFF, 0xFF,
    0xFE, 0x00, 0x00, 0x00, 0xFF, 0xFF, 0xE0, 0x00, 0xFF, 0xF8, 0x00, 0x00, 0x0F, 0xFF, 0xFF, 0xFC, 0x00, 0x00, 0x07,
    0xFF, 0xFF, 0xFE, 0x00, 0x00, 0x03, 0xFF, 0xFF, 0xFF, 0x00, 0x00, 0x01, 0xFF, 0xFF, 0xFF, 0x80, 0x00, 0x00, 0xFF,
    0xFF, 0xFF, 0xC0, 0x00, 0x00, 0x7F, 0xFF, 0xFF, 0xE0, 0x00, 0x00, 0x3F, 0xFF, 0xFF, 0xF0, 0x00, 0x00, 0x1F, 0xFF,
    0xFF, 0xF8, 0x00, 0x00, 0x0F, 0xFF, 0xFF, 0xFC, 0x00, 0x00, 0x07, 0xFF, 0xFF, 0xFE, 0x00, 0x00, 0x03, 0xFF, 0xFF,
    0xFF, 0x00, 0x00, 0x01, 0xFF, 0xFF, 0xFF, 0x80, 0x00, 0x00, 0xFF, 0xFF, 0xFF, 0xC0, 0x00, 0x00, 0x7F, 0xFF, 0xFF,
    0xE0, 0x00, 0x00, 0x3F, 0xFF, 0xFF, 0xF0, 0x00, 0x00, 0x1F, 0xFF, 0xFF, 0xF8, 0x00, 0x00, 0x0F, 0xFF, 0xFF, 0xFC,
    0x00, 0x00, 0x07, 0xFF, 0xFF, 0xFE, 0x00, 0x00, 0x03, 0xFF, 0xFF, 0xFF, 0x00, 0x00, 0x01, 0xFF, 0xFF, 0xFF, 0x80,
    0x00, 0x00, 0xFF, 0xFF, 0xFF, 0xC0, 0x00, 0x00, 0x7F, 0xFF, 0xFF, 0xE0, 0x00, 0x00, 0x3F, 0xFF, 0xFF, 0xFF, 0xFF,
    0xFF, 0xFF, 0xFF, 0xFF, 0xFF, 0xFF, 0xFF, 0xFF, 0xFF, 0xFF, 0xFF, 0xFF, 0xFF, 0xFF, 0xFF, 0xFF, 0xFF, 0xFF, 0xFF,
    0xFF, 0xFF, 0xFF, 0xFF, 0xFF, 0xFF, 0xFF, 0xFF, 0xFF, 0xFF, 0xFF, 0xFF, 0xFF, 0xFF, 0xFF, 0xFF, 0xFF, 0xFF, 0xFF,
    0xFF, 0xFF, 0xFF, 0xFF, 0xFF, 0xFF, 0xFF, 0xFF, 0xFF, 0xFF, 0xFF, 0xFF, 0xFF, 0xFF, 0xFF, 0xFF, 0xFF, 0xFF, 0xFF,
    0xFF, 0xFF, 0xFC, 0x00, 0x00, 0x07, 0xFF, 0xFF, 0xFE, 0x00, 0x00, 0x03, 0xFF, 0xFF, 0xFF, 0x00, 0x00, 0x01, 0xFF,
    0xFF, 0xFF, 0x80, 0x00, 0x00, 0xFF, 0xFF, 0xFF, 0xC0, 0x00, 0x00, 0x7F, 0xFF, 0xFF, 0xE0, 0x00, 0x00, 0x3F, 0xFF,
    0xFF, 0xF0, 0x00, 0x00, 0x1F, 0xFF, 0xFF, 0xF8, 0x00, 0x00, 0x0F, 0xFF, 0xFF, 0xFC, 0x00, 0x00, 0x07, 0xFF, 0xFF,
    0xFE, 0x00, 0x00, 0x03, 0xFF, 0xFF, 0xFF, 0x00, 0x00, 0x01, 0xFF, 0xFF, 0xFF, 0x80, 0x00, 0x00, 0xFF, 0xFF, 0xFF,
    0xC0, 0x00, 0x00, 0x7F, 0xFF, 0xFF, 0xE0, 0x00, 0x00, 0x3F, 0xFF, 0xFF, 0xF0, 0x00, 0x00, 0x1F, 0xFF, 0xFF, 0xF8,
    0x00, 0x00, 0x0F, 0xFF, 0xFF, 0xFC, 0x00, 0x00, 0x07, 0xFF, 0xFF, 0xFE, 0x00, 0x00, 0x03, 0xFF, 0xFF, 0xFF, 0x00,
    0x00, 0x01, 0xFF, 0xFF, 0xFF, 0x80, 0x00, 0x00, 0xFF, 0xFF, 0xFF, 0xC0, 0x00, 0x00, 0x7F, 0xFF, 0xFF, 0xE0, 0x00,
    0x00, 0x3F, 0xFF, 0xFF, 0xF0, 0x00, 0x00, 0x1F, 0xFF, 0xFF, 0xF8, 0x00, 0x00, 0x0F, 0xFF, 0xFF, 0xFC, 0x00, 0x00,
    0x07, 0xFF, 0xFF, 0xFE, 0x00, 0x00, 0x03, 0xFF, 0xE0, 0xFF, 0xFF, 0xFF, 0xFF, 0xFF, 0xFF, 0xFF, 0xFF, 0xFF, 0xFF,
    0xFF, 0xFF, 0xFF, 0xFF, 0xFF, 0xFF, 0xFF, 0xFF, 0xFF, 0xFF, 0xFF, 0xFF, 0xFF, 0xFF, 0xFF, 0xFF, 0xFF, 0x3F, 0xFF,
    0xFF, 0x81, 0xFF, 0xFF, 0xC0, 0x07, 0xFF, 0xE0, 0x00, 0xFF, 0xF8, 0x00, 0x1F, 0xFF, 0x00, 0x03, 0xFF, 0xE0, 0x00,
    0x7F, 0xFC, 0x00, 0x0F, 0xFF, 0x80, 0x01, 0xFF, 0xF0, 0x00, 0x3F, 0xFE, 0x00, 0x07, 0xFF, 0xC0, 0x00, 0xFF, 0xF8,
    0x00, 0x1F, 0xFF, 0x00, 0x03, 0xFF, 0xE0, 0x00, 0x7F, 0xFC, 0x00, 0x0F, 0xFF, 0x80, 0x01, 0xFF, 0xF0, 0x00, 0x3F,
    0xFE, 0x00, 0x07, 0xFF, 0xC0, 0x00, 0xFF, 0xF8, 0x00, 0x1F, 0xFF, 0x00, 0x03, 0xFF, 0xE0, 0x00, 0x7F, 0xFC, 0x00,
    0x0F, 0xFF, 0x80, 0x01, 0xFF, 0xF0, 0x00, 0x3F, 0xFE, 0x00, 0x07, 0xFF, 0xC0, 0x00, 0xFF, 0xF8, 0x00, 0x1F, 0xFF,
    0x00, 0x03, 0xFF, 0xE0, 0x00, 0x7F, 0xFC, 0x00, 0x0F, 0xFF, 0x80, 0x01, 0xFF, 0xF0, 0x00, 0x3F, 0xFE, 0x00, 0x07,
    0xFF, 0xC0, 0x00, 0xFF, 0xF8, 0x00, 0x1F, 0xFF, 0x00, 0x03, 0xFF, 0xE0, 0x00, 0x7F, 0xFC, 0x00, 0x0F, 0xFF, 0x80,
    0x01, 0xFF, 0xF8, 0x01, 0xFF, 0xFF, 0xC0, 0xFF, 0xFF, 0xFE, 0x7F, 0xFF, 0xFF, 0xFF, 0xFF, 0xFF, 0xFF, 0xFF, 0xFF,
    0xFF, 0xFF, 0xFF, 0xFF, 0xFF, 0xFF, 0xFF, 0xFF, 0xFF, 0xFF, 0xFF, 0xFF, 0xFF, 0xFF, 0xFF, 0xFF, 0xFF, 0xFF, 0x80,
    0x00, 0x03, 0xFF, 0xE0, 0x00, 0x7F, 0xFC, 0x00, 0x0F, 0xFF, 0x80, 0x01, 0xFF, 0xF0, 0x00, 0x3F, 0xFE, 0x00, 0x07,
    0xFF, 0xC0, 0x00, 0xFF, 0xF8, 0x00, 0x1F, 0xFF, 0x00, 0x03, 0xFF, 0xE0, 0x00, 0x7F, 0xFC, 0x00, 0x0F, 0xFF, 0x80,
    0x01, 0xFF, 0xF0, 0x00, 0x3F, 0xFE, 0x00, 0x07, 0xFF, 0xC0, 0x00, 0xFF, 0xF8, 0x00, 0x1F, 0xFF, 0x00, 0x03, 0xFF,
    0xE0, 0x00, 0x7F, 0xFC, 0x00, 0x0F, 0xFF, 0x80, 0x01, 0xFF, 0xF0, 0x00, 0x3F, 0xFE, 0x00, 0x07, 0xFF, 0xC0, 0x00,
    0xFF, 0xF8, 0x00, 0x1F, 0xFF, 0x00, 0x03, 0xFF, 0xE0, 0x00, 0x7F, 0xFC, 0x00, 0x0F, 0xFF, 0x80, 0x01, 0xFF, 0xF0,
    0x00, 0x3F, 0xFE, 0x00, 0x07, 0xFF, 0xC0, 0x00, 0xFF, 0xF8, 0x00, 0x1F, 0xFF, 0x00, 0x03, 0xFF, 0xE0, 0x00, 0x7F,
    0xFC, 0x00, 0x0F, 0xFF, 0x80, 0x01, 0xFF, 0xF0, 0x00, 0x3F, 0xFE, 0x00, 0x07, 0xFF, 0xC0, 0x00, 0xFF, 0xF8, 0x00,
    0x1F, 0xFF, 0x00, 0x03, 0xFF, 0xE0, 0x00, 0x7F, 0xFC, 0x00, 0x0F, 0xFF, 0x80, 0x01, 0xFF, 0xF0, 0x00, 0x3F, 0xFE,
    0x00, 0x07, 0xFF, 0xC0, 0x00, 0xFF, 0xF8, 0x00, 0x1F, 0xFF, 0x00, 0x03, 0xFF, 0xE0, 0x00, 0x7F, 0xFC, 0x00, 0x0F,
    0xFF, 0x80, 0x01, 0xFF, 0xF0, 0x00, 0x3F, 0xFE, 0x00, 0x07, 0xFF, 0xC0, 0x00, 0xFF, 0xF8, 0x00, 0x1F, 0xFF, 0x00,
    0x03, 0xFF, 0xE0, 0x00, 0x7F, 0xFC, 0x00, 0x1F, 0xFF, 0x80, 0x03, 0xFF, 0xF0, 0x00, 0x7F, 0xFE, 0x00, 0x0F, 0xFF,
    0xC0, 0x03, 0xFF, 0xF8, 0x00, 0x7F, 0xFE, 0x00, 0x1F, 0xFF, 0xDE, 0x1F, 0xFF, 0xFB, 0xFF, 0xFF, 0xFF, 0x7F, 0xFF,
    0xFF, 0xCF, 0xFF, 0xFF, 0xF9, 0xFF, 0xFF, 0xFE, 0x3F, 0xFF, 0xFF, 0x87, 0xFF, 0xFF, 0xF0, 0xFF, 0xFF, 0xFC, 0x1F,
    0xFF, 0xFF, 0x03, 0xFF, 0xFF, 0x80, 0x7F, 0xFF, 0xC0, 0x07, 0xFF, 0xE0, 0x00, 0xFF, 0xF8, 0x00, 0x00, 0x7F, 0xFF,
    0x7F, 0xFC, 0x00, 0x00, 0x7F, 0xFF, 0x3F, 0xFE, 0x00, 0x00, 0x7F, 0xFF, 0x1F, 0xFF, 0x00, 0x00, 0x3F, 0xFF, 0x8F,
    0xFF, 0x80, 0x00, 0x3F, 0xFF, 0x87, 0xFF, 0xC0, 0x00, 0x3F, 0xFF, 0x83, 0xFF, 0xE0, 0x00, 0x3F, 0xFF, 0x81, 0xFF,
    0xF0, 0x00, 0x3F, 0xFF, 0x80, 0xFF, 0xF8, 0x00, 0x1F, 0xFF, 0xC0, 0x7F, 0xFC, 0x00, 0x1F, 0xFF, 0xC0, 0x3F, 0xFE,
    0x00, 0x1F, 0xFF, 0xC0, 0x1F, 0xFF, 0x00, 0x1F, 0xFF, 0xC0, 0x0F, 0xFF, 0x80, 0x1F, 0xFF, 0xC0, 0x07, 0xFF, 0xC0,
    0x0F, 0xFF, 0xE0, 0x03, 0xFF, 0xE0, 0x0F, 0xFF, 0xE0, 0x01, 0xFF, 0xF0, 0x0F, 0xFF, 0xE0, 0x00, 0xFF, 0xF8, 0x0F,
    0xFF, 0xE0, 0x00, 0x7F, 0xFC, 0x0F, 0xFF, 0xE0, 0x00, 0x3F, 0xFE, 0x07, 0xFF, 0xF0, 0x00, 0x1F, 0xFF, 0x07, 0xFF,
    0xF0, 0x00, 0x0F, 0xFF, 0x87, 0xFF, 0xF0, 0x00, 0x07, 0xFF, 0xC7, 0xFF, 0xF0, 0x00, 0x03, 0xFF, 0xE3, 0xFF, 0xF0,
    0x00, 0x01, 0xFF, 0xF3, 0xFF, 0xF8, 0x00, 0x00, 0xFF, 0xFB, 0xFF, 0xF8, 0x00, 0x00, 0x7F, 0xFF, 0xFF, 0xF8, 0x00,
    0x00, 0x3F, 0xFF, 0xFF, 0xFC, 0x00, 0x00, 0x1F, 0xFF, 0xFF, 0xFE, 0x00, 0x00, 0x0F, 0xFF, 0xFF, 0xFF, 0x80, 0x00,
    0x07, 0xFF, 0xFF, 0xFF, 0xE0, 0x00, 0x03, 0xFF, 0xFF, 0xFF, 0xF0, 0x00, 0x01, 0xFF, 0xFF, 0xFF, 0xFC, 0x00, 0x00,
    0xFF, 0xFF, 0xFF, 0xFF, 0x00, 0x00, 0x7F, 0xFF, 0xFF, 0xFF, 0x80, 0x00, 0x3F, 0xFF, 0xFF, 0xFF, 0xE0, 0x00, 0x1F,
    0xFF, 0xF3, 0xFF, 0xF8, 0x00, 0x0F, 0xFF, 0xE1, 0xFF, 0xFC, 0x00, 0x07, 0xFF, 0xE0, 0x7F, 0xFF, 0x00, 0x03, 0xFF,
    0xE0, 0x3F, 0xFF, 0x80, 0x01, 0xFF, 0xF0, 0x0F, 0xFF, 0xE0, 0x00, 0xFF, 0xF8, 0x03, 0xFF, 0xF8, 0x00, 0x7F, 0xFC,
    0x01, 0xFF, 0xFC, 0x00, 0x3F, 0xFE, 0x00, 0x7F, 0xFF, 0x00, 0x1F, 0xFF, 0x00, 0x1F, 0xFF, 0xC0, 0x0F, 0xFF, 0x80,
    0x0F, 0xFF, 0xE0, 0x07, 0xFF, 0xC0, 0x03, 0xFF, 0xF8, 0x03, 0xFF, 0xE0, 0x00, 0xFF, 0xFE, 0x01, 0xFF, 0xF0, 0x00,
    0x7F, 0xFF, 0x00, 0xFF, 0xF8, 0x00, 0x1F, 0xFF, 0xC0, 0x7F, 0xFC, 0x00, 0x0F, 0xFF, 0xE0, 0x3F, 0xFE, 0x00, 0x03,
    0xFF, 0xF8, 0x1F, 0xFF, 0x00, 0x00, 0xFF, 0xFE, 0x0F, 0xFF, 0x80, 0x00, 0x7F, 0xFF, 0x07, 0xFF, 0xC0, 0x00, 0x1F,
    0xFF, 0xC3, 0xFF, 0xE0, 0x00, 0x07, 0xFF, 0xF1, 0xFF, 0xF0, 0x00, 0x03, 0xFF, 0xF8, 0xFF, 0xF8, 0x00, 0x00, 0xFF,
    0xFE, 0x7F, 0xFC, 0x00, 0x00, 0x7F, 0xFF, 0xBF, 0xFE, 0x00, 0x00, 0x1F, 0xFF, 0xC0, 0xFF, 0xF8, 0x00, 0x00, 0x07,
    0xFF, 0xC0, 0x00, 0x00, 0x3F, 0xFE, 0x00, 0x00, 0x01, 0xFF, 0xF0, 0x00, 0x00, 0x0F, 0xFF, 0x80, 0x00, 0x00, 0x7F,
    0xFC, 0x00, 0x00, 0x03, 0xFF, 0xE0, 0x00, 0x00, 0x1F, 0xFF, 0x00, 0x00, 0x00, 0xFF, 0xF8, 0x00, 0x00, 0x07, 0xFF,
    0xC0, 0x00, 0x00, 0x3F, 0xFE, 0x00, 0x00, 0x01, 0xFF, 0xF0, 0x00, 0x00, 0x0F, 0xFF, 0x80, 0x00, 0x00, 0x7F, 0xFC,
    0x00, 0x00, 0x03, 0xFF, 0xE0, 0x00, 0x00, 0x1F, 0xFF, 0x00, 0x00, 0x00, 0xFF, 0xF8, 0x00, 0x00, 0x07, 0xFF, 0xC0,
    0x00, 0x00, 0x3F, 0xFE, 0x00, 0x00, 0x01, 0xFF, 0xF0, 0x00, 0x00, 0x0F, 0xFF, 0x80, 0x00, 0x00, 0x7F, 0xFC, 0x00,
    0x00, 0x03, 0xFF, 0xE0, 0x00, 0x00, 0x1F, 0xFF, 0x00, 0x00, 0x00, 0xFF, 0xF8, 0x00, 0x00, 0x07, 0xFF, 0xC0, 0x00,
    0x00, 0x3F, 0xFE, 0x00, 0x00, 0x01, 0xFF, 0xF0, 0x00, 0x00, 0x0F, 0xFF, 0x80, 0x00, 0x00, 0x7F, 0xFC, 0x00, 0x00,
    0x03, 0xFF, 0xE0, 0x00, 0x00, 0x1F, 0xFF, 0x00, 0x00, 0x00, 0xFF, 0xF8, 0x00, 0x00, 0x07, 0xFF, 0xC0, 0x00, 0x00,
    0x3F, 0xFE, 0x00, 0x00, 0x01, 0xFF, 0xF0, 0x00, 0x00, 0x0F, 0xFF, 0x80, 0x00, 0x00, 0x7F, 0xFC, 0x00, 0x00, 0x03,
    0xFF, 0xE0, 0x00, 0x00, 0x1F, 0xFF, 0x00, 0x00, 0x00, 0xFF, 0xF8, 0x00, 0x00, 0x07, 0xFF, 0xC0, 0x00, 0x00, 0x3F,
    0xFE, 0x00, 0x00, 0x01, 0xFF, 0xF0, 0x00, 0x00, 0x0F, 0xFF, 0x80, 0x00, 0x00, 0x7F, 0xFC, 0x00, 0x00, 0x03, 0xFF,
    0xE0, 0x00, 0x00, 0x1F, 0xFF, 0x00, 0x00, 0x00, 0xFF, 0xF8, 0x00, 0x00, 0x07, 0xFF, 0xFF, 0xFF, 0xFF, 0xFF, 0xFF,
    0xFF, 0xFF, 0xFF, 0xFF, 0xFF, 0xFF, 0xFF, 0xFF, 0xFF, 0xFF, 0xFF, 0xFF, 0xFF, 0xFF, 0xFF, 0xFF, 0xFF, 0xFF, 0xFF,
    0xFF, 0xFF, 0xFF, 0xFF, 0xFF, 0xFF, 0xFF, 0xFF, 0xFF, 0xFF, 0xFF, 0xFF, 0xFF, 0xFF, 0xFF, 0xFF, 0xFF, 0xFF, 0xFF,
    0xFF, 0xFE, 0xFF, 0xFF, 0xC0, 0x00, 0x00, 0x03, 0xFF, 0xFF, 0xFF, 0xFF, 0xC0, 0x00, 0x00, 0x07, 0xFF, 0xFF, 0xFF,
    0xFF, 0xC0, 0x00, 0x00, 0x07, 0xFF, 0xFF, 0xFF, 0xFF, 0xE0, 0x00, 0x00, 0x07, 0xFF, 0xFF, 0xFF, 0xFF, 0xE0, 0x00,
    0x00, 0x0F, 0xFF, 0xFF, 0xFF, 0xFF, 0xE0, 0x00, 0x00, 0x0F, 0xFF, 0xFF, 0xFF, 0xFF, 0xF0, 0x00, 0x00, 0x0F, 0xFF,
    0xFF, 0xFF, 0xFF, 0xF0, 0x00, 0x00, 0x0F, 0xFF, 0xFF, 0xFF, 0xFF, 0xF0, 0x00, 0x00, 0x1F, 0xFF, 0xFF, 0xFF, 0xFF,
    0xF8, 0x00, 0x00, 0x1F, 0xFF, 0xFF, 0xFF, 0xFF, 0xF8, 0x00, 0x00, 0x1F, 0xFF, 0xFF, 0xFF, 0xFF, 0xF8, 0x00, 0x00,
    0x3F, 0xFF, 0xFF, 0xFF, 0xFF, 0xF8, 0x00, 0x00, 0x3F, 0xFF, 0xFF, 0xFF, 0xFF, 0xFC, 0x00, 0x00, 0x3F, 0xFF, 0xFF,
    0xFF, 0xFF, 0xFC, 0x00, 0x00, 0x7F, 0xFF, 0xFF, 0xFF, 0xFF, 0xFC, 0x00, 0x00, 0x7F, 0xEF, 0xFF, 0xFF, 0xEF, 0xFE,
    0x00, 0x00, 0x7F, 0xEF, 0xFF, 0xFF, 0xEF, 0xFE, 0x00, 0x00, 0xFF, 0xEF, 0xFF, 0xFF, 0xEF, 0xFE, 0x00, 0x00, 0xFF,
    0xCF, 0xFF, 0xFF, 0xE7, 0xFF, 0x00, 0x00, 0xFF, 0xCF, 0xFF, 0xFF, 0xE7, 0xFF, 0x00, 0x01, 0xFF, 0xCF, 0xFF, 0xFF,
    0xE7, 0xFF, 0x00, 0x01, 0xFF, 0x8F, 0xFF, 0xFF, 0xE3, 0xFF, 0x80, 0x01, 0xFF, 0x8F, 0xFF, 0xFF, 0xE3, 0xFF, 0x80,
    0x03, 0xFF, 0x8F, 0xFF, 0xFF, 0xE3, 0xFF, 0x80, 0x03, 0xFF, 0x0F, 0xFF, 0xFF, 0xE3, 0xFF, 0xC0, 0x03, 0xFF, 0x0F,
    0xFF, 0xFF, 0xE1, 0xFF, 0xC0, 0x07, 0xFF, 0x0F, 0xFF, 0xFF, 0xE1, 0xFF, 0xC0, 0x07, 0xFE, 0x0F, 0xFF, 0xFF, 0xE1,
    0xFF, 0xC0, 0x07, 0xFE, 0x0F, 0xFF, 0xFF, 0xE0, 0xFF, 0xE0, 0x0F, 0xFE, 0x0F, 0xFF, 0xFF, 0xE0, 0xFF, 0xE0, 0x0F,
    0xFC, 0x0F, 0xFF, 0xFF, 0xE0, 0xFF, 0xE0, 0x0F, 0xFC, 0x0F, 0xFF, 0xFF, 0xE0, 0x7F, 0xF0, 0x1F, 0xFC, 0x0F, 0xFF,
    0xFF, 0xE0, 0x7F, 0xF0, 0x1F, 0xF8, 0x0F, 0xFF, 0xFF, 0xE0, 0x7F, 0xF0, 0x1F, 0xF8, 0x0F, 0xFF, 0xFF, 0xE0, 0x3F,
    0xF8, 0x3F, 0xF8, 0x0F, 0xFF, 0xFF, 0xE0, 0x3F, 0xF8, 0x3F, 0xF0, 0x0F, 0xFF, 0xFF, 0xE0, 0x3F, 0xF8, 0x3F, 0xF0,
    0x0F, 0xFF, 0xFF, 0xE0, 0x3F, 0xFC, 0x7F, 0xF0, 0x0F, 0xFF, 0xFF, 0xE0, 0x1F, 0xFC, 0x7F, 0xE0, 0x0F, 0xFF, 0xFF,
    0xE0, 0x1F, 0xFC, 0x7F, 0xE0, 0x0F, 0xFF, 0xFF, 0xE0, 0x1F, 0xFC, 0xFF, 0xE0, 0x0F, 0xFF, 0xFF, 0xE0, 0x0F, 0xFE,
    0xFF, 0xC0, 0x0F, 0xFF, 0xFF, 0xE0, 0x0F, 0xFE, 0xFF, 0xC0, 0x0F, 0xFF, 0xFF, 0xE0, 0x0F, 0xFF, 0xFF, 0xC0, 0x0F,
    0xFF, 0xFF, 0xE0, 0x07, 0xFF, 0xFF, 0x80, 0x0F, 0xFF, 0xFF, 0xE0, 0x07, 0xFF, 0xFF, 0x80, 0x0F, 0xFF, 0xFF, 0xE0,
    0x07, 0xFF, 0xFF, 0x80, 0x0F, 0xFF, 0xFF, 0xE0, 0x03, 0xFF, 0xFF, 0x80, 0x0F, 0xFF, 0xFF, 0xE0, 0x03, 0xFF, 0xFF,
    0x00, 0x0F, 0xFF, 0xFF, 0xE0, 0x03, 0xFF, 0xFF, 0x00, 0x0F, 0xFF, 0xFF, 0xE0, 0x03, 0xFF, 0xFF, 0x00, 0x0F, 0xFF,
    0xFF, 0xE0, 0x01, 0xFF, 0xFE, 0x00, 0x0F, 0xFF, 0xFF, 0xE0, 0x01, 0xFF, 0xFE, 0x00, 0x0F, 0xFF, 0xFF, 0xE0, 0x01,
    0xFF, 0xFE, 0x00, 0x0F, 0xFF, 0xFF, 0xE0, 0x00, 0xFF, 0xFC, 0x00, 0x0F, 0xFF, 0xFF, 0xE0, 0x00, 0xFF, 0xFC, 0x00,
    0x0F, 0xFF, 0xFF, 0xE0, 0x00, 0xFF, 0xFC, 0x00, 0x0F, 0xFF, 0xFF, 0xE0, 0x00, 0x7F, 0xF8, 0x00, 0x0F, 0xFF, 0xFF,
    0xFF, 0x80, 0x00, 0x00, 0x3F, 0xFF, 0xFF, 0xFC, 0x00, 0x00, 0x01, 0xFF, 0xFF, 0xFF, 0xF0, 0x00, 0x00, 0x0F, 0xFF,
    0xFF, 0xFF, 0xC0, 0x00, 0x00, 0x7F, 0xFF, 0xFF, 0xFE, 0x00, 0x00, 0x03, 0xFF, 0xFF, 0xFF, 0xF8, 0x00, 0x00, 0x1F,
    0xFF, 0xFF, 0xFF, 0xC0, 0x00, 0x00, 0xFF, 0xFF, 0xFF, 0xFF, 0x00, 0x00, 0x07, 0xFF, 0xFF, 0xFF, 0xFC, 0x00, 0x00,
    0x3F, 0xFF, 0xFF, 0xFF, 0xE0, 0x00, 0x01, 0xFF, 0xFF, 0xFF, 0xFF, 0x80, 0x00, 0x0F, 0xFF, 0xFF, 0xFF, 0xFC, 0x00,
    0x00, 0x7F, 0xFF, 0xFF, 0xFF, 0xF0, 0x00, 0x03, 0xFF, 0xFF, 0xFF, 0xFF, 0x80, 0x00, 0x1F, 0xFF, 0xFF, 0xFF, 0xFE,
    0x00, 0x00, 0xFF, 0xFF, 0xFF, 0xFF, 0xF8, 0x00, 0x07, 0xFF, 0xFF, 0xEF, 0xFF, 0xC0, 0x00, 0x3F, 0xFF, 0xFF, 0x7F,
    0xFF, 0x00, 0x01, 0xFF, 0xFF, 0xF9, 0xFF, 0xF8, 0x00, 0x0F, 0xFF, 0xFF, 0xC7, 0xFF, 0xE0, 0x00, 0x7F, 0xFF, 0xFE,
    0x3F, 0xFF, 0x80, 0x03, 0xFF, 0xFF, 0xF0, 0xFF, 0xFC, 0x00, 0x1F, 0xFF, 0xFF, 0x87, 0xFF, 0xF0, 0x00, 0xFF, 0xFF,
    0xFC, 0x1F, 0xFF, 0x80, 0x07, 0xFF, 0xFF, 0xE0, 0xFF, 0xFE, 0x00, 0x3F, 0xFF, 0xFF, 0x03, 0xFF, 0xF0, 0x01, 0xFF,
    0xFF, 0xF8, 0x0F, 0xFF, 0xC0, 0x0F, 0xFF, 0xFF, 0xC0, 0x7F, 0xFF, 0x00, 0x7F, 0xFF, 0xFE, 0x01, 0xFF, 0xF8, 0x03,
    0xFF, 0xFF, 0xF0, 0x0F, 0xFF, 0xE0, 0x1F, 0xFF, 0xFF, 0x80, 0x3F, 0xFF, 0x00, 0xFF, 0xFF, 0xFC, 0x00, 0xFF, 0xFC,
    0x07, 0xFF, 0xFF, 0xE0, 0x07, 0xFF, 0xF0, 0x3F, 0xFF, 0xFF, 0x00, 0x1F, 0xFF, 0x81, 0xFF, 0xFF, 0xF8, 0x00, 0xFF,
    0xFE, 0x0F, 0xFF, 0xFF, 0xC0, 0x03, 0xFF, 0xF0, 0x7F, 0xFF, 0xFE, 0x00, 0x0F, 0xFF, 0xC3, 0xFF, 0xFF, 0xF0, 0x00,
    0x7F, 0xFE, 0x1F, 0xFF, 0xFF, 0x80, 0x01, 0xFF, 0xF8, 0xFF, 0xFF, 0xFC, 0x00, 0x0F, 0xFF, 0xE7, 0xFF, 0xFF, 0xE0,
    0x00, 0x3F, 0xFF, 0x3F, 0xFF, 0xFF, 0x00, 0x01, 0xFF, 0xFD, 0xFF, 0xFF, 0xF8, 0x00, 0x07, 0xFF, 0xEF, 0xFF, 0xFF,
    0xC0, 0x00, 0x1F, 0xFF, 0xFF, 0xFF, 0xFE, 0x00, 0x00, 0xFF, 0xFF, 0xFF, 0xFF, 0xF0, 0x00, 0x03, 0xFF, 0xFF, 0xFF,
    0xFF, 0x80, 0x00, 0x1F, 0xFF, 0xFF, 0xFF, 0xFC, 0x00, 0x00, 0x7F, 0xFF, 0xFF, 0xFF, 0xE0, 0x00, 0x01, 0xFF, 0xFF,
    0xFF, 0xFF, 0x00, 0x00, 0x0F, 0xFF, 0xFF, 0xFF, 0xF8, 0x00, 0x00, 0x3F, 0xFF, 0xFF, 0xFF, 0xC0, 0x00, 0x01, 0xFF,
    0xFF, 0xFF, 0xFE, 0x00, 0x00, 0x07, 0xFF, 0xFF, 0xFF, 0xF0, 0x00, 0x00, 0x3F, 0xFF, 0xFF, 0xFF, 0x80, 0x00, 0x00,
    0xFF, 0xFF, 0xFF, 0xFC, 0x00, 0x00, 0x03, 0xFF, 0xFF, 0xFF, 0xE0, 0x00, 0x00, 0x1F, 0xFF, 0xFF, 0xFF, 0x00, 0x00,
    0x00, 0x7F, 0xFF, 0xFF, 0xF8, 0x00, 0x00, 0x03, 0xFF, 0xFE, 0x00, 0x00, 0x0F, 0xFF, 0xF0, 0x00, 0x00, 0x00, 0x00,
    0xFF, 0xFF, 0xFF, 0x00, 0x00, 0x00, 0x03, 0xFF, 0xFF, 0xFF, 0xC0, 0x00, 0x00, 0x0F, 0xFF, 0xFF, 0xFF, 0xF0, 0x00,
    0x00, 0x3F, 0xFF, 0xFF, 0xFF, 0xF8, 0x00, 0x00, 0x7F, 0xFF, 0xFF, 0xFF, 0xFE, 0x00, 0x00, 0xFF, 0xFF, 0xFF, 0xFF,
    0xFF, 0x00, 0x01, 0xFF, 0xFF, 0xFF, 0xFF, 0xFF, 0x80, 0x03, 0xFF, 0xFF, 0xFF, 0xFF, 0xFF, 0xC0, 0x07, 0xFF, 0xFF,
    0xFF, 0xFF, 0xFF, 0xC0, 0x07, 0xFF, 0xFF, 0xFF, 0xFF, 0xFF, 0xE0, 0x0F, 0xFF, 0xFF, 0xC3, 0xFF, 0xFF, 0xF0, 0x0F,
    0xFF, 0xFC, 0x00, 0x3F, 0xFF, 0xF0, 0x1F, 0xFF, 0xF0, 0x00, 0x0F, 0xFF, 0xF8, 0x1F, 0xFF, 0xC0, 0x00, 0x03, 0xFF,
    0xF8, 0x3F, 0xFF, 0x80, 0x00, 0x01, 0xFF, 0xFC, 0x3F, 0xFF, 0x80, 0x00, 0x01, 0xFF, 0xFC, 0x7F, 0xFF, 0x00, 0x00,
    0x00, 0xFF, 0xFC, 0x7F, 0xFE, 0x00, 0x00, 0x00, 0xFF, 0xFE, 0x7F, 0xFE, 0x00, 0x00, 0x00, 0x7F, 0xFE, 0x7F, 0xFE,
    0x00, 0x00, 0x00, 0x7F, 0xFE, 0xFF, 0xFC, 0x00, 0x00, 0x00, 0x3F, 0xFE, 0xFF, 0xFC, 0x00, 0x00, 0x00, 0x3F, 0xFF,
    0xFF, 0xFC, 0x00, 0x00, 0x00, 0x3F, 0xFF, 0xFF, 0xFC, 0x00, 0x00, 0x00, 0x3F, 0xFF, 0xFF, 0xFC, 0x00, 0x00, 0x00,
    0x3F, 0xFF, 0xFF, 0xF8, 0x00, 0x00, 0x00, 0x3F, 0xFF, 0xFF, 0xF8, 0x00, 0x00, 0x00, 0x1F, 0xFF, 0xFF, 0xF8, 0x00,
    0x00, 0x00, 0x1F, 0xFF, 0xFF, 0xF8, 0x00, 0x00, 0x00, 0x1F, 0xFF, 0xFF, 0xF8, 0x00, 0x00, 0x00, 0x1F, 0xFF, 0xFF,
    0xF8, 0x00, 0x00, 0x00, 0x1F, 0xFF, 0xFF, 0xF8, 0x00, 0x00, 0x00, 0x1F, 0xFF, 0xFF, 0xF8, 0x00, 0x00, 0x00, 0x1F,
    0xFF, 0xFF, 0xF8, 0x00, 0x00, 0x00, 0x3F, 0xFF, 0xFF, 0xFC, 0x00, 0x00, 0x00, 0x3F, 0xFF, 0xFF, 0xFC, 0x00, 0x00,
    0x00, 0x3F, 0xFF, 0xFF, 0xFC, 0x00, 0x00, 0x00, 0x3F, 0xFF, 0xFF, 0xFC, 0x00, 0x00, 0x00, 0x3F, 0xFF, 0xFF, 0xFC,
    0x00, 0x00, 0x00, 0x3F, 0xFE, 0x7F, 0xFE, 0x00, 0x00, 0x00, 0x7F, 0xFE, 0x7F, 0xFE, 0x00, 0x00, 0x00, 0x7F, 0xFE,
    0x7F, 0xFE, 0x00, 0x00, 0x00, 0xFF, 0xFE, 0x7F, 0xFF, 0x00, 0x00, 0x00, 0xFF, 0xFC, 0x3F, 0xFF, 0x80, 0x00, 0x01,
    0xFF, 0xFC, 0x3F, 0xFF, 0x80, 0x00, 0x01, 0xFF, 0xFC, 0x1F, 0xFF, 0xC0, 0x00, 0x03, 0xFF, 0xF8, 0x1F, 0xFF, 0xF0,
    0x00, 0x0F, 0xFF, 0xF8, 0x0F, 0xFF, 0xFC, 0x00, 0x3F, 0xFF, 0xF0, 0x0F, 0xFF, 0xFF, 0xC3, 0xFF, 0xFF, 0xF0, 0x07,
    0xFF, 0xFF, 0xFF, 0xFF, 0xFF, 0xE0, 0x07, 0xFF, 0xFF, 0xFF, 0xFF, 0xFF, 0xC0, 0x03, 0xFF, 0xFF, 0xFF, 0xFF, 0xFF,
    0xC0, 0x01, 0xFF, 0xFF, 0xFF, 0xFF, 0xFF, 0x80, 0x00, 0xFF, 0xFF, 0xFF, 0xFF, 0xFF, 0x00, 0x00, 0x7F, 0xFF, 0xFF,
    0xFF, 0xFE, 0x00, 0x00, 0x3F, 0xFF, 0xFF, 0xFF, 0xF8, 0x00, 0x00, 0x0F, 0xFF, 0xFF, 0xFF, 0xF0, 0x00, 0x00, 0x03,
    0xFF, 0xFF, 0xFF, 0xC0, 0x00, 0x00, 0x00, 0xFF, 0xFF, 0xFF, 0x00, 0x00, 0x00, 0x00, 0x0F, 0xFF, 0xF0, 0x00, 0x00,
    0xFF, 0xFF, 0xFF, 0xE0, 0x00, 0x7F, 0xFF, 0xFF, 0xFF, 0x00, 0x3F, 0xFF, 0xFF, 0xFF, 0xE0, 0x1F, 0xFF, 0xFF, 0xFF,
    0xF8, 0x0F, 0xFF, 0xFF, 0xFF, 0xFF, 0x07, 0xFF, 0xFF, 0xFF, 0xFF, 0xC3, 0xFF, 0xFF, 0xFF, 0xFF, 0xF1, 0xFF, 0xFF,
    0xFF, 0xFF, 0xF8, 0xFF, 0xFF, 0xFF, 0xFF, 0xFE, 0x7F, 0xFF, 0xFF, 0xFF, 0xFF, 0xBF, 0xFE, 0x03, 0xFF, 0xFF, 0xDF,
    0xFF, 0x00, 0x1F, 0xFF, 0xEF, 0xFF, 0x80, 0x03, 0xFF, 0xFF, 0xFF, 0xC0, 0x01, 0xFF, 0xFF, 0xFF, 0xE0, 0x00, 0x7F,
    0xFF, 0xFF, 0xF0, 0x00, 0x3F, 0xFF, 0xFF, 0xF8, 0x00, 0x0F, 0xFF, 0xFF, 0xFC, 0x00, 0x07, 0xFF, 0xFF, 0xFE, 0x00,
    0x03, 0xFF, 0xFF, 0xFF, 0x00, 0x01, 0xFF, 0xFF, 0xFF, 0x80, 0x00, 0xFF, 0xFF, 0xFF, 0xC0, 0x00, 0xFF, 0xFF, 0xFF,
    0xE0, 0x00, 0x7F, 0xFF, 0xFF, 0xF0, 0x00, 0x3F, 0xFF, 0xFF, 0xF8, 0x00, 0x3F, 0xFF, 0xFF, 0xFC, 0x00, 0x3F, 0xFF,
    0xBF, 0xFE, 0x00, 0x7F, 0xFF, 0xDF, 0xFF, 0x03, 0xFF, 0xFF, 0xCF, 0xFF, 0xFF, 0xFF, 0xFF, 0xE7, 0xFF, 0xFF, 0xFF,
    0xFF, 0xE3, 0xFF, 0xFF, 0xFF, 0xFF, 0xF1, 0xFF, 0xFF, 0xFF, 0xFF, 0xF0, 0xFF, 0xFF, 0xFF, 0xFF, 0xF0, 0x7F, 0xFF,
    0xFF, 0xFF, 0xF0, 0x3F, 0xFF, 0xFF, 0xFF, 0xF0, 0x1F, 0xFF, 0xFF, 0xFF, 0xE0, 0x0F, 0xFF, 0xFF, 0xFF, 0xC0, 0x07,
    0xFF, 0xFF, 0xFE, 0x00, 0x03, 0xFF, 0xE0, 0x00, 0x00, 0x01, 0xFF, 0xF0, 0x00, 0x00, 0x00, 0xFF, 0xF8, 0x00, 0x00,
    0x00, 0x7F, 0xFC, 0x00, 0x00, 0x00, 0x3F, 0xFE, 0x00, 0x00, 0x00, 0x1F, 0xFF, 0x00, 0x00, 0x00, 0x0F, 0xFF, 0x80,
    0x00, 0x00, 0x07, 0xFF, 0xC0, 0x00, 0x00, 0x03, 0xFF, 0xE0, 0x00, 0x00, 0x01, 0xFF, 0xF0, 0x00, 0x00, 0x00, 0xFF,
    0xF8, 0x00, 0x00, 0x00, 0x7F, 0xFC, 0x00, 0x00, 0x00, 0x3F, 0xFE, 0x00, 0x00, 0x00, 0x1F, 0xFF, 0x00, 0x00, 0x00,
    0x0F, 0xFF, 0x80, 0x00, 0x00, 0x07, 0xFF, 0xC0, 0x00, 0x00, 0x03, 0xFF, 0xE0, 0x00, 0x00, 0x01, 0xFF, 0xF0, 0x00,
    0x00, 0x00, 0xFF, 0xF8, 0x00, 0x00, 0x00, 0x7F, 0xFC, 0x00, 0x00, 0x00, 0x3F, 0xFE, 0x00, 0x00, 0x00, 0x00, 0x00,
    0x00, 0x0F, 0xFF, 0xF0, 0x00, 0x00, 0x00, 0x00, 0xFF, 0xFF, 0xFF, 0x00, 0x00, 0x00, 0x03, 0xFF, 0xFF, 0xFF, 0xC0,
    0x00, 0x00, 0x0F, 0xFF, 0xFF, 0xFF, 0xF0, 0x00, 0x00, 0x3F, 0xFF, 0xFF, 0xFF, 0xF8, 0x00, 0x00, 0x7F, 0xFF, 0xFF,
    0xFF, 0xFE, 0x00, 0x00, 0xFF, 0xFF, 0xFF, 0xFF, 0xFF, 0x00, 0x01, 0xFF, 0xFF, 0xFF, 0xFF, 0xFF, 0x80, 0x03, 0xFF,
    0xFF, 0xFF, 0xFF, 0xFF, 0xC0, 0x07, 0xFF, 0xFF, 0xFF, 0xFF, 0xFF, 0xC0, 0x07, 0xFF, 0xFF, 0xFF, 0xFF, 0xFF, 0xE0,
    0x0F, 0xFF, 0xFF, 0xC3, 0xFF, 0xFF, 0xF0, 0x0F, 0xFF, 0xFC, 0x00, 0x3F, 0xFF, 0xF0, 0x1F, 0xFF, 0xF0, 0x00, 0x0F,
    0xFF, 0xF8, 0x1F, 0xFF, 0xC0, 0x00, 0x03, 0xFF, 0xF8, 0x3F, 0xFF, 0x80, 0x00, 0x01, 0xFF, 0xFC, 0x3F, 0xFF, 0x80,
    0x00, 0x01, 0xFF, 0xFC, 0x7F, 0xFF, 0x00, 0x00, 0x00, 0xFF, 0xFC, 0x7F, 0xFE, 0x00, 0x00, 0x00, 0xFF, 0xFE, 0x7F,
    0xFE, 0x00, 0x00, 0x00, 0x7F, 0xFE, 0x7F, 0xFE, 0x00, 0x00, 0x00, 0x7F, 0xFE, 0xFF, 0xFC, 0x00, 0x00, 0x00, 0x3F,
    0xFE, 0xFF, 0xFC, 0x00, 0x00, 0x00, 0x3F, 0xFF, 0xFF, 0xFC, 0x00, 0x00, 0x00, 0x3F, 0xFF, 0xFF, 0xFC, 0x00, 0x00,
    0x00, 0x3F, 0xFF, 0xFF, 0xFC, 0x00, 0x00, 0x00, 0x3F, 0xFF, 0xFF, 0xF8, 0x00, 0x00, 0x00, 0x3F, 0xFF, 0xFF, 0xF8,
    0x00, 0x00, 0x00, 0x1F, 0xFF, 0xFF, 0xF8, 0x00, 0x00, 0x00, 0x1F, 0xFF, 0xFF, 0xF8, 0x00, 0x00, 0x00, 0x1F, 0xFF,
    0xFF, 0xF8, 0x00, 0x00, 0x00, 0x1F, 0xFF, 0xFF, 0xF8, 0x00, 0x00, 0x00, 0x1F, 0xFF, 0xFF, 0xF8, 0x00, 0x00, 0x00,
    0x1F, 0xFF, 0xFF, 0xF8, 0x00, 0x00, 0x00, 0x1F, 0xFF, 0xFF, 0xF8, 0x00, 0x00, 0x00, 0x3F, 0xFF, 0xFF, 0xFC, 0x00,
    0x00, 0x00, 0x3F, 0xFF, 0xFF, 0xFC, 0x00, 0x00, 0x00, 0x3F, 0xFF, 0xFF, 0xFC, 0x00, 0x00, 0x00, 0x3F, 0xFF, 0xFF,
    0xFC, 0x00, 0x00, 0x00, 0x3F, 0xFF, 0xFF, 0xFC, 0x00, 0x00, 0x00, 0x3F, 0xFE, 0x7F, 0xFE, 0x00, 0x00, 0x00, 0x7F,
    0xFE, 0x7F, 0xFE, 0x00, 0x00, 0x00, 0x7F, 0xFE, 0x7F, 0xFE, 0x00, 0x00, 0x00, 0xFF, 0xFE, 0x7F, 0xFF, 0x00, 0x00,
    0x00, 0xFF, 0xFC, 0x3F, 0xFF, 0x80, 0x00, 0x01, 0xFF, 0xFC, 0x3F, 0xFF, 0x80, 0x00, 0x01, 0xFF, 0xFC, 0x1F, 0xFF,
    0xC0, 0x00, 0x03, 0xFF, 0xF8, 0x1F, 0xFF, 0xF0, 0x00, 0x0F, 0xFF, 0xF8, 0x0F, 0xFF, 0xFC, 0x00, 0x3F, 0xFF, 0xF0,
    0x0F, 0xFF, 0xFF, 0xC3, 0xFF, 0xFF, 0xF0, 0x07, 0xFF, 0xFF, 0xFF, 0xFF, 0xFF, 0xE0, 0x07, 0xFF, 0xFF, 0xFF, 0xFF,
    0xFF, 0xE0, 0x03, 0xFF, 0xFF, 0xFF, 0xFF, 0xFF, 0xC0, 0x01, 0xFF, 0xFF, 0xFF, 0xFF, 0xFF, 0x80, 0x00, 0xFF, 0xFF,
    0xFF, 0xFF, 0xFF, 0x00, 0x00, 0x7F, 0xFF, 0xFF, 0xFF, 0xFE, 0x00, 0x00, 0x3F, 0xFF, 0xFF, 0xFF, 0xFC, 0x00, 0x00,
    0x0F, 0xFF, 0xFF, 0xFF, 0xF0, 0x00, 0x00, 0x03, 0xFF, 0xFF, 0xFF, 0xE0, 0x00, 0x00, 0x00, 0xFF, 0xFF, 0xFF, 0xE0,
    0x00, 0x00, 0x00, 0x0F, 0xFF, 0xFF, 0xF0, 0x00, 0x00, 0x00, 0x00, 0x07, 0xFF, 0xF8, 0x00, 0x00, 0x00, 0x00, 0x03,
    0xFF, 0xFC, 0x00, 0x00, 0x00, 0x00, 0x01, 0xFF, 0xFE, 0x00, 0x00, 0x00, 0x00, 0x00, 0xFF, 0xFF, 0x00, 0x00, 0x00,
    0x00, 0x00, 0xFF, 0xFF, 0x80, 0x00, 0x00, 0x00, 0x00, 0x7F, 0xFF, 0xC0, 0x00, 0x00, 0x00, 0x00, 0x3F, 0xFF, 0xC0,
    0x00, 0x00, 0x00, 0x00, 0x1F, 0xFF, 0xE0, 0x00, 0x00, 0x00, 0x00, 0x0F, 0xFF, 0xF0, 0x00, 0x00, 0x00, 0x00, 0x0F,
    0xFF, 0xF8, 0x00, 0x00, 0x00, 0x00, 0x07, 0xFF, 0xFC, 0x00, 0x00, 0x00, 0x00, 0x03, 0xFF, 0xFE, 0x00, 0x00, 0x00,
    0x00, 0x01, 0xFF, 0xFF, 0xFF, 0xFF, 0xFF, 0xF0, 0x00, 0x00, 0xFF, 0xFF, 0xFF, 0xFE, 0x00, 0x00, 0xFF, 0xFF, 0xFF,
    0xFF, 0xC0, 0x00, 0xFF, 0xFF, 0xFF, 0xFF, 0xE0, 0x00, 0xFF, 0xFF, 0xFF, 0xFF, 0xF8, 0x00, 0xFF, 0xFF, 0xFF, 0xFF,
    0xFC, 0x00, 0xFF, 0xFF, 0xFF, 0xFF, 0xFE, 0x00, 0xFF, 0xFF, 0xFF, 0xFF, 0xFF, 0x00, 0xFF, 0xFF, 0xFF, 0xFF, 0xFF,
    0x00, 0xFF, 0xFF, 0xFF, 0xFF, 0xFF, 0x80, 0xFF, 0xF8, 0x01, 0xFF, 0xFF, 0x80, 0xFF, 0xF8, 0x00, 0x3F, 0xFF, 0x80,
    0xFF, 0xF8, 0x00, 0x1F, 0xFF, 0xC0, 0xFF, 0xF8, 0x00, 0x0F, 0xFF, 0xC0, 0xFF, 0xF8, 0x00, 0x0F, 0xFF, 0xC0, 0xFF,
    0xF8, 0x00, 0x0F, 0xFF, 0xC0, 0xFF, 0xF8, 0x00, 0x07, 0xFF, 0xC0, 0xFF, 0xF8, 0x00, 0x07, 0xFF, 0xC0, 0xFF, 0xF8,
    0x00, 0x07, 0xFF, 0xC0, 0xFF, 0xF8, 0x00, 0x0F, 0xFF, 0xC0, 0xFF, 0xF8, 0x00, 0x0F, 0xFF, 0xC0, 0xFF, 0xF8, 0x00,
    0x0F, 0xFF, 0xC0, 0xFF, 0xF8, 0x00, 0x1F, 0xFF, 0x80, 0xFF, 0xF8, 0x00, 0x1F, 0xFF, 0x80, 0xFF, 0xF8, 0x00, 0x7F,
    0xFF, 0x80, 0xFF, 0xF8, 0x01, 0xFF, 0xFF, 0x00, 0xFF, 0xFF, 0xFF, 0xFF, 0xFE, 0x00, 0xFF, 0xFF, 0xFF, 0xFF, 0xFE,
    0x00, 0xFF, 0xFF, 0xFF, 0xFF, 0xFC, 0x00, 0xFF, 0xFF, 0xFF, 0xFF, 0xF8, 0x00, 0xFF, 0xFF, 0xFF, 0xFF, 0xF0, 0x00,
    0xFF, 0xFF, 0xFF, 0xFF, 0xC0, 0x00, 0xFF, 0xFF, 0xFF, 0xFF, 0x00, 0x00, 0xFF, 0xFF, 0xFF, 0xFF, 0x00, 0x00, 0xFF,
    0xFF, 0xFF, 0xFF, 0x80, 0x00, 0xFF, 0xFF, 0xFF, 0xFF, 0x80, 0x00, 0xFF, 0xF8, 0x0F, 0xFF, 0xC0, 0x00, 0xFF, 0xF8,
    0x07, 0xFF, 0xE0, 0x00, 0xFF, 0xF8, 0x07, 0xFF, 0xE0, 0x00, 0xFF, 0xF8, 0x03, 0xFF, 0xF0, 0x00, 0xFF, 0xF8, 0x03,
    0xFF, 0xF8, 0x00, 0xFF, 0xF8, 0x01, 0xFF, 0xF8, 0x00, 0xFF, 0xF8, 0x00, 0xFF, 0xFC, 0x00, 0xFF, 0xF8, 0x00, 0xFF,
    0xFE, 0x00, 0xFF, 0xF8, 0x00, 0x7F, 0xFE, 0x00, 0xFF, 0xF8, 0x00, 0x7F, 0xFF, 0x00, 0xFF, 0xF8, 0x00, 0x3F, 0xFF,
    0x80, 0xFF, 0xF8, 0x00, 0x3F, 0xFF, 0x80, 0xFF, 0xF8, 0x00, 0x1F, 0xFF, 0xC0, 0xFF, 0xF8, 0x00, 0x0F, 0xFF, 0xE0,
    0xFF, 0xF8, 0x00, 0x0F, 0xFF, 0xE0, 0xFF, 0xF8, 0x00, 0x07, 0xFF, 0xF0, 0xFF, 0xF8, 0x00, 0x07, 0xFF, 0xF8, 0xFF,
    0xF8, 0x00, 0x03, 0xFF, 0xF8, 0xFF, 0xF8, 0x00, 0x01, 0xFF, 0xFC, 0xFF, 0xF8, 0x00, 0x01, 0xFF, 0xFC, 0xFF, 0xF8,
    0x00, 0x00, 0xFF, 0xFE, 0xFF, 0xF8, 0x00, 0x00, 0xFF, 0xFF, 0xFF, 0xF8, 0x00, 0x00, 0x7F, 0xFF, 0x00, 0x03, 0xFF,
    0xF8, 0x00, 0x00, 0x3F, 0xFF, 0xFF, 0x00, 0x01, 0xFF, 0xFF, 0xFF, 0xC0, 0x0F, 0xFF, 0xFF, 0xFF, 0xF0, 0x3F, 0xFF,
    0xFF, 0xFF, 0xE0, 0xFF, 0xFF, 0xFF, 0xFF, 0x83, 0xFF, 0xFF, 0xFF, 0xFF, 0x0F, 0xFF, 0xFF, 0xFF, 0xFE, 0x1F, 0xFF,
    0xFF, 0xFF, 0xF8, 0x7F, 0xFF, 0xFF, 0xFF, 0xF0, 0xFF, 0xFF, 0x87, 0xFF, 0xC3, 0xFF, 0xFC, 0x00, 0x7F, 0x87, 0xFF,
    0xE0, 0x00, 0x1E, 0x0F, 0xFF, 0xC0, 0x00, 0x0C, 0x1F, 0xFF, 0x00, 0x00, 0x00, 0x3F, 0xFE, 0x00, 0x00, 0x00, 0x7F,
    0xFC, 0x00, 0x00, 0x00, 0xFF, 0xF8, 0x00, 0x00, 0x01, 0xFF, 0xF8, 0x00, 0x00, 0x03, 0xFF, 0xF0, 0x00, 0x00, 0x07,
    0xFF, 0xF0, 0x00, 0x00, 0x0F, 0xFF, 0xF8, 0x00, 0x00, 0x1F, 0xFF, 0xFC, 0x00, 0x00, 0x1F, 0xFF, 0xFC, 0x00, 0x00,
    0x3F, 0xFF, 0xFE, 0x00, 0x00, 0x3F, 0xFF, 0xFF, 0x00, 0x00, 0x7F, 0xFF, 0xFF, 0x80, 0x00, 0x7F, 0xFF, 0xFF, 0xC0,
    0x00, 0x7F, 0xFF, 0xFF, 0xE0, 0x00, 0x7F, 0xFF, 0xFF, 0xE0, 0x00, 0x7F, 0xFF, 0xFF, 0xE0, 0x00, 0x7F, 0xFF, 0xFF,
    0xF0, 0x00, 0x3F, 0xFF, 0xFF, 0xF0, 0x00, 0x1F, 0xFF, 0xFF, 0xE0, 0x00, 0x1F, 0xFF, 0xFF, 0xE0, 0x00, 0x0F, 0xFF,
    0xFF, 0xE0, 0x00, 0x07, 0xFF, 0xFF, 0xC0, 0x00, 0x03, 0xFF, 0xFF, 0x80, 0x00, 0x01, 0xFF, 0xFF, 0x80, 0x00, 0x00,
    0xFF, 0xFF, 0x00, 0x00, 0x00, 0xFF, 0xFE, 0x00, 0x00, 0x00, 0xFF, 0xFC, 0x00, 0x00, 0x01, 0xFF, 0xF8, 0x00, 0x00,
    0x01, 0xFF, 0xF0, 0x00, 0x00, 0x03, 0xFF, 0xE0, 0x00, 0x00, 0x07, 0xFF, 0xF8, 0x00, 0x00, 0x0F, 0xFF, 0xFC, 0x00,
    0x00, 0x3F, 0xFF, 0xFF, 0x00, 0x00, 0xFF, 0xFF, 0xFF, 0x80, 0x03, 0xFF, 0xFB, 0xFF, 0xF8, 0x3F, 0xFF, 0xF7, 0xFF,
    0xFF, 0xFF, 0xFF, 0xEF, 0xFF, 0xFF, 0xFF, 0xFF, 0x9F, 0xFF, 0xFF, 0xFF, 0xFE, 0x3F, 0xFF, 0xFF, 0xFF, 0xFC, 0x7F,
    0xFF, 0xFF, 0xFF, 0xF0, 0xFF, 0xFF, 0xFF, 0xFF, 0xC1, 0xFF, 0xFF, 0xFF, 0xFE, 0x00, 0xFF, 0xFF, 0xFF, 0xF8, 0x00,
    0x3F, 0xFF, 0xFF, 0x80, 0x00, 0x0F, 0xFF, 0xF8, 0x00, 0x00, 0xFF, 0xFF, 0xFF, 0xFF, 0xFF, 0xFF, 0xFF, 0xFF, 0xFF,
    0xFF, 0xFF, 0xFF, 0xFF, 0xFF, 0xFF, 0xFF, 0xFF, 0xFF, 0xFF, 0xFF, 0xFF, 0xFF, 0xFF, 0xFF, 0xFF, 0xFF, 0xFF, 0xFF,
    0xFF, 0xFF, 0xFF, 0xFF, 0xFF, 0xFF, 0xFF, 0xFF, 0xFF, 0xFF, 0xFF, 0xFF, 0xFF, 0xFF, 0xFF, 0xFF, 0xFF, 0xFF, 0xFF,
    0xFF, 0xFF, 0xFF, 0xFF, 0xFF, 0xFF, 0xFF, 0xFF, 0xFF, 0xFF, 0xFF, 0xFF, 0xFF, 0xFF, 0xFE, 0x00, 0x01, 0xFF, 0xF0,
    0x00, 0x00, 0x00, 0x0F, 0xFF, 0x80, 0x00, 0x00, 0x00, 0x7F, 0xFC, 0x00, 0x00, 0x00, 0x03, 0xFF, 0xE0, 0x00, 0x00,
    0x00, 0x1F, 0xFF, 0x00, 0x00, 0x00, 0x00, 0xFF, 0xF8, 0x00, 0x00, 0x00, 0x07, 0xFF, 0xC0, 0x00, 0x00, 0x00, 0x3F,
    0xFE, 0x00, 0x00, 0x00, 0x01, 0xFF, 0xF0, 0x00, 0x00, 0x00, 0x0F, 0xFF, 0x80, 0x00, 0x00, 0x00, 0x7F, 0xFC, 0x00,
    0x00, 0x00, 0x03, 0xFF, 0xE0, 0x00, 0x00, 0x00, 0x1F, 0xFF, 0x00, 0x00, 0x00, 0x00, 0xFF, 0xF8, 0x00, 0x00, 0x00,
    0x07, 0xFF, 0xC0, 0x00, 0x00, 0x00, 0x3F, 0xFE, 0x00, 0x00, 0x00, 0x01, 0xFF, 0xF0, 0x00, 0x00, 0x00, 0x0F, 0xFF,
    0x80, 0x00, 0x00, 0x00, 0x7F, 0xFC, 0x00, 0x00, 0x00, 0x03, 0xFF, 0xE0, 0x00, 0x00, 0x00, 0x1F, 0xFF, 0x00, 0x00,
    0x00, 0x00, 0xFF, 0xF8, 0x00, 0x00, 0x00, 0x07, 0xFF, 0xC0, 0x00, 0x00, 0x00, 0x3F, 0xFE, 0x00, 0x00, 0x00, 0x01,
    0xFF, 0xF0, 0x00, 0x00, 0x00, 0x0F, 0xFF, 0x80, 0x00, 0x00, 0x00, 0x7F, 0xFC, 0x00, 0x00, 0x00, 0x03, 0xFF, 0xE0,
    0x00, 0x00, 0x00, 0x1F, 0xFF, 0x00, 0x00, 0x00, 0x00, 0xFF, 0xF8, 0x00, 0x00, 0x00, 0x07, 0xFF, 0xC0, 0x00, 0x00,
    0x00, 0x3F, 0xFE, 0x00, 0x00, 0x00, 0x01, 0xFF, 0xF0, 0x00, 0x00, 0x00, 0x0F, 0xFF, 0x80, 0x00, 0x00, 0x00, 0x7F,
    0xFC, 0x00, 0x00, 0x00, 0x03, 0xFF, 0xE0, 0x00, 0x00, 0x00, 0x1F, 0xFF, 0x00, 0x00, 0x00, 0x00, 0xFF, 0xF8, 0x00,
    0x00, 0x00, 0x07, 0xFF, 0xC0, 0x00, 0x00, 0x00, 0x3F, 0xFE, 0x00, 0x00, 0x00, 0x01, 0xFF, 0xF0, 0x00, 0x00, 0x00,
    0x0F, 0xFF, 0x80, 0x00, 0x00, 0x00, 0x7F, 0xFC, 0x00, 0x00, 0x00, 0x03, 0xFF, 0xE0, 0x00, 0x00, 0x00, 0x1F, 0xFF,
    0x00, 0x00, 0x00, 0x00, 0xFF, 0xF8, 0x00, 0x00, 0x00, 0x07, 0xFF, 0xC0, 0x00, 0x00, 0x00, 0x3F, 0xFE, 0x00, 0x00,
    0x00, 0x01, 0xFF, 0xF0, 0x00, 0x00, 0xFF, 0xF8, 0x00, 0x00, 0x0F, 0xFF, 0xFF, 0xFC, 0x00, 0x00, 0x07, 0xFF, 0xFF,
    0xFE, 0x00, 0x00, 0x03, 0xFF, 0xFF, 0xFF, 0x00, 0x00, 0x01, 0xFF, 0xFF, 0xFF, 0x80, 0x00, 0x00, 0xFF, 0xFF, 0xFF,
    0xC0, 0x00, 0x00, 0x7F, 0xFF, 0xFF, 0xE0, 0x00, 0x00, 0x3F, 0xFF, 0xFF, 0xF0, 0x00, 0x00, 0x1F, 0xFF, 0xFF, 0xF8,
    0x00, 0x00, 0x0F, 0xFF, 0xFF, 0xFC, 0x00, 0x00, 0x07, 0xFF, 0xFF, 0xFE, 0x00, 0x00, 0x03, 0xFF, 0xFF, 0xFF, 0x00,
    0x00, 0x01, 0xFF, 0xFF, 0xFF, 0x80, 0x00, 0x00, 0xFF, 0xFF, 0xFF, 0xC0, 0x00, 0x00, 0x7F, 0xFF, 0xFF, 0xE0, 0x00,
    0x00, 0x3F, 0xFF, 0xFF, 0xF0, 0x00, 0x00, 0x1F, 0xFF, 0xFF, 0xF8, 0x00, 0x00, 0x0F, 0xFF, 0xFF, 0xFC, 0x00, 0x00,
    0x07, 0xFF, 0xFF, 0xFE, 0x00, 0x00, 0x03, 0xFF, 0xFF, 0xFF, 0x00, 0x00, 0x01, 0xFF, 0xFF, 0xFF, 0x80, 0x00, 0x00,
    0xFF, 0xFF, 0xFF, 0xC0, 0x00, 0x00, 0x7F, 0xFF, 0xFF, 0xE0, 0x00, 0x00, 0x3F, 0xFF, 0xFF, 0xF0, 0x00, 0x00, 0x1F,
    0xFF, 0xFF, 0xF8, 0x00, 0x00, 0x0F, 0xFF, 0xFF, 0xFC, 0x00, 0x00, 0x07, 0xFF, 0xFF, 0xFE, 0x00, 0x00, 0x03, 0xFF,
    0xFF, 0xFF, 0x00, 0x00, 0x01, 0xFF, 0xFF, 0xFF, 0x80, 0x00, 0x00, 0xFF, 0xFF, 0xFF, 0xC0, 0x00, 0x00, 0x7F, 0xFF,
    0xFF, 0xE0, 0x00, 0x00, 0x3F, 0xFF, 0xFF, 0xF0, 0x00, 0x00, 0x1F, 0xFF, 0xFF, 0xF8, 0x00, 0x00, 0x0F, 0xFF, 0xFF,
    0xFC, 0x00, 0x00, 0x07, 0xFF, 0xFF, 0xFE, 0x00, 0x00, 0x03, 0xFF, 0xFF, 0xFF, 0x00, 0x00, 0x01, 0xFF, 0xFF, 0xFF,
    0x80, 0x00, 0x00, 0xFF, 0xFF, 0xFF, 0xC0, 0x00, 0x00, 0x7F, 0xFF, 0xFF, 0xE0, 0x00, 0x00, 0x3F, 0xFF, 0xFF, 0xF0,
    0x00, 0x00, 0x1F, 0xFF, 0xFF, 0xFC, 0x00, 0x00, 0x1F, 0xFF, 0xFF, 0xFE, 0x00, 0x00, 0x0F, 0xFF, 0xFF, 0xFF, 0x00,
    0x00, 0x07, 0xFF, 0xFF, 0xFF, 0x80, 0x00, 0x07, 0xFF, 0xFF, 0xFF, 0xE0, 0x00, 0x03, 0xFF, 0xFB, 0xFF, 0xF8, 0x00,
    0x03, 0xFF, 0xF9, 0xFF, 0xFE, 0x00, 0x03, 0xFF, 0xFC, 0xFF, 0xFF, 0xC0, 0x03, 0xFF, 0xFE, 0x3F, 0xFF, 0xFC, 0x1F,
    0xFF, 0xFE, 0x1F, 0xFF, 0xFF, 0xFF, 0xFF, 0xFF, 0x07, 0xFF, 0xFF, 0xFF, 0xFF, 0xFF, 0x01, 0xFF, 0xFF, 0xFF, 0xFF,
    0xFF, 0x00, 0xFF, 0xFF, 0xFF, 0xFF, 0xFF, 0x80, 0x3F, 0xFF, 0xFF, 0xFF, 0xFF, 0x80, 0x0F, 0xFF, 0xFF, 0xFF, 0xFF,
    0x80, 0x03, 0xFF, 0xFF, 0xFF, 0xFF, 0x00, 0x00, 0x7F, 0xFF, 0xFF, 0xFF, 0x00, 0x00, 0x0F, 0xFF, 0xFF, 0xFE, 0x00,
    0x00, 0x01, 0xFF, 0xFF, 0xFC, 0x00, 0x00, 0x00, 0x1F, 0xFF, 0xF0, 0x00, 0x00, 0xFF, 0xF8, 0x00, 0x00, 0x00, 0x7F,
    0xFD, 0xFF, 0xF8, 0x00, 0x00, 0x00, 0xFF, 0xFB, 0xFF, 0xF0, 0x00, 0x00, 0x03, 0xFF, 0xF3, 0xFF, 0xE0, 0x00, 0x00,
    0x07, 0xFF, 0xC7, 0xFF, 0xE0, 0x00, 0x00, 0x0F, 0xFF, 0x87, 0xFF, 0xC0, 0x00, 0x00, 0x3F, 0xFF, 0x0F, 0xFF, 0x80,
    0x00, 0x00, 0x7F, 0xFC, 0x1F, 0xFF, 0x80, 0x00, 0x00, 0xFF, 0xF8, 0x1F, 0xFF, 0x00, 0x00, 0x03, 0xFF, 0xF0, 0x3F,
    0xFE, 0x00, 0x00, 0x07, 0xFF, 0xC0, 0x7F, 0xFC, 0x00, 0x00, 0x0F, 0xFF, 0x80, 0x7F, 0xFC, 0x00, 0x00, 0x3F, 0xFF,
    0x00, 0xFF, 0xF8, 0x00, 0x00, 0x7F, 0xFC, 0x01, 0xFF, 0xF0, 0x00, 0x00, 0xFF, 0xF8, 0x01, 0xFF, 0xF0, 0x00, 0x03,
    0xFF, 0xF0, 0x03, 0xFF, 0xE0, 0x00, 0x07, 0xFF, 0xC0, 0x07, 0xFF, 0xC0, 0x00, 0x0F, 0xFF, 0x80, 0x07, 0xFF, 0xC0,
    0x00, 0x3F, 0xFF, 0x00, 0x0F, 0xFF, 0x80, 0x00, 0x7F, 0xFC, 0x00, 0x1F, 0xFF, 0x00, 0x00, 0xFF, 0xF8, 0x00, 0x1F,
    0xFF, 0x00, 0x03, 0xFF, 0xF0, 0x00, 0x3F, 0xFE, 0x00, 0x07, 0xFF, 0xC0, 0x00, 0x7F, 0xFC, 0x00, 0x0F, 0xFF, 0x80,
    0x00, 0x7F, 0xFC, 0x00, 0x1F, 0xFE, 0x00, 0x00, 0xFF, 0xF8, 0x00, 0x7F, 0xFC, 0x00, 0x01, 0xFF, 0xF0, 0x00, 0xFF,
    0xF8, 0x00, 0x01, 0xFF, 0xF0, 0x01, 0xFF, 0xE0, 0x00, 0x03, 0xFF, 0xE0, 0x07, 0xFF, 0xC0, 0x00, 0x07, 0xFF, 0xC0,
    0x0F, 0xFF, 0x80, 0x00, 0x07, 0xFF, 0xC0, 0x1F, 0xFE, 0x00, 0x00, 0x0F, 0xFF, 0x80, 0x7F, 0xFC, 0x00, 0x00, 0x1F,
    0xFF, 0x00, 0xFF, 0xF8, 0x00, 0x00, 0x1F, 0xFE, 0x01, 0xFF, 0xE0, 0x00, 0x00, 0x3F, 0xFE, 0x07, 0xFF, 0xC0, 0x00,
    0x00, 0x7F, 0xFC, 0x0F, 0xFF, 0x80, 0x00, 0x00, 0x7F, 0xF8, 0x1F, 0xFE, 0x00, 0x00, 0x00, 0xFF, 0xF8, 0x7F, 0xFC,
    0x00, 0x00, 0x01, 0xFF, 0xF0, 0xFF, 0xF8, 0x00, 0x00, 0x01, 0xFF, 0xE1, 0xFF, 0xE0, 0x00, 0x00, 0x03, 0xFF, 0xE3,
    0xFF, 0xC0, 0x00, 0x00, 0x07, 0xFF, 0xCF, 0xFF, 0x80, 0x00, 0x00, 0x07, 0xFF, 0x9F, 0xFE, 0x00, 0x00, 0x00, 0x0F,
    0xFF, 0x3F, 0xFC, 0x00, 0x00, 0x00, 0x1F, 0xFF, 0x7F, 0xF8, 0x00, 0x00, 0x00, 0x1F, 0xFF, 0xFF, 0xE0, 0x00, 0x00,
    0x00, 0x3F, 0xFF, 0xFF, 0xC0, 0x00, 0x00, 0x00, 0x3F, 0xFF, 0xFF, 0x80, 0x00, 0x00, 0x00, 0x7F, 0xFF, 0xFE, 0x00,
    0x00, 0x00, 0x00, 0xFF, 0xFF, 0xFC, 0x00, 0x00, 0x00, 0x00, 0xFF, 0xFF, 0xF8, 0x00, 0x00, 0x00, 0x01, 0xFF, 0xFF,
    0xE0, 0x00, 0x00, 0x00, 0x03, 0xFF, 0xFF, 0xC0, 0x00, 0x00, 0x00, 0x03, 0xFF, 0xFF, 0x80, 0x00, 0x00, 0x00, 0x07,
    0xFF, 0xFE, 0x00, 0x00, 0x00, 0x00, 0x0F, 0xFF, 0xFC, 0x00, 0x00, 0x00, 0x00, 0x0F, 0xFF, 0xF8, 0x00, 0x00, 0x00,
    0x00, 0x1F, 0xFF, 0xE0, 0x00, 0x00, 0x00, 0x00, 0x3F, 0xFF, 0xC0, 0x00, 0x00, 0x00, 0x00, 0x3F, 0xFF, 0x00, 0x00,
    0x00, 0xFF, 0xF8, 0x00, 0x00, 0x3F, 0xFE, 0x00, 0x00, 0x0F, 0xFF, 0xFF, 0xFC, 0x00, 0x00, 0x1F, 0xFF, 0x00, 0x00,
    0x0F, 0xFF, 0xFF, 0xFE, 0x00, 0x00, 0x1F, 0xFF, 0x80, 0x00, 0x07, 0xFF, 0xCF, 0xFF, 0x80, 0x00, 0x0F, 0xFF, 0xE0,
    0x00, 0x03, 0xFF, 0xE7, 0xFF, 0xC0, 0x00, 0x07, 0xFF, 0xF0, 0x00, 0x01, 0xFF, 0xF3, 0xFF, 0xE0, 0x00, 0x03, 0xFF,
    0xF8, 0x00, 0x01, 0xFF, 0xF9, 0xFF, 0xF0, 0x00, 0x03, 0xFF, 0xFC, 0x00, 0x00, 0xFF, 0xF8, 0x7F, 0xFC, 0x00, 0x01,
    0xFF, 0xFF, 0x00, 0x00, 0x7F, 0xFC, 0x3F, 0xFE, 0x00, 0x00, 0xFF, 0xFF, 0x80, 0x00, 0x3F, 0xFE, 0x1F, 0xFF, 0x00,
    0x00, 0xFF, 0xFF, 0xC0, 0x00, 0x1F, 0xFF, 0x0F, 0xFF, 0x80, 0x00, 0x7F, 0xFF, 0xE0, 0x00, 0x1F, 0xFF, 0x03, 0xFF,
    0xE0, 0x00, 0x3F, 0xFF, 0xF8, 0x00, 0x0F, 0xFF, 0x81, 0xFF, 0xF0, 0x00, 0x1F, 0xFF, 0xFC, 0x00, 0x07, 0xFF, 0xC0,
    0xFF, 0xF8, 0x00, 0x1F, 0xFF, 0xFE, 0x00, 0x03, 0xFF, 0xC0, 0x7F, 0xFC, 0x00, 0x0F, 0xFF, 0xFF, 0x00, 0x03, 0xFF,
    0xE0, 0x1F, 0xFE, 0x00, 0x07, 0xFF, 0xFF, 0xC0, 0x01, 0xFF, 0xF0, 0x0F, 0xFF, 0x80, 0x03, 0xFF, 0xFF, 0xE0, 0x00,
    0xFF, 0xF8, 0x07, 0xFF, 0xC0, 0x03, 0xFF, 0xFF, 0xF0, 0x00, 0x7F, 0xF8, 0x03, 0xFF, 0xE0, 0x01, 0xFF, 0xDF, 0xF8,
    0x00, 0x7F, 0xFC, 0x00, 0xFF, 0xF0, 0x00, 0xFF, 0xEF, 0xFE, 0x00, 0x3F, 0xFE, 0x00, 0x7F, 0xFC, 0x00, 0x7F, 0xF7,
    0xFF, 0x00, 0x1F, 0xFF, 0x00, 0x3F, 0xFE, 0x00, 0x7F, 0xF3, 0xFF, 0x80, 0x0F, 0xFF, 0x00, 0x1F, 0xFF, 0x00, 0x3F,
    0xF9, 0xFF, 0xE0, 0x0F, 0xFF, 0x80, 0x07, 0xFF, 0x80, 0x1F, 0xFC, 0x7F, 0xF0, 0x07, 0xFF, 0xC0, 0x03, 0xFF, 0xE0,
    0x0F, 0xFE, 0x3F, 0xF8, 0x03, 0xFF, 0xE0, 0x01, 0xFF, 0xF0, 0x0F, 0xFE, 0x1F, 0xFC, 0x01, 0xFF, 0xE0, 0x00, 0xFF,
    0xF8, 0x07, 0xFF, 0x0F, 0xFF, 0x00, 0xFF, 0xF0, 0x00, 0x3F, 0xFC, 0x03, 0xFF, 0x87, 0xFF, 0x80, 0xFF, 0xF8, 0x00,
    0x1F, 0xFF, 0x03, 0xFF, 0xC1, 0xFF, 0xC0, 0x7F, 0xFC, 0x00, 0x0F, 0xFF, 0x81, 0xFF, 0xE0, 0xFF, 0xE0, 0x3F, 0xFC,
    0x00, 0x07, 0xFF, 0xC0, 0xFF, 0xE0, 0x7F, 0xF8, 0x1F, 0xFE, 0x00, 0x01, 0xFF, 0xE0, 0x7F, 0xF0, 0x1F, 0xFC, 0x1F,
    0xFF, 0x00, 0x00, 0xFF, 0xF0, 0x7F, 0xF8, 0x0F, 0xFE, 0x0F, 0xFF, 0x80, 0x00, 0x7F, 0xFC, 0x3F, 0xF8, 0x07, 0xFF,
    0x07, 0xFF, 0x80, 0x00, 0x3F, 0xFE, 0x1F, 0xFC, 0x03, 0xFF, 0xC3, 0xFF, 0xC0, 0x00, 0x0F, 0xFF, 0x0F, 0xFE, 0x00,
    0xFF, 0xE3, 0xFF, 0xE0, 0x00, 0x07, 0xFF, 0x8F, 0xFF, 0x00, 0x7F, 0xF1, 0xFF, 0xF0, 0x00, 0x03, 0xFF, 0xE7, 0xFF,
    0x00, 0x3F, 0xF8, 0xFF, 0xF0, 0x00, 0x00, 0xFF, 0xF3, 0xFF, 0x80, 0x1F, 0xFC, 0x7F, 0xF8, 0x00, 0x00, 0x7F, 0xF9,
    0xFF, 0xC0, 0x07, 0xFF, 0x3F, 0xFC, 0x00, 0x00, 0x3F, 0xFC, 0xFF, 0xE0, 0x03, 0xFF, 0xBF, 0xFE, 0x00, 0x00, 0x1F,
    0xFE, 0xFF, 0xE0, 0x01, 0xFF, 0xDF, 0xFE, 0x00, 0x00, 0x07, 0xFF, 0x7F, 0xF0, 0x00, 0xFF, 0xEF, 0xFF, 0x00, 0x00,
    0x03, 0xFF, 0xFF, 0xF8, 0x00, 0x3F, 0xF7, 0xFF, 0x80, 0x00, 0x01, 0xFF, 0xFF, 0xFC, 0x00, 0x1F, 0xFF, 0xFF, 0xC0,
    0x00, 0x00, 0xFF, 0xFF, 0xFC, 0x00, 0x0F, 0xFF, 0xFF, 0xC0, 0x00, 0x00, 0x3F, 0xFF, 0xFE, 0x00, 0x07, 0xFF, 0xFF,
    0xE0, 0x00, 0x00, 0x1F, 0xFF, 0xFF, 0x00, 0x01, 0xFF, 0xFF, 0xF0, 0x00, 0x00, 0x0F, 0xFF, 0xFF, 0x80, 0x00, 0xFF,
    0xFF, 0xF0, 0x00, 0x00, 0x07, 0xFF, 0xFF, 0x80, 0x00, 0x7F, 0xFF, 0xF8, 0x00, 0x00, 0x01, 0xFF, 0xFF, 0xC0, 0x00,
    0x3F, 0xFF, 0xFC, 0x00, 0x00, 0x00, 0xFF, 0xFF, 0xE0, 0x00, 0x0F, 0xFF, 0xFE, 0x00, 0x00, 0x00, 0x7F, 0xFF, 0xF0,
    0x00, 0x07, 0xFF, 0xFE, 0x00, 0x00, 0x00, 0x3F, 0xFF, 0xF0, 0x00, 0x03, 0xFF, 0xFF, 0x00, 0x00, 0x00, 0x0F, 0xFF,
    0xF8, 0x00, 0x00, 0xFF, 0xFF, 0x80, 0x00, 0x00, 0x07, 0xFF, 0xFC, 0x00, 0x00, 0x7F, 0xFF, 0xC0, 0x00, 0x00, 0x03,
    0xFF, 0xFE, 0x00, 0x00, 0x3F, 0xFF, 0xC0, 0x00, 0x00, 0x01, 0xFF, 0xFE, 0x00, 0x00, 0x1F, 0xFF, 0xE0, 0x00, 0x00,
    0x00, 0x7F, 0xFF, 0x00, 0x00, 0x07, 0xFF, 0xF0, 0x00, 0x00, 0x7F, 0xFF, 0x00, 0x00, 0x01, 0xFF, 0xFC, 0x3F, 0xFF,
    0x80, 0x00, 0x01, 0xFF, 0xFC, 0x1F, 0xFF, 0xC0, 0x00, 0x03, 0xFF, 0xF8, 0x1F, 0xFF, 0xC0, 0x00, 0x07, 0xFF, 0xF0,
    0x0F, 0xFF, 0xE0, 0x00, 0x07, 0xFF, 0xF0, 0x07, 0xFF, 0xE0, 0x00, 0x0F, 0xFF, 0xE0, 0x07, 0xFF, 0xF0, 0x00, 0x0F,
    0xFF, 0xC0, 0x03, 0xFF, 0xF8, 0x00, 0x1F, 0xFF, 0xC0, 0x01, 0xFF, 0xF8, 0x00, 0x3F, 0xFF, 0x80, 0x01, 0xFF, 0xFC,
    0x00, 0x3F, 0xFF, 0x00, 0x00, 0xFF, 0xFC, 0x00, 0x7F, 0xFF, 0x00, 0x00, 0xFF, 0xFE, 0x00, 0x7F, 0xFE, 0x00, 0x00,
    0x7F, 0xFF, 0x00, 0xFF, 0xFE, 0x00, 0x00, 0x3F, 0xFF, 0x01, 0xFF, 0xFC, 0x00, 0x00, 0x3F, 0xFF, 0x81, 0xFF, 0xF8,
    0x00, 0x00, 0x1F, 0xFF, 0x83, 0xFF, 0xF8, 0x00, 0x00, 0x0F, 0xFF, 0xC3, 0xFF, 0xF0, 0x00, 0x00, 0x0F, 0xFF, 0xE7,
    0xFF, 0xE0, 0x00, 0x00, 0x07, 0xFF, 0xEF, 0xFF, 0xE0, 0x00, 0x00, 0x03, 0xFF, 0xFF, 0xFF, 0xC0, 0x00, 0x00, 0x03,
    0xFF, 0xFF, 0xFF, 0x80, 0x00, 0x00, 0x01, 0xFF, 0xFF, 0xFF, 0x80, 0x00, 0x00, 0x00, 0xFF, 0xFF, 0xFF, 0x00, 0x00,
    0x00, 0x00, 0xFF, 0xFF, 0xFF, 0x00, 0x00, 0x00, 0x00, 0x7F, 0xFF, 0xFE, 0x00, 0x00, 0x00, 0x00, 0x3F, 0xFF, 0xFC,
    0x00, 0x00, 0x00, 0x00, 0x3F, 0xFF, 0xFC, 0x00, 0x00, 0x00, 0x00, 0x1F, 0xFF, 0xF8, 0x00, 0x00, 0x00, 0x00, 0x1F,
    0xFF, 0xF0, 0x00, 0x00, 0x00, 0x00, 0x1F, 0xFF, 0xF0, 0x00, 0x00, 0x00, 0x00, 0x3F, 0xFF, 0xF8, 0x00, 0x00, 0x00,
    0x00, 0x3F, 0xFF, 0xF8, 0x00, 0x00, 0x00, 0x00, 0x7F, 0xFF, 0xFC, 0x00, 0x00, 0x00, 0x00, 0xFF, 0xFF, 0xFE, 0x00,
    0x00, 0x00, 0x00, 0xFF, 0xFF, 0xFE, 0x00, 0x00, 0x00, 0x01, 0xFF, 0xFF, 0xFF, 0x00, 0x00, 0x00, 0x03, 0xFF, 0xFF,
    0xFF, 0x80, 0x00, 0x00, 0x03, 0xFF, 0xFF, 0xFF, 0x80, 0x00, 0x00, 0x07, 0xFF, 0xFF, 0xFF, 0xC0, 0x00, 0x00, 0x0F,
    0xFF, 0xEF, 0xFF, 0xE0, 0x00, 0x00, 0x0F, 0xFF, 0xC7, 0xFF, 0xE0, 0x00, 0x00, 0x1F, 0xFF, 0xC3, 0xFF, 0xF0, 0x00,
    0x00, 0x1F, 0xFF, 0x83, 0xFF, 0xF8, 0x00, 0x00, 0x3F, 0xFF, 0x81, 0xFF, 0xF8, 0x00, 0x00, 0x7F, 0xFF, 0x01, 0xFF,
    0xFC, 0x00, 0x00, 0x7F, 0xFE, 0x00, 0xFF, 0xFE, 0x00, 0x00, 0xFF, 0xFE, 0x00, 0x7F, 0xFE, 0x00, 0x01, 0xFF, 0xFC,
    0x00, 0x7F, 0xFF, 0x00, 0x01, 0xFF, 0xF8, 0x00, 0x3F, 0xFF, 0x80, 0x03, 0xFF, 0xF8, 0x00, 0x1F, 0xFF, 0xC0, 0x07,
    0xFF, 0xF0, 0x00, 0x1F, 0xFF, 0xC0, 0x07, 0xFF, 0xF0, 0x00, 0x0F, 0xFF, 0xE0, 0x0F, 0xFF, 0xE0, 0x00, 0x0F, 0xFF,
    0xF0, 0x1F, 0xFF, 0xC0, 0x00, 0x07, 0xFF, 0xF0, 0x1F, 0xFF, 0xC0, 0x00, 0x03, 0xFF, 0xF8, 0x3F, 0xFF, 0x80, 0x00,
    0x03, 0xFF, 0xFC, 0x7F, 0xFF, 0x00, 0x00, 0x01, 0xFF, 0xFC, 0x7F, 0xFF, 0x00, 0x00, 0x01, 0xFF, 0xFE, 0xFF, 0xFE,
    0x00, 0x00, 0x00, 0xFF, 0xFF, 0xFF, 0xFE, 0x00, 0x00, 0x03, 0xFF, 0xFB, 0xFF, 0xF0, 0x00, 0x00, 0x1F, 0xFF, 0x9F,
    0xFF, 0xC0, 0x00, 0x01, 0xFF, 0xFC, 0x7F, 0xFE, 0x00, 0x00, 0x0F, 0xFF, 0xC3, 0xFF, 0xF8, 0x00, 0x00, 0xFF, 0xFC,
    0x0F, 0xFF, 0xC0, 0x00, 0x07, 0xFF, 0xE0, 0x7F, 0xFF, 0x00, 0x00, 0x7F, 0xFE, 0x01, 0xFF, 0xF8, 0x00, 0x03, 0xFF,
    0xF0, 0x07, 0xFF, 0xE0, 0x00, 0x3F, 0xFF, 0x00, 0x3F, 0xFF, 0x00, 0x01, 0xFF, 0xF8, 0x00, 0xFF, 0xFC, 0x00, 0x1F,
    0xFF, 0x80, 0x07, 0xFF, 0xE0, 0x00, 0xFF, 0xFC, 0x00, 0x1F, 0xFF, 0x80, 0x0F, 0xFF, 0xC0, 0x00, 0xFF, 0xFC, 0x00,
    0x7F, 0xFE, 0x00, 0x03, 0xFF, 0xF0, 0x07, 0xFF, 0xE0, 0x00, 0x1F, 0xFF, 0x80, 0x3F, 0xFE, 0x00, 0x00, 0x7F, 0xFE,
    0x03, 0xFF, 0xF0, 0x00, 0x03, 0xFF, 0xF0, 0x1F, 0xFF, 0x00, 0x00, 0x0F, 0xFF, 0xC1, 0xFF, 0xF8, 0x00, 0x00, 0x7F,
    0xFE, 0x0F, 0xFF, 0x80, 0x00, 0x01, 0xFF, 0xF8, 0xFF, 0xFC, 0x00, 0x00, 0x07, 0xFF, 0xC7, 0xFF, 0xC0, 0x00, 0x00,
    0x3F, 0xFF, 0x7F, 0xFE, 0x00, 0x00, 0x00, 0xFF, 0xFB, 0xFF, 0xE0, 0x00, 0x00, 0x07, 0xFF, 0xFF, 0xFF, 0x00, 0x00,
    0x00, 0x1F, 0xFF, 0xFF, 0xF0, 0x00, 0x00, 0x00, 0xFF, 0xFF, 0xFF, 0x00, 0x00, 0x00, 0x03, 0xFF, 0xFF, 0xF8, 0x00,
    0x00, 0x00, 0x1F, 0xFF, 0xFF, 0x80, 0x00, 0x00, 0x00, 0x7F, 0xFF, 0xFC, 0x00, 0x00, 0x00, 0x03, 0xFF, 0xFF, 0xC0,
    0x00, 0x00, 0x00, 0x0F, 0xFF, 0xFE, 0x00, 0x00, 0x00, 0x00, 0x7F, 0xFF, 0xE0, 0x00, 0x00, 0x00, 0x01, 0xFF, 0xFF,
    0x00, 0x00, 0x00, 0x00, 0x07, 0xFF, 0xF0, 0x00, 0x00, 0x00, 0x00, 0x3F, 0xFF, 0x80, 0x00, 0x00, 0x00, 0x00, 0xFF,
    0xF8, 0x00, 0x00, 0x00, 0x00, 0x07, 0xFF, 0xC0, 0x00, 0x00, 0x00, 0x00, 0x3F, 0xFE, 0x00, 0x00, 0x00, 0x00, 0x01,
    0xFF, 0xF0, 0x00, 0x00, 0x00, 0x00, 0x0F, 0xFF, 0x80, 0x00, 0x00, 0x00, 0x00, 0x7F, 0xFC, 0x00, 0x00, 0x00, 0x00,
    0x03, 0xFF, 0xE0, 0x00, 0x00, 0x00, 0x00, 0x1F, 0xFF, 0x00, 0x00, 0x00, 0x00, 0x00, 0xFF, 0xF8, 0x00, 0x00, 0x00,
    0x00, 0x07, 0xFF, 0xC0, 0x00, 0x00, 0x00, 0x00, 0x3F, 0xFE, 0x00, 0x00, 0x00, 0x00, 0x01, 0xFF, 0xF0, 0x00, 0x00,
    0x00, 0x00, 0x0F, 0xFF, 0x80, 0x00, 0x00, 0x00, 0x00, 0x7F, 0xFC, 0x00, 0x00, 0x00, 0x00, 0x03, 0xFF, 0xE0, 0x00,
    0x00, 0x00, 0x00, 0x1F, 0xFF, 0x00, 0x00, 0x00, 0x00, 0x00, 0xFF, 0xF8, 0x00, 0x00, 0x00, 0x00, 0x07, 0xFF, 0xC0,
    0x00, 0x00, 0x00, 0x00, 0x3F, 0xFE, 0x00, 0x00, 0x00, 0x00, 0x01, 0xFF, 0xF0, 0x00, 0x00, 0x00, 0x00, 0x0F, 0xFF,
    0x80, 0x00, 0x00, 0x00, 0x00, 0x7F, 0xFC, 0x00, 0x00, 0x00, 0x00, 0x03, 0xFF, 0xE0, 0x00, 0x00, 0x7F, 0xFF, 0xFF,
    0xFF, 0xFF, 0xF7, 0xFF, 0xFF, 0xFF, 0xFF, 0xFF, 0x7F, 0xFF, 0xFF, 0xFF, 0xFF, 0xF7, 0xFF, 0xFF, 0xFF, 0xFF, 0xFF,
    0x7F, 0xFF, 0xFF, 0xFF, 0xFF, 0xF7, 0xFF, 0xFF, 0xFF, 0xFF, 0xFF, 0x7F, 0xFF, 0xFF, 0xFF, 0xFF, 0xF7, 0xFF, 0xFF,
    0xFF, 0xFF, 0xFF, 0x7F, 0xFF, 0xFF, 0xFF, 0xFF, 0xF7, 0xFF, 0xFF, 0xFF, 0xFF, 0xFE, 0x00, 0x00, 0x00, 0x0F, 0xFF,
    0xE0, 0x00, 0x00, 0x01, 0xFF, 0xFC, 0x00, 0x00, 0x00, 0x1F, 0xFF, 0x80, 0x00, 0x00, 0x03, 0xFF, 0xF0, 0x00, 0x00,
    0x00, 0x7F, 0xFF, 0x00, 0x00, 0x00, 0x07, 0xFF, 0xE0, 0x00, 0x00, 0x00, 0xFF, 0xFC, 0x00, 0x00, 0x00, 0x1F, 0xFF,
    0xC0, 0x00, 0x00, 0x03, 0xFF, 0xF8, 0x00, 0x00, 0x00, 0x3F, 0xFF, 0x00, 0x00, 0x00, 0x07, 0xFF, 0xF0, 0x00, 0x00,
    0x00, 0xFF, 0xFE, 0x00, 0x00, 0x00, 0x0F, 0xFF, 0xC0, 0x00, 0x00, 0x01, 0xFF, 0xFC, 0x00, 0x00, 0x00, 0x3F, 0xFF,
    0x80, 0x00, 0x00, 0x03, 0xFF, 0xF0, 0x00, 0x00, 0x00, 0x7F, 0xFE, 0x00, 0x00, 0x00, 0x0F, 0xFF, 0xE0, 0x00, 0x00,
    0x01, 0xFF, 0xFC, 0x00, 0x00, 0x00, 0x1F, 0xFF, 0x80, 0x00, 0x00, 0x03, 0xFF, 0xF8, 0x00, 0x00, 0x00, 0x7F, 0xFF,
    0x00, 0x00, 0x00, 0x07, 0xFF, 0xE0, 0x00, 0x00, 0x00, 0xFF, 0xFE, 0x00, 0x00, 0x00, 0x1F, 0xFF, 0xC0, 0x00, 0x00,
    0x01, 0xFF, 0xF8, 0x00, 0x00, 0x00, 0x3F, 0xFF, 0x00, 0x00, 0x00, 0x07, 0xFF, 0xF0, 0x00, 0x00, 0x00, 0xFF, 0xFE,
    0x00, 0x00, 0x00, 0x0F, 0xFF, 0xC0, 0x00, 0x00, 0x01, 0xFF, 0xFC, 0x00, 0x00, 0x00, 0x3F, 0xFF, 0x80, 0x00, 0x00,
    0x03, 0xFF, 0xF0, 0x00, 0x00, 0x00, 0x7F, 0xFF, 0x00, 0x00, 0x00, 0x0F, 0xFF, 0xE0, 0x00, 0x00, 0x00, 0xFF, 0xFC,
    0x00, 0x00, 0x00, 0x1F, 0xFF, 0xC0, 0x00, 0x00, 0x03, 0xFF, 0xF8, 0x00, 0x00, 0x00, 0x7F, 0xFF, 0x00, 0x00, 0x00,
    0x07, 0xFF, 0xFF, 0xFF, 0xFF, 0xFF, 0xFF, 0xFF, 0xFF, 0xFF, 0xFF, 0xFF, 0xFF, 0xFF, 0xFF, 0xFF, 0xFF, 0xFF, 0xFF,
    0xFF, 0xFF, 0xFF, 0xFF, 0xFF, 0xFF, 0xFF, 0xFF, 0xFF, 0xFF, 0xFF, 0xFF, 0xFF, 0xFF, 0xFF, 0xFF, 0xFF, 0xFF, 0xFF,
    0xFF, 0xFF, 0xFF, 0xFF, 0xFF, 0xFF, 0xFF, 0xFF, 0xFF, 0xFF, 0xFF, 0xFF, 0xFF, 0xFF, 0xFF, 0xFF, 0xFF, 0xF0, 0xFF,
    0xFF, 0xFF, 0xFF, 0xFF, 0xFF, 0xFF, 0xFF, 0xFF, 0xFF, 0xFF, 0xFF, 0xFF, 0xFF, 0xFF, 0xFF, 0xFF, 0xFF, 0xFF, 0xFF,
    0xFF, 0xFF, 0xFF, 0xFE, 0x00, 0xFF, 0xE0, 0x0F, 0xFE, 0x00, 0xFF, 0xE0, 0x0F, 0xFE, 0x00, 0xFF, 0xE0, 0x0F, 0xFE,
    0x00, 0xFF, 0xE0, 0x0F, 0xFE, 0x00, 0xFF, 0xE0, 0x0F, 0xFE, 0x00, 0xFF, 0xE0, 0x0F, 0xFE, 0x00, 0xFF, 0xE0, 0x0F,
    0xFE, 0x00, 0xFF, 0xE0, 0x0F, 0xFE, 0x00, 0xFF, 0xE0, 0x0F, 0xFE, 0x00, 0xFF, 0xE0, 0x0F, 0xFE, 0x00, 0xFF, 0xE0,
    0x0F, 0xFE, 0x00, 0xFF, 0xE0, 0x0F, 0xFE, 0x00, 0xFF, 0xE0, 0x0F, 0xFE, 0x00, 0xFF, 0xE0, 0x0F, 0xFE, 0x00, 0xFF,
    0xE0, 0x0F, 0xFE, 0x00, 0xFF, 0xE0, 0x0F, 0xFE, 0x00, 0xFF, 0xE0, 0x0F, 0xFE, 0x00, 0xFF, 0xE0, 0x0F, 0xFE, 0x00,
    0xFF, 0xE0, 0x0F, 0xFE, 0x00, 0xFF, 0xE0, 0x0F, 0xFE, 0x00, 0xFF, 0xE0, 0x0F, 0xFE, 0x00, 0xFF, 0xE0, 0x0F, 0xFE,
    0x00, 0xFF, 0xE0, 0x0F, 0xFE, 0x00, 0xFF, 0xE0, 0x0F, 0xFE, 0x00, 0xFF, 0xE0, 0x0F, 0xFE, 0x00, 0xFF, 0xE0, 0x0F,
    0xFE, 0x00, 0xFF, 0xE0, 0x0F, 0xFF, 0xFF, 0xFF, 0xFF, 0xFF, 0xFF, 0xFF, 0xFF, 0xFF, 0xFF, 0xFF, 0xFF, 0xFF, 0xFF,
    0xFF, 0xFF, 0xFF, 0xFF, 0xFF, 0xFF, 0xFF, 0xFF, 0xFF, 0xF0, 0x00, 0x00, 0x0F, 0xFF, 0x00, 0x00, 0x01, 0xFF, 0xE0,
    0x00, 0x00, 0x3F, 0xFE, 0x00, 0x00, 0x03, 0xFF, 0xC0, 0x00, 0x00, 0x7F, 0xF8, 0x00, 0x00, 0x07, 0xFF, 0x80, 0x00,
    0x00, 0xFF, 0xF0, 0x00, 0x00, 0x1F, 0xFE, 0x00, 0x00, 0x01, 0xFF, 0xE0, 0x00, 0x00, 0x3F, 0xFC, 0x00, 0x00, 0x07,
    0xFF, 0x80, 0x00, 0x00, 0x7F, 0xF8, 0x00, 0x00, 0x0F, 0xFF, 0x00, 0x00, 0x01, 0xFF, 0xF0, 0x00, 0x00, 0x1F, 0xFE,
    0x00, 0x00, 0x03, 0xFF, 0xC0, 0x00, 0x00, 0x3F, 0xFC, 0x00, 0x00, 0x07, 0xFF, 0x80, 0x00, 0x00, 0xFF, 0xF0, 0x00,
    0x00, 0x0F, 0xFF, 0x00, 0x00, 0x01, 0xFF, 0xE0, 0x00, 0x00, 0x3F, 0xFE, 0x00, 0x00, 0x03, 0xFF, 0xC0, 0x00, 0x00,
    0x7F, 0xF8, 0x00, 0x00, 0x07, 0xFF, 0x80, 0x00, 0x00, 0xFF, 0xF0, 0x00, 0x00, 0x1F, 0xFE, 0x00, 0x00, 0x01, 0xFF,
    0xE0, 0x00, 0x00, 0x3F, 0xFC, 0x00, 0x00, 0x07, 0xFF, 0xC0, 0x00, 0x00, 0x7F, 0xF8, 0x00, 0x00, 0x0F, 0xFF, 0x00,
    0x00, 0x01, 0xFF, 0xF0, 0x00, 0x00, 0x1F, 0xFE, 0x00, 0x00, 0x03, 0xFF, 0xC0, 0x00, 0x00, 0x3F, 0xFC, 0x00, 0x00,
    0x07, 0xFF, 0x80, 0x00, 0x00, 0xFF, 0xF0, 0x00, 0x00, 0x0F, 0xFF, 0x00, 0x00, 0x01, 0xFF, 0xE0, 0x00, 0x00, 0x3F,
    0xFE, 0x00, 0x00, 0x03, 0xFF, 0xC0, 0x00, 0x00, 0x7F, 0xF8, 0x00, 0x00, 0x07, 0xFF, 0x80, 0x00, 0x00, 0xFF, 0xF0,
    0x00, 0x00, 0x1F, 0xFE, 0x00, 0x00, 0x01, 0xFF, 0xE0, 0x00, 0x00, 0x3F, 0xFC, 0x00, 0x00, 0x07, 0xFF, 0xC0, 0x00,
    0x00, 0x7F, 0xF8, 0x00, 0x00, 0x0F, 0xFF, 0x00, 0x00, 0x00, 0xFF, 0xF0, 0x00, 0x00, 0x1F, 0xFE, 0x00, 0x00, 0x03,
    0xFF, 0xC0, 0x00, 0x00, 0x3F, 0xFC, 0x00, 0x00, 0x07, 0xFF, 0x80, 0x00, 0x00, 0xFF, 0xF8, 0x00, 0x00, 0x0F, 0xFF,
    0x00, 0x00, 0x01, 0xFF, 0xE0, 0xFF, 0xFF, 0xFF, 0xFF, 0xFF, 0xFF, 0xFF, 0xFF, 0xFF, 0xFF, 0xFF, 0xFF, 0xFF, 0xFF,
    0xFF, 0xFF, 0xFF, 0xFF, 0xFF, 0xFF, 0xFF, 0xFF, 0xF0, 0x07, 0xFF, 0x00, 0x7F, 0xF0, 0x07, 0xFF, 0x00, 0x7F, 0xF0,
    0x07, 0xFF, 0x00, 0x7F, 0xF0, 0x07, 0xFF, 0x00, 0x7F, 0xF0, 0x07, 0xFF, 0x00, 0x7F, 0xF0, 0x07, 0xFF, 0x00, 0x7F,
    0xF0, 0x07, 0xFF, 0x00, 0x7F, 0xF0, 0x07, 0xFF, 0x00, 0x7F, 0xF0, 0x07, 0xFF, 0x00, 0x7F, 0xF0, 0x07, 0xFF, 0x00,
    0x7F, 0xF0, 0x07, 0xFF, 0x00, 0x7F, 0xF0, 0x07, 0xFF, 0x00, 0x7F, 0xF0, 0x07, 0xFF, 0x00, 0x7F, 0xF0, 0x07, 0xFF,
    0x00, 0x7F, 0xF0, 0x07, 0xFF, 0x00, 0x7F, 0xF0, 0x07, 0xFF, 0x00, 0x7F, 0xF0, 0x07, 0xFF, 0x00, 0x7F, 0xF0, 0x07,
    0xFF, 0x00, 0x7F, 0xF0, 0x07, 0xFF, 0x00, 0x7F, 0xF0, 0x07, 0xFF, 0x00, 0x7F, 0xF0, 0x07, 0xFF, 0x00, 0x7F, 0xF0,
    0x07, 0xFF, 0x00, 0x7F, 0xF0, 0x07, 0xFF, 0x00, 0x7F, 0xF0, 0x07, 0xFF, 0x00, 0x7F, 0xF0, 0x07, 0xFF, 0x00, 0x7F,
    0xF0, 0x07, 0xFF, 0x00, 0x7F, 0xF0, 0x07, 0xFF, 0x00, 0x7F, 0xFF, 0xFF, 0xFF, 0xFF, 0xFF, 0xFF, 0xFF, 0xFF, 0xFF,
    0xFF, 0xFF, 0xFF, 0xFF, 0xFF, 0xFF, 0xFF, 0xFF, 0xFF, 0xFF, 0xFF, 0xFF, 0xFF, 0xFF, 0x00, 0x00, 0x3F, 0x80, 0x00,
    0x00, 0x00, 0x01, 0xFE, 0x00, 0x00, 0x00, 0x00, 0x1F, 0xF0, 0x00, 0x00, 0x00, 0x00, 0xFF, 0xC0, 0x00, 0x00, 0x00,
    0x07, 0xFE, 0x00, 0x00, 0x00, 0x00, 0x7F, 0xF8, 0x00, 0x00, 0x00, 0x03, 0xFF, 0xC0, 0x00, 0x00, 0x00, 0x3F, 0xFF,
    0x00, 0x00, 0x00, 0x01, 0xFF, 0xF8, 0x00, 0x00, 0x00, 0x1F, 0xFF, 0xE0, 0x00, 0x00, 0x00, 0xFF, 0xFF, 0x00, 0x00,
    0x00, 0x0F, 0xFF, 0xFC, 0x00, 0x00, 0x00, 0x7F, 0xFF, 0xE0, 0x00, 0x00, 0x07, 0xFF, 0xFF, 0x80, 0x00, 0x00, 0x3F,
    0xFF, 0xFC, 0x00, 0x00, 0x03, 0xFF, 0x3F, 0xF0, 0x00, 0x00, 0x1F, 0xF9, 0xFF, 0x80, 0x00, 0x01, 0xFF, 0x87, 0xFE,
    0x00, 0x00, 0x0F, 0xFC, 0x3F, 0xF0, 0x00, 0x00, 0x7F, 0xC0, 0xFF, 0xC0, 0x00, 0x07, 0xFE, 0x07, 0xFE, 0x00, 0x00,
    0x3F, 0xF0, 0x1F, 0xF8, 0x00, 0x03, 0xFF, 0x00, 0xFF, 0xE0, 0x00, 0x1F, 0xF8, 0x03, 0xFF, 0x00, 0x01, 0xFF, 0x80,
    0x1F, 0xFC, 0x00, 0x0F, 0xFC, 0x00, 0x7F, 0xE0, 0x00, 0xFF, 0xC0, 0x03, 0xFF, 0x80, 0x07, 0xFE, 0x00, 0x0F, 0xFC,
    0x00, 0x7F, 0xE0, 0x00, 0x7F, 0xF0, 0x03, 0xFF, 0x00, 0x01, 0xFF, 0x80, 0x3F, 0xF8, 0x00, 0x0F, 0xFE, 0x01, 0xFF,
    0x80, 0x00, 0x3F, 0xF0, 0x0F, 0xFC, 0x00, 0x01, 0xFF, 0xC0, 0xFF, 0xC0, 0x00, 0x07, 0xFE, 0x07, 0xFE, 0x00, 0x00,
    0x3F, 0xF8, 0x7F, 0xE0, 0x00, 0x00, 0xFF, 0xC3, 0xFF, 0x00, 0x00, 0x07, 0xFF, 0x3F, 0xF8, 0x00, 0x00, 0x1F, 0xF9,
    0xFF, 0x80, 0x00, 0x00, 0xFF, 0xE0, 0xFF, 0xFF, 0xFF, 0xFF, 0xFF, 0xFF, 0xFF, 0xFF, 0xFF, 0xFF, 0xFF, 0xFF, 0xFF,
    0xFF, 0xFF, 0xFF, 0xFF, 0xFF, 0xFF, 0xFF, 0xFF, 0xFF, 0xFF, 0xFF, 0xFF, 0xFF, 0xC0, 0xFF, 0xFE, 0x00, 0xFF, 0xFF,
    0x00, 0x7F, 0xFF, 0x80, 0x3F, 0xFF, 0x80, 0x0F, 0xFF, 0xC0, 0x07, 0xFF, 0xE0, 0x03, 0xFF, 0xF0, 0x01, 0xFF, 0xF8,
    0x00, 0x7F, 0xF8, 0x00, 0x3F, 0xFC, 0x00, 0x1F, 0xFE, 0x00, 0x07, 0xFF, 0x00, 0x03, 0xFF, 0x00, 0x03, 0xFF, 0xFC,
    0x00, 0x00, 0x1F, 0xFF, 0xFF, 0xC0, 0x00, 0x3F, 0xFF, 0xFF, 0xF8, 0x00, 0xFF, 0xFF, 0xFF, 0xFE, 0x00, 0x7F, 0xFF,
    0xFF, 0xFF, 0x80, 0x3F, 0xFF, 0xFF, 0xFF, 0xE0, 0x1F, 0xFF, 0xFF, 0xFF, 0xF8, 0x07, 0xFF, 0xFF, 0xFF, 0xFC, 0x03,
    0xFF, 0xFF, 0xFF, 0xFF, 0x00, 0xFF, 0xFF, 0xFF, 0xFF, 0x80, 0x7F, 0xC0, 0x1F, 0xFF, 0xE0, 0x3F, 0x00, 0x07, 0xFF,
    0xF0, 0x0C, 0x00, 0x01, 0xFF, 0xF8, 0x00, 0x00, 0x00, 0xFF, 0xFC, 0x00, 0x00, 0x00, 0x7F, 0xFE, 0x00, 0x00, 0x00,
    0x1F, 0xFF, 0x00, 0x00, 0x00, 0x0F, 0xFF, 0x80, 0x00, 0x00, 0x07, 0xFF, 0xC0, 0x03, 0xFF, 0xFF, 0xFF, 0xE0, 0x1F,
    0xFF, 0xFF, 0xFF, 0xF0, 0x3F, 0xFF, 0xFF, 0xFF, 0xF8, 0x3F, 0xFF, 0xFF, 0xFF, 0xFC, 0x3F, 0xFF, 0xFF, 0xFF, 0xFE,
    0x3F, 0xFF, 0xFF, 0xFF, 0xFF, 0x3F, 0xFF, 0xFF, 0xFF, 0xFF, 0xBF, 0xFF, 0xFC, 0x07, 0xFF, 0xDF, 0xFF, 0xC0, 0x03,
    0xFF, 0xFF, 0xFF, 0xC0, 0x01, 0xFF, 0xFF, 0xFF, 0xC0, 0x00, 0xFF, 0xFF, 0xFF, 0xE0, 0x00, 0x7F, 0xFF, 0xFF, 0xE0,
    0x00, 0x7F, 0xFF, 0xFF, 0xF0, 0x00, 0x3F, 0xFF, 0xFF, 0xF8, 0x00, 0x1F, 0xFF, 0xFF, 0xFC, 0x00, 0x1F, 0xFF, 0xFF,
    0xFF, 0x00, 0x0F, 0xFF, 0xFF, 0xFF, 0x80, 0x1F, 0xFF, 0xFF, 0xFF, 0xF0, 0x3F, 0xFF, 0xFF, 0xFF, 0xFF, 0xFF, 0xFF,
    0xFF, 0xFF, 0xFF, 0xFF, 0xFF, 0xFE, 0xFF, 0xFF, 0xFF, 0xFF, 0xFF, 0x7F, 0xFF, 0xFF, 0xFF, 0xFF, 0x9F, 0xFF, 0xFF,
    0xF9, 0xFF, 0xC7, 0xFF, 0xFF, 0xF8, 0xFF, 0xE1, 0xFF, 0xFF, 0xF8, 0x7F, 0xF0, 0x7F, 0xFF, 0xF8, 0x1F, 0xF8, 0x1F,
    0xFF, 0xF0, 0x0F, 0xFC, 0x03, 0xFF, 0xE0, 0x03, 0xFC, 0xFF, 0xF8, 0x00, 0x00, 0x00, 0x1F, 0xFF, 0x00, 0x00, 0x00,
    0x03, 0xFF, 0xE0, 0x00, 0x00, 0x00, 0x7F, 0xFC, 0x00, 0x00, 0x00, 0x0F, 0xFF, 0x80, 0x00, 0x00, 0x01, 0xFF, 0xF0,
    0x00, 0x00, 0x00, 0x3F, 0xFE, 0x00, 0x00, 0x00, 0x07, 0xFF, 0xC0, 0x00, 0x00, 0x00, 0xFF, 0xF8, 0x00, 0x00, 0x00,
    0x1F, 0xFF, 0x00, 0x00, 0x00, 0x03, 0xFF, 0xE0, 0x00, 0x00, 0x00, 0x7F, 0xFC, 0x00, 0x00, 0x00, 0x0F, 0xFF, 0x80,
    0x00, 0x00, 0x01, 0xFF, 0xF0, 0x00, 0x00, 0x00, 0x3F, 0xFE, 0x00, 0x00, 0x00, 0x07, 0xFF, 0xC0, 0x00, 0x00, 0x00,
    0xFF, 0xF8, 0x00, 0x00, 0x00, 0x1F, 0xFF, 0x01, 0xFF, 0xC0, 0x03, 0xFF, 0xE0, 0xFF, 0xFF, 0x00, 0x7F, 0xFC, 0x7F,
    0xFF, 0xF0, 0x0F, 0xFF, 0x9F, 0xFF, 0xFF, 0x01, 0xFF, 0xF7, 0xFF, 0xFF, 0xF0, 0x3F, 0xFF, 0xFF, 0xFF, 0xFF, 0x07,
    0xFF, 0xFF, 0xFF, 0xFF, 0xF0, 0xFF, 0xFF, 0xFF, 0xFF, 0xFF, 0x1F, 0xFF, 0xFF, 0xFF, 0xFF, 0xE3, 0xFF, 0xFF, 0xFF,
    0xFF, 0xFE, 0x7F, 0xFF, 0xE0, 0x3F, 0xFF, 0xCF, 0xFF, 0xF0, 0x03, 0xFF, 0xFD, 0xFF, 0xFC, 0x00, 0x3F, 0xFF, 0xBF,
    0xFF, 0x80, 0x03, 0xFF, 0xF7, 0xFF, 0xE0, 0x00, 0x7F, 0xFE, 0xFF, 0xFC, 0x00, 0x07, 0xFF, 0xFF, 0xFF, 0x80, 0x00,
    0xFF, 0xFF, 0xFF, 0xF0, 0x00, 0x1F, 0xFF, 0xFF, 0xFC, 0x00, 0x03, 0xFF, 0xFF, 0xFF, 0x80, 0x00, 0x7F, 0xFF, 0xFF,
    0xF0, 0x00, 0x07, 0xFF, 0xFF, 0xFE, 0x00, 0x00, 0xFF, 0xFF, 0xFF, 0xC0, 0x00, 0x1F, 0xFF, 0xFF, 0xF8, 0x00, 0x03,
    0xFF, 0xFF, 0xFF, 0x00, 0x00, 0x7F, 0xFF, 0xFF, 0xE0, 0x00, 0x0F, 0xFF, 0xFF, 0xFC, 0x00, 0x03, 0xFF, 0xFF, 0xFF,
    0x80, 0x00, 0x7F, 0xFF, 0xFF, 0xF8, 0x00, 0x0F, 0xFF, 0xFF, 0xFF, 0x00, 0x01, 0xFF, 0xFF, 0xFF, 0xE0, 0x00, 0x3F,
    0xFF, 0xFF, 0xFC, 0x00, 0x0F, 0xFF, 0xDF, 0xFF, 0xC0, 0x01, 0xFF, 0xFB, 0xFF, 0xF8, 0x00, 0x7F, 0xFF, 0x7F, 0xFF,
    0x80, 0x0F, 0xFF, 0xEF, 0xFF, 0xF8, 0x03, 0xFF, 0xF9, 0xFF, 0xFF, 0xE3, 0xFF, 0xFF, 0x3F, 0xFF, 0xFF, 0xFF, 0xFF,
    0xC7, 0xFF, 0xFF, 0xFF, 0xFF, 0xF8, 0xFF, 0xFF, 0xFF, 0xFF, 0xFE, 0x1F, 0xFF, 0xFF, 0xFF, 0xFF, 0xC3, 0xFF, 0xDF,
    0xFF, 0xFF, 0xF0, 0x7F, 0xF9, 0xFF, 0xFF, 0xFC, 0x0F, 0xFE, 0x1F, 0xFF, 0xFF, 0x01, 0xFF, 0xC0, 0xFF, 0xFF, 0x80,
    0x3F, 0xF0, 0x0F, 0xFF, 0xC0, 0x00, 0x00, 0x00, 0x3F, 0xC0, 0x00, 0x00, 0x00, 0x3F, 0xF0, 0x00, 0x00, 0x1F, 0xFF,
    0xFC, 0x00, 0x07, 0xFF, 0xFF, 0xFC, 0x00, 0xFF, 0xFF, 0xFF, 0xF0, 0x0F, 0xFF, 0xFF, 0xFF, 0x80, 0xFF, 0xFF, 0xFF,
    0xF8, 0x0F, 0xFF, 0xFF, 0xFF, 0xC0, 0xFF, 0xFF, 0xFF, 0xFC, 0x0F, 0xFF, 0xFF, 0xFF, 0xE0, 0xFF, 0xFF, 0xFF, 0xFF,
    0x07, 0xFF, 0xFE, 0x1F, 0xF0, 0x7F, 0xFF, 0x80, 0x0F, 0x83, 0xFF, 0xF8, 0x00, 0x08, 0x3F, 0xFF, 0x80, 0x00, 0x01,
    0xFF, 0xF8, 0x00, 0x00, 0x0F, 0xFF, 0xC0, 0x00, 0x00, 0xFF, 0xFC, 0x00, 0x00, 0x07, 0xFF, 0xE0, 0x00, 0x00, 0x3F,
    0xFF, 0x00, 0x00, 0x01, 0xFF, 0xF8, 0x00, 0x00, 0x0F, 0xFF, 0x80, 0x00, 0x00, 0x7F, 0xFC, 0x00, 0x00, 0x03, 0xFF,
    0xE0, 0x00, 0x00, 0x1F, 0xFF, 0x00, 0x00, 0x00, 0xFF, 0xF8, 0x00, 0x00, 0x07, 0xFF, 0xC0, 0x00, 0x00, 0x3F, 0xFE,
    0x00, 0x00, 0x01, 0xFF, 0xF0, 0x00, 0x00, 0x0F, 0xFF, 0xC0, 0x00, 0x00, 0x7F, 0xFE, 0x00, 0x00, 0x03, 0xFF, 0xF0,
    0x00, 0x00, 0x1F, 0xFF, 0x80, 0x00, 0x00, 0x7F, 0xFE, 0x00, 0x00, 0x03, 0xFF, 0xF0, 0x00, 0x00, 0x1F, 0xFF, 0xC0,
    0x00, 0x0C, 0x7F, 0xFF, 0x00, 0x03, 0xE3, 0xFF, 0xFE, 0x00, 0xFF, 0x0F, 0xFF, 0xFF, 0xFF, 0xF8, 0x7F, 0xFF, 0xFF,
    0xFF, 0xC1, 0xFF, 0xFF, 0xFF, 0xFE, 0x07, 0xFF, 0xFF, 0xFF, 0xF0, 0x1F, 0xFF, 0xFF, 0xFF, 0x80, 0x7F, 0xFF, 0xFF,
    0xFC, 0x01, 0xFF, 0xFF, 0xFF, 0xE0, 0x03, 0xFF, 0xFF, 0xFE, 0x00, 0x07, 0xFF, 0xFF, 0xC0, 0x00, 0x07, 0xFF, 0xF0,
    0x00, 0x00, 0x00, 0x00, 0x03, 0xFF, 0xE0, 0x00, 0x00, 0x00, 0x7F, 0xFC, 0x00, 0x00, 0x00, 0x0F, 0xFF, 0x80, 0x00,
    0x00, 0x01, 0xFF, 0xF0, 0x00, 0x00, 0x00, 0x3F, 0xFE, 0x00, 0x00, 0x00, 0x07, 0xFF, 0xC0, 0x00, 0x00, 0x00, 0xFF,
    0xF8, 0x00, 0x00, 0x00, 0x1F, 0xFF, 0x00, 0x00, 0x00, 0x03, 0xFF, 0xE0, 0x00, 0x00, 0x00, 0x7F, 0xFC, 0x00, 0x00,
    0x00, 0x0F, 0xFF, 0x80, 0x00, 0x00, 0x01, 0xFF, 0xF0, 0x00, 0x00, 0x00, 0x3F, 0xFE, 0x00, 0x00, 0x00, 0x07, 0xFF,
    0xC0, 0x00, 0x00, 0x00, 0xFF, 0xF8, 0x00, 0x00, 0x00, 0x1F, 0xFF, 0x00, 0x00, 0x00, 0x03, 0xFF, 0xE0, 0x00, 0x7F,
    0x80, 0x7F, 0xFC, 0x00, 0x7F, 0xFE, 0x0F, 0xFF, 0x80, 0x3F, 0xFF, 0xE1, 0xFF, 0xF0, 0x1F, 0xFF, 0xFF, 0x3F, 0xFE,
    0x07, 0xFF, 0xFF, 0xF7, 0xFF, 0xC1, 0xFF, 0xFF, 0xFF, 0xFF, 0xF8, 0x7F, 0xFF, 0xFF, 0xFF, 0xFF, 0x1F, 0xFF, 0xFF,
    0xFF, 0xFF, 0xE3, 0xFF, 0xFF, 0xFF, 0xFF, 0xFC, 0xFF, 0xFF, 0xFF, 0xFF, 0xFF, 0x9F, 0xFF, 0xF8, 0xFF, 0xFF, 0xF7,
    0xFF, 0xFC, 0x03, 0xFF, 0xFE, 0xFF, 0xFE, 0x00, 0x1F, 0xFF, 0xDF, 0xFF, 0xC0, 0x03, 0xFF, 0xFB, 0xFF, 0xF0, 0x00,
    0x3F, 0xFF, 0xFF, 0xFE, 0x00, 0x07, 0xFF, 0xFF, 0xFF, 0x80, 0x00, 0x7F, 0xFF, 0xFF, 0xF0, 0x00, 0x0F, 0xFF, 0xFF,
    0xFE, 0x00, 0x01, 0xFF, 0xFF, 0xFF, 0x80, 0x00, 0x3F, 0xFF, 0xFF, 0xF0, 0x00, 0x07, 0xFF, 0xFF, 0xFE, 0x00, 0x00,
    0xFF, 0xFF, 0xFF, 0xC0, 0x00, 0x1F, 0xFF, 0xFF, 0xF8, 0x00, 0x03, 0xFF, 0xFF, 0xFF, 0x00, 0x00, 0x7F, 0xFF, 0xFF,
    0xE0, 0x00, 0x0F, 0xFF, 0xFF, 0xFC, 0x00, 0x01, 0xFF, 0xFF, 0xFF, 0x80, 0x00, 0x3F, 0xFF, 0xFF, 0xF8, 0x00, 0x07,
    0xFF, 0xFF, 0xFF, 0x00, 0x00, 0xFF, 0xFF, 0xFF, 0xE0, 0x00, 0x1F, 0xFF, 0xFF, 0xFC, 0x00, 0x03, 0xFF, 0xEF, 0xFF,
    0xC0, 0x00, 0xFF, 0xFD, 0xFF, 0xF8, 0x00, 0x1F, 0xFF, 0xBF, 0xFF, 0x80, 0x07, 0xFF, 0xF7, 0xFF, 0xF8, 0x01, 0xFF,
    0xFE, 0x7F, 0xFF, 0xE3, 0xFF, 0xFF, 0xCF, 0xFF, 0xFF, 0xFF, 0xFF, 0xF8, 0xFF, 0xFF, 0xFF, 0xFF, 0xFF, 0x1F, 0xFF,
    0xFF, 0xFF, 0xFF, 0xE1, 0xFF, 0xFF, 0xFF, 0xFF, 0xFC, 0x1F, 0xFF, 0xFF, 0xF7, 0xFF, 0x81, 0xFF, 0xFF, 0xFC, 0xFF,
    0xF0, 0x1F, 0xFF, 0xFF, 0x0F, 0xFE, 0x00, 0xFF, 0xFF, 0x81, 0xFF, 0xC0, 0x0F, 0xFF, 0xC0, 0x3F, 0xF8, 0x00, 0x3F,
    0xC0, 0x00, 0x00, 0x00, 0x01, 0xFF, 0xF8, 0x00, 0x00, 0x03, 0xFF, 0xFF, 0x80, 0x00, 0x03, 0xFF, 0xFF, 0xF8, 0x00,
    0x03, 0xFF, 0xFF, 0xFF, 0x80, 0x01, 0xFF, 0xFF, 0xFF, 0xF0, 0x00, 0xFF, 0xFF, 0xFF, 0xFE, 0x00, 0x7F, 0xFF, 0xFF,
    0xFF, 0xC0, 0x3F, 0xFF, 0xFF, 0xFF, 0xF8, 0x0F, 0xFF, 0xFF, 0xFF, 0xFE, 0x07, 0xFF, 0xFC, 0x7F, 0xFF, 0xC3, 0xFF,
    0xFC, 0x03, 0xFF, 0xF0, 0xFF, 0xFC, 0x00, 0x7F, 0xFE, 0x7F, 0xFE, 0x00, 0x0F, 0xFF, 0x9F, 0xFF, 0x80, 0x01, 0xFF,
    0xE7, 0xFF, 0xC0, 0x00, 0x7F, 0xFD, 0xFF, 0xF0, 0x00, 0x1F, 0xFF, 0xFF, 0xFC, 0x00, 0x07, 0xFF, 0xFF, 0xFF, 0x00,
    0x00, 0xFF, 0xFF, 0xFF, 0xC0, 0x00, 0x3F, 0xFF, 0xFF, 0xFF, 0xFF, 0xFF, 0xFF, 0xFF, 0xFF, 0xFF, 0xFF, 0xFF, 0xFF,
    0xFF, 0xFF, 0xFF, 0xFF, 0xFF, 0xFF, 0xFF, 0xFF, 0xFF, 0xFF, 0xFF, 0xFF, 0xFF, 0xFF, 0xFF, 0xFF, 0xFF, 0xFF, 0xFF,
    0xFF, 0xFF, 0xFF, 0xFF, 0xFF, 0xFF, 0xFF, 0xFF, 0xFF, 0xFF, 0xFF, 0xFF, 0xFF, 0xE0, 0x00, 0x00, 0x00, 0xFF, 0xF8,
    0x00, 0x00, 0x00, 0x3F, 0xFE, 0x00, 0x00, 0x00, 0x0F, 0xFF, 0xC0, 0x00, 0x00, 0x01, 0xFF, 0xF0, 0x00, 0x00, 0x00,
    0x7F, 0xFE, 0x00, 0x00, 0x00, 0x1F, 0xFF, 0x80, 0x00, 0x00, 0x07, 0xFF, 0xF0, 0x00, 0x00, 0x30, 0xFF, 0xFF, 0x00,
    0x00, 0x7C, 0x3F, 0xFF, 0xF0, 0x01, 0xFF, 0x07, 0xFF, 0xFF, 0xFF, 0xFF, 0xC0, 0xFF, 0xFF, 0xFF, 0xFF, 0xF0, 0x3F,
    0xFF, 0xFF, 0xFF, 0xFC, 0x07, 0xFF, 0xFF, 0xFF, 0xFF, 0x00, 0xFF, 0xFF, 0xFF, 0xFF, 0xC0, 0x1F, 0xFF, 0xFF, 0xFF,
    0xF0, 0x01, 0xFF, 0xFF, 0xFF, 0xFC, 0x00, 0x3F, 0xFF, 0xFF, 0xFC, 0x00, 0x01, 0xFF, 0xFF, 0xFC, 0x00, 0x00, 0x0F,
    0xFF, 0xF8, 0x00, 0x00, 0x00, 0xFF, 0xFE, 0x00, 0x00, 0xFF, 0xFF, 0xF8, 0x00, 0x3F, 0xFF, 0xFF, 0x00, 0x1F, 0xFF,
    0xFF, 0xE0, 0x07, 0xFF, 0xFF, 0xFC, 0x00, 0xFF, 0xFF, 0xFF, 0x00, 0x3F, 0xFF, 0xFF, 0xE0, 0x07, 0xFF, 0xFF, 0xFC,
    0x01, 0xFF, 0xFF, 0xFF, 0x00, 0x3F, 0xFF, 0xFF, 0xE0, 0x07, 0xFF, 0xF0, 0x1C, 0x00, 0xFF, 0xFC, 0x00, 0x00, 0x1F,
    0xFF, 0x80, 0x00, 0x03, 0xFF, 0xE0, 0x00, 0x00, 0x7F, 0xFC, 0x00, 0x00, 0x0F, 0xFF, 0x80, 0x00, 0x01, 0xFF, 0xF0,
    0x00, 0x00, 0x3F, 0xFE, 0x00, 0x00, 0x1F, 0xFF, 0xFF, 0xF0, 0x0F, 0xFF, 0xFF, 0xFE, 0x07, 0xFF, 0xFF, 0xFF, 0xC1,
    0xFF, 0xFF, 0xFF, 0xF8, 0x3F, 0xFF, 0xFF, 0xFF, 0x07, 0xFF, 0xFF, 0xFF, 0xE0, 0xFF, 0xFF, 0xFF, 0xFC, 0x1F, 0xFF,
    0xFF, 0xFF, 0x83, 0xFF, 0xFF, 0xFF, 0xF0, 0x7F, 0xFF, 0xFF, 0xFE, 0x00, 0x1F, 0xFF, 0x00, 0x00, 0x03, 0xFF, 0xE0,
    0x00, 0x00, 0x7F, 0xFC, 0x00, 0x00, 0x0F, 0xFF, 0x80, 0x00, 0x01, 0xFF, 0xF0, 0x00, 0x00, 0x3F, 0xFE, 0x00, 0x00,
    0x07, 0xFF, 0xC0, 0x00, 0x00, 0xFF, 0xF8, 0x00, 0x00, 0x1F, 0xFF, 0x00, 0x00, 0x03, 0xFF, 0xE0, 0x00, 0x00, 0x7F,
    0xFC, 0x00, 0x00, 0x0F, 0xFF, 0x80, 0x00, 0x01, 0xFF, 0xF0, 0x00, 0x00, 0x3F, 0xFE, 0x00, 0x00, 0x07, 0xFF, 0xC0,
    0x00, 0x00, 0xFF, 0xF8, 0x00, 0x00, 0x1F, 0xFF, 0x00, 0x00, 0x03, 0xFF, 0xE0, 0x00, 0x00, 0x7F, 0xFC, 0x00, 0x00,
    0x0F, 0xFF, 0x80, 0x00, 0x01, 0xFF, 0xF0, 0x00, 0x00, 0x3F, 0xFE, 0x00, 0x00, 0x07, 0xFF, 0xC0, 0x00, 0x00, 0xFF,
    0xF8, 0x00, 0x00, 0x1F, 0xFF, 0x00, 0x00, 0x03, 0xFF, 0xE0, 0x00, 0x00, 0x7F, 0xFC, 0x00, 0x00, 0x0F, 0xFF, 0x80,
    0x00, 0x01, 0xFF, 0xF0, 0x00, 0x00, 0x3F, 0xFE, 0x00, 0x00, 0x07, 0xFF, 0xC0, 0x00, 0x00, 0xFF, 0xF8, 0x00, 0x00,
    0x1F, 0xFF, 0x00, 0x00, 0x03, 0xFF, 0xE0, 0x00, 0x00, 0x7F, 0xFC, 0x00, 0x00, 0x00, 0x00, 0x00, 0x00, 0x00, 0x03,
    0xFC, 0x00, 0x00, 0x00, 0x03, 0xFF, 0xF0, 0x1F, 0xFC, 0x01, 0xFF, 0xFF, 0x87, 0xFF, 0x80, 0xFF, 0xFF, 0xF8, 0xFF,
    0xF0, 0x3F, 0xFF, 0xFF, 0x9F, 0xFE, 0x0F, 0xFF, 0xFF, 0xFB, 0xFF, 0xC3, 0xFF, 0xFF, 0xFF, 0xFF, 0xF8, 0x7F, 0xFF,
    0xFF, 0xFF, 0xFF, 0x1F, 0xFF, 0xFF, 0xFF, 0xFF, 0xE3, 0xFF, 0xFF, 0xFF, 0xFF, 0xFC, 0xFF, 0xFF, 0xC7, 0xFF, 0xFF,
    0x9F, 0xFF, 0xC0, 0x1F, 0xFF, 0xF7, 0xFF, 0xF0, 0x00, 0xFF, 0xFE, 0xFF, 0xFC, 0x00, 0x1F, 0xFF, 0xDF, 0xFF, 0x80,
    0x01, 0xFF, 0xFF, 0xFF, 0xE0, 0x00, 0x1F, 0xFF, 0xFF, 0xFC, 0x00, 0x03, 0xFF, 0xFF, 0xFF, 0x80, 0x00, 0x7F, 0xFF,
    0xFF, 0xF0, 0x00, 0x0F, 0xFF, 0xFF, 0xFC, 0x00, 0x01, 0xFF, 0xFF, 0xFF, 0x80, 0x00, 0x3F, 0xFF, 0xFF, 0xF0, 0x00,
    0x03, 0xFF, 0xFF, 0xFE, 0x00, 0x00, 0x7F, 0xFF, 0xFF, 0xC0, 0x00, 0x0F, 0xFF, 0xFF, 0xF8, 0x00, 0x01, 0xFF, 0xFF,
    0xFF, 0x00, 0x00, 0x3F, 0xFF, 0xFF, 0xE0, 0x00, 0x07, 0xFF, 0xFF, 0xFC, 0x00, 0x00, 0xFF, 0xFF, 0xFF, 0xC0, 0x00,
    0x3F, 0xFF, 0xFF, 0xF8, 0x00, 0x07, 0xFF, 0xFF, 0xFF, 0x00, 0x00, 0xFF, 0xFF, 0xFF, 0xE0, 0x00, 0x1F, 0xFF, 0x7F,
    0xFE, 0x00, 0x03, 0xFF, 0xEF, 0xFF, 0xC0, 0x00, 0xFF, 0xFD, 0xFF, 0xFC, 0x00, 0x3F, 0xFF, 0xBF, 0xFF, 0xC0, 0x0F,
    0xFF, 0xF3, 0xFF, 0xFC, 0x03, 0xFF, 0xFE, 0x7F, 0xFF, 0xFF, 0xFF, 0xFF, 0xC7, 0xFF, 0xFF, 0xFF, 0xFF, 0xF8, 0xFF,
    0xFF, 0xFF, 0xFF, 0xFF, 0x0F, 0xFF, 0xFF, 0xFF, 0xFF, 0xE0, 0xFF, 0xFF, 0xFF, 0xFF, 0xFC, 0x0F, 0xFF, 0xFF, 0xEF,
    0xFF, 0x80, 0xFF, 0xFF, 0xF9, 0xFF, 0xF0, 0x0F, 0xFF, 0xFE, 0x3F, 0xFE, 0x00, 0xFF, 0xFF, 0x07, 0xFF, 0xC0, 0x03,
    0xFF, 0x80, 0xFF, 0xF8, 0x00, 0x00, 0x00, 0x1F, 0xFF, 0x00, 0x00, 0x00, 0x03, 0xFF, 0xE0, 0x00, 0x00, 0x00, 0x7F,
    0xFC, 0x00, 0x00, 0x00, 0x1F, 0xFF, 0x80, 0x00, 0x00, 0x03, 0xFF, 0xF0, 0x00, 0x00, 0x00, 0xFF, 0xFE, 0x70, 0x00,
    0x00, 0x1F, 0xFF, 0x8F, 0xC0, 0x00, 0x0F, 0xFF, 0xF1, 0xFF, 0x80, 0x07, 0xFF, 0xFE, 0x3F, 0xFF, 0xFF, 0xFF, 0xFF,
    0x87, 0xFF, 0xFF, 0xFF, 0xFF, 0xF0, 0xFF, 0xFF, 0xFF, 0xFF, 0xFC, 0x1F, 0xFF, 0xFF, 0xFF, 0xFF, 0x03, 0xFF, 0xFF,
    0xFF, 0xFF, 0xC0, 0x7F, 0xFF, 0xFF, 0xFF, 0xF0, 0x0F, 0xFF, 0xFF, 0xFF, 0xFC, 0x01, 0xFF, 0xFF, 0xFF, 0xFE, 0x00,
    0x07, 0xFF, 0xFF, 0xFF, 0x00, 0x00, 0x0F, 0xFF, 0xFF, 0x00, 0x00, 0xFF, 0xF8, 0x00, 0x00, 0x00, 0x3F, 0xFE, 0x00,
    0x00, 0x00, 0x0F, 0xFF, 0x80, 0x00, 0x00, 0x03, 0xFF, 0xE0, 0x00, 0x00, 0x00, 0xFF, 0xF8, 0x00, 0x00, 0x00, 0x3F,
    0xFE, 0x00, 0x00, 0x00, 0x0F, 0xFF, 0x80, 0x00, 0x00, 0x03, 0xFF, 0xE0, 0x00, 0x00, 0x00, 0xFF, 0xF8, 0x00, 0x00,
    0x00, 0x3F, 0xFE, 0x00, 0x00, 0x00, 0x0F, 0xFF, 0x80, 0x00, 0x00, 0x03, 0xFF, 0xE0, 0x00, 0x00, 0x00, 0xFF, 0xF8,
    0x00, 0x00, 0x00, 0x3F, 0xFE, 0x00, 0x00, 0x00, 0x0F, 0xFF, 0x80, 0x00, 0x00, 0x03, 0xFF, 0xE0, 0x00, 0x00, 0x00,
    0xFF, 0xF8, 0x00, 0x00, 0x00, 0x3F, 0xFE, 0x03, 0xFF, 0xC0, 0x0F, 0xFF, 0x83, 0xFF, 0xFE, 0x03, 0xFF, 0xE3, 0xFF,
    0xFF, 0xC0, 0xFF, 0xF9, 0xFF, 0xFF, 0xFC, 0x3F, 0xFE, 0xFF, 0xFF, 0xFF, 0x8F, 0xFF, 0xFF, 0xFF, 0xFF, 0xE3, 0xFF,
    0xFF, 0xFF, 0xFF, 0xFC, 0xFF, 0xFF, 0xFF, 0xFF, 0xFF, 0xBF, 0xFF, 0xFF, 0xFF, 0xFF, 0xEF, 0xFF, 0xFF, 0xFF, 0xFF,
    0xFB, 0xFF, 0xFF, 0x81, 0xFF, 0xFF, 0xFF, 0xFF, 0x80, 0x1F, 0xFF, 0xFF, 0xFF, 0xC0, 0x07, 0xFF, 0xFF, 0xFF, 0xE0,
    0x00, 0xFF, 0xFF, 0xFF, 0xF8, 0x00, 0x3F, 0xFF, 0xFF, 0xFC, 0x00, 0x0F, 0xFF, 0xFF, 0xFF, 0x00, 0x01, 0xFF, 0xFF,
    0xFF, 0xC0, 0x00, 0x7F, 0xFF, 0xFF, 0xF0, 0x00, 0x1F, 0xFF, 0xFF, 0xFC, 0x00, 0x07, 0xFF, 0xFF, 0xFE, 0x00, 0x01,
    0xFF, 0xFF, 0xFF, 0x80, 0x00, 0x7F, 0xFF, 0xFF, 0xE0, 0x00, 0x1F, 0xFF, 0xFF, 0xF8, 0x00, 0x07, 0xFF, 0xFF, 0xFE,
    0x00, 0x01, 0xFF, 0xFF, 0xFF, 0x80, 0x00, 0x7F, 0xFF, 0xFF, 0xE0, 0x00, 0x1F, 0xFF, 0xFF, 0xF8, 0x00, 0x07, 0xFF,
    0xFF, 0xFE, 0x00, 0x01, 0xFF, 0xFF, 0xFF, 0x80, 0x00, 0x7F, 0xFF, 0xFF, 0xE0, 0x00, 0x1F, 0xFF, 0xFF, 0xF8, 0x00,
    0x07, 0xFF, 0xFF, 0xFE, 0x00, 0x01, 0xFF, 0xFF, 0xFF, 0x80, 0x00, 0x7F, 0xFF, 0xFF, 0xE0, 0x00, 0x1F, 0xFF, 0xFF,
    0xF8, 0x00, 0x07, 0xFF, 0xFF, 0xFE, 0x00, 0x01, 0xFF, 0xFF, 0xFF, 0x80, 0x00, 0x7F, 0xFF, 0xFF, 0xE0, 0x00, 0x1F,
    0xFF, 0xFF, 0xF8, 0x00, 0x07, 0xFF, 0xFF, 0xFE, 0x00, 0x01, 0xFF, 0xFF, 0xFF, 0x80, 0x00, 0x7F, 0xFF, 0xFF, 0xE0,
    0x00, 0x1F, 0xFF, 0xFF, 0xF8, 0x00, 0x07, 0xFF, 0xFF, 0xFE, 0x00, 0x01, 0xFF, 0xFF, 0xFF, 0x80, 0x00, 0x7F, 0xFC,
    0x1F, 0xE1, 0xFF, 0xEF, 0xFF, 0xFF, 0xFF, 0xFF, 0xFF, 0xFF, 0xFF, 0xFF, 0xFF, 0xFF, 0xFF, 0xFF, 0xFF, 0xF7, 0xFF,
    0x87, 0xF8, 0x00, 0x00, 0x00, 0x00, 0x00, 0x00, 0x00, 0x00, 0x00, 0x00, 0x0F, 0xFF, 0xBF, 0xFE, 0xFF, 0xFB, 0xFF,
    0xEF, 0xFF, 0xBF, 0xFE, 0xFF, 0xFB, 0xFF, 0xEF, 0xFF, 0xBF, 0xFE, 0xFF, 0xFB, 0xFF, 0xEF, 0xFF, 0xBF, 0xFE, 0xFF,
    0xFB, 0xFF, 0xEF, 0xFF, 0xBF, 0xFE, 0xFF, 0xFB, 0xFF, 0xEF, 0xFF, 0xBF, 0xFE, 0xFF, 0xFB, 0xFF, 0xEF, 0xFF, 0xBF,
    0xFE, 0xFF, 0xFB, 0xFF, 0xEF, 0xFF, 0xBF, 0xFE, 0xFF, 0xFB, 0xFF, 0xEF, 0xFF, 0xBF, 0xFE, 0xFF, 0xFB, 0xFF, 0xEF,
    0xFF, 0xBF, 0xFE, 0xFF, 0xFB, 0xFF, 0xEF, 0xFF, 0xBF, 0xFE, 0xFF, 0xFB, 0xFF, 0xEF, 0xFF, 0x80, 0x00, 0x07, 0xF8,
    0x00, 0x1F, 0xFE, 0x00, 0x3F, 0xFF, 0x00, 0x3F, 0xFF, 0x00, 0x3F, 0xFF, 0x00, 0x3F, 0xFF, 0x00, 0x3F, 0xFF, 0x00,
    0x3F, 0xFF, 0x00, 0x3F, 0xFF, 0x00, 0x3F, 0xFF, 0x00, 0x1F, 0xFE, 0x00, 0x07, 0xF8, 0x00, 0x00, 0x00, 0x00, 0x00,
    0x00, 0x00, 0x00, 0x00, 0x00, 0x00, 0x00, 0x00, 0x00, 0x00, 0x00, 0x3F, 0xFE, 0x00, 0x3F, 0xFE, 0x00, 0x3F, 0xFE,
    0x00, 0x3F, 0xFE, 0x00, 0x3F, 0xFE, 0x00, 0x3F, 0xFE, 0x00, 0x3F, 0xFE, 0x00, 0x3F, 0xFE, 0x00, 0x3F, 0xFE, 0x00,
    0x3F, 0xFE, 0x00, 0x3F, 0xFE, 0x00, 0x3F, 0xFE, 0x00, 0x3F, 0xFE, 0x00, 0x3F, 0xFE, 0x00, 0x3F, 0xFE, 0x00, 0x3F,
    0xFE, 0x00, 0x3F, 0xFE, 0x00, 0x3F, 0xFE, 0x00, 0x3F, 0xFE, 0x00, 0x3F, 0xFE, 0x00, 0x3F, 0xFE, 0x00, 0x3F, 0xFE,
    0x00, 0x3F, 0xFE, 0x00, 0x3F, 0xFE, 0x00, 0x3F, 0xFE, 0x00, 0x3F, 0xFE, 0x00, 0x3F, 0xFE, 0x00, 0x3F, 0xFE, 0x00,
    0x3F, 0xFE, 0x00, 0x3F, 0xFE, 0x00, 0x3F, 0xFE, 0x00, 0x3F, 0xFE, 0x00, 0x3F, 0xFE, 0x00, 0x3F, 0xFE, 0x00, 0x3F,
    0xFE, 0x00, 0x3F, 0xFE, 0x00, 0x3F, 0xFE, 0x00, 0x3F, 0xFE, 0x00, 0x3F, 0xFE, 0x00, 0x3F, 0xFE, 0x00, 0x3F, 0xFE,
    0x00, 0x3F, 0xFE, 0x00, 0x3F, 0xFE, 0x00, 0x3F, 0xFE, 0x00, 0x3F, 0xFE, 0x00, 0x3F, 0xFE, 0x00, 0x3F, 0xFE, 0x00,
    0x3F, 0xFE, 0x00, 0x3F, 0xFE, 0x00, 0x3F, 0xFE, 0x00, 0x3F, 0xFE, 0x00, 0x3F, 0xFE, 0x00, 0x3F, 0xFE, 0x00, 0x7F,
    0xFE, 0x00, 0x7F, 0xFE, 0x81, 0xFF, 0xFE, 0xFF, 0xFF, 0xFE, 0xFF, 0xFF, 0xFC, 0xFF, 0xFF, 0xFC, 0xFF, 0xFF, 0xF8,
    0xFF, 0xFF, 0xF8, 0xFF, 0xFF, 0xF0, 0xFF, 0xFF, 0xE0, 0xFF, 0xFF, 0xC0, 0xFF, 0xFF, 0x00, 0xFF, 0xFC, 0x00, 0xFF,
    0xF8, 0x00, 0x00, 0x00, 0x03, 0xFF, 0xE0, 0x00, 0x00, 0x00, 0x0F, 0xFF, 0x80, 0x00, 0x00, 0x00, 0x3F, 0xFE, 0x00,
    0x00, 0x00, 0x00, 0xFF, 0xF8, 0x00, 0x00, 0x00, 0x03, 0xFF, 0xE0, 0x00, 0x00, 0x00, 0x0F, 0xFF, 0x80, 0x00, 0x00,
    0x00, 0x3F, 0xFE, 0x00, 0x00, 0x00, 0x00, 0xFF, 0xF8, 0x00, 0x00, 0x00, 0x03, 0xFF, 0xE0, 0x00, 0x00, 0x00, 0x0F,
    0xFF, 0x80, 0x00, 0x00, 0x00, 0x3F, 0xFE, 0x00, 0x00, 0x00, 0x00, 0xFF, 0xF8, 0x00, 0x00, 0x00, 0x03, 0xFF, 0xE0,
    0x00, 0x00, 0x00, 0x0F, 0xFF, 0x80, 0x00, 0x00, 0x00, 0x3F, 0xFE, 0x00, 0x00, 0x00, 0x00, 0xFF, 0xF8, 0x00, 0x00,
    0x00, 0x03, 0xFF, 0xE0, 0x00, 0x00, 0x00, 0x0F, 0xFF, 0x80, 0x00, 0x3F, 0xFF, 0xBF, 0xFE, 0x00, 0x01, 0xFF, 0xFC,
    0xFF, 0xF8, 0x00, 0x0F, 0xFF, 0xE3, 0xFF, 0xE0, 0x00, 0x7F, 0xFF, 0x0F, 0xFF, 0x80, 0x03, 0xFF, 0xF8, 0x3F, 0xFE,
    0x00, 0x1F, 0xFF, 0xC0, 0xFF, 0xF8, 0x00, 0xFF, 0xFE, 0x03, 0xFF, 0xE0, 0x07, 0xFF, 0xF0, 0x0F, 0xFF, 0x80, 0x3F,
    0xFF, 0x80, 0x3F, 0xFE, 0x01, 0xFF, 0xFC, 0x00, 0xFF, 0xF8, 0x0F, 0xFF, 0xE0, 0x03, 0xFF, 0xE0, 0x7F, 0xFF, 0x00,
    0x0F, 0xFF, 0x83, 0xFF, 0xF8, 0x00, 0x3F, 0xFE, 0x1F, 0xFF, 0xC0, 0x00, 0xFF, 0xF8, 0x7F, 0xFF, 0x00, 0x03, 0xFF,
    0xE3, 0xFF, 0xF8, 0x00, 0x0F, 0xFF, 0x9F, 0xFF, 0xC0, 0x00, 0x3F, 0xFE, 0xFF, 0xFE, 0x00, 0x00, 0xFF, 0xFF, 0xFF,
    0xF0, 0x00, 0x03, 0xFF, 0xFF, 0xFF, 0x80, 0x00, 0x0F, 0xFF, 0xFF, 0xFF, 0x00, 0x00, 0x3F, 0xFF, 0xFF, 0xFC, 0x00,
    0x00, 0xFF, 0xFF, 0xFF, 0xF8, 0x00, 0x03, 0xFF, 0xFF, 0xFF, 0xF0, 0x00, 0x0F, 0xFF, 0xFF, 0xFF, 0xE0, 0x00, 0x3F,
    0xFF, 0xFF, 0xFF, 0x80, 0x00, 0xFF, 0xFF, 0xFF, 0xFF, 0x00, 0x03, 0xFF, 0xFF, 0xFF, 0xFE, 0x00, 0x0F, 0xFF, 0xF9,
    0xFF, 0xFC, 0x00, 0x3F, 0xFF, 0x83, 0xFF, 0xF0, 0x00, 0xFF, 0xFC, 0x0F, 0xFF, 0xE0, 0x03, 0xFF, 0xE0, 0x1F, 0xFF,
    0xC0, 0x0F, 0xFF, 0x80, 0x3F, 0xFF, 0x80, 0x3F, 0xFE, 0x00, 0x7F, 0xFE, 0x00, 0xFF, 0xF8, 0x01, 0xFF, 0xFC, 0x03,
    0xFF, 0xE0, 0x03, 0xFF, 0xF8, 0x0F, 0xFF, 0x80, 0x07, 0xFF, 0xF0, 0x3F, 0xFE, 0x00, 0x1F, 0xFF, 0xC0, 0xFF, 0xF8,
    0x00, 0x3F, 0xFF, 0x83, 0xFF, 0xE0, 0x00, 0x7F, 0xFF, 0x0F, 0xFF, 0x80, 0x00, 0xFF, 0xFE, 0x3F, 0xFE, 0x00, 0x03,
    0xFF, 0xF8, 0xFF, 0xF8, 0x00, 0x07, 0xFF, 0xF3, 0xFF, 0xE0, 0x00, 0x0F, 0xFF, 0xEF, 0xFF, 0x80, 0x00, 0x3F, 0xFF,
    0xC0, 0xFF, 0xFF, 0xFF, 0xFF, 0xFF, 0xFF, 0xFF, 0xFF, 0xFF, 0xFF, 0xFF, 0xFF, 0xFF, 0xFF, 0xFF, 0xFF, 0xFF, 0xFF,
    0xFF, 0xFF, 0xFF, 0xFF, 0xFF, 0xFF, 0xFF, 0xFF, 0xFF, 0xFF, 0xFF, 0xFF, 0xFF, 0xFF, 0xFF, 0xFF, 0xFF, 0xFF, 0xFF,
    0xFF, 0xFF, 0xFF, 0xFF, 0xFF, 0xFF, 0xFF, 0xFF, 0xFF, 0xFF, 0xFF, 0xFF, 0xFF, 0xFF, 0xFF, 0xFF, 0xFF, 0xFF, 0xFF,
    0xFF, 0xFF, 0xFF, 0xFF, 0xFF, 0xFF, 0xFF, 0xFF, 0xFF, 0xFF, 0xFF, 0xFF, 0xFF, 0xFF, 0xFF, 0xFF, 0xFF, 0xFF, 0xFF,
    0xFF, 0xFF, 0xFF, 0xFF, 0xFF, 0xFF, 0xFF, 0xFF, 0xFF, 0xFF, 0xFF, 0xFF, 0xFF, 0xFF, 0xFF, 0xFF, 0xFF, 0xFF, 0xFF,
    0xFF, 0xFF, 0xFF, 0xFF, 0xFF, 0xFF, 0xFF, 0xFF, 0xE0, 0x00, 0x00, 0x0F, 0xFF, 0x00, 0x00, 0xFF, 0xF0, 0x03, 0xFF,
    0x01, 0xFF, 0xFF, 0x00, 0x1F, 0xFF, 0xF0, 0x0F, 0xFE, 0x1F, 0xFF, 0xFF, 0x01, 0xFF, 0xFF, 0xF0, 0x3F, 0xF8, 0xFF,
    0xFF, 0xFE, 0x0F, 0xFF, 0xFF, 0xE0, 0xFF, 0xE7, 0xFF, 0xFF, 0xFC, 0x7F, 0xFF, 0xFF, 0xC3, 0xFF, 0xFF, 0xFF, 0xFF,
    0xFB, 0xFF, 0xFF, 0xFF, 0x8F, 0xFF, 0xFF, 0xFF, 0xFF, 0xFF, 0xFF, 0xFF, 0xFF, 0x3F, 0xFF, 0xFF, 0xFF, 0xFF, 0xFF,
    0xFF, 0xFF, 0xFC, 0xFF, 0xFF, 0xFF, 0xFF, 0xFF, 0xFF, 0xFF, 0xFF, 0xF3, 0xFF, 0xFF, 0xFF, 0xFF, 0xFF, 0xFF, 0xFF,
    0xFF, 0xEF, 0xFF, 0xFC, 0x0F, 0xFF, 0xFF, 0xC0, 0x7F, 0xFF, 0xBF, 0xFF, 0xE0, 0x0F, 0xFF, 0xFE, 0x00, 0xFF, 0xFE,
    0xFF, 0xFF, 0x00, 0x3F, 0xFF, 0xF0, 0x01, 0xFF, 0xFB, 0xFF, 0xF8, 0x00, 0x7F, 0xFF, 0x80, 0x07, 0xFF, 0xEF, 0xFF,
    0xE0, 0x01, 0xFF, 0xFE, 0x00, 0x1F, 0xFF, 0xBF, 0xFF, 0x00, 0x07, 0xFF, 0xF0, 0x00, 0x3F, 0xFF, 0xFF, 0xFC, 0x00,
    0x0F, 0xFF, 0xC0, 0x00, 0xFF, 0xFF, 0xFF, 0xF0, 0x00, 0x3F, 0xFF, 0x00, 0x03, 0xFF, 0xFF, 0xFF, 0xC0, 0x00, 0xFF,
    0xFC, 0x00, 0x0F, 0xFF, 0xFF, 0xFE, 0x00, 0x03, 0xFF, 0xF0, 0x00, 0x3F, 0xFF, 0xFF, 0xF8, 0x00, 0x0F, 0xFF, 0x80,
    0x00, 0xFF, 0xFF, 0xFF, 0xE0, 0x00, 0x3F, 0xFE, 0x00, 0x03, 0xFF, 0xFF, 0xFF, 0x80, 0x00, 0xFF, 0xF8, 0x00, 0x0F,
    0xFF, 0xFF, 0xFE, 0x00, 0x03, 0xFF, 0xE0, 0x00, 0x3F, 0xFF, 0xFF, 0xF8, 0x00, 0x0F, 0xFF, 0x80, 0x00, 0xFF, 0xFF,
    0xFF, 0xE0, 0x00, 0x3F, 0xFE, 0x00, 0x03, 0xFF, 0xFF, 0xFF, 0x80, 0x00, 0xFF, 0xF8, 0x00, 0x0F, 0xFF, 0xFF, 0xFE,
    0x00, 0x03, 0xFF, 0xE0, 0x00, 0x3F, 0xFF, 0xFF, 0xF8, 0x00, 0x0F, 0xFF, 0x80, 0x00, 0xFF, 0xFF, 0xFF, 0xE0, 0x00,
    0x3F, 0xFE, 0x00, 0x03, 0xFF, 0xFF, 0xFF, 0x80, 0x00, 0xFF, 0xF8, 0x00, 0x0F, 0xFF, 0xFF, 0xFE, 0x00, 0x03, 0xFF,
    0xE0, 0x00, 0x3F, 0xFF, 0xFF, 0xF8, 0x00, 0x0F, 0xFF, 0x80, 0x00, 0xFF, 0xFF, 0xFF, 0xE0, 0x00, 0x3F, 0xFE, 0x00,
    0x03, 0xFF, 0xFF, 0xFF, 0x80, 0x00, 0xFF, 0xF8, 0x00, 0x0F, 0xFF, 0xFF, 0xFE, 0x00, 0x03, 0xFF, 0xE0, 0x00, 0x3F,
    0xFF, 0xFF, 0xF8, 0x00, 0x0F, 0xFF, 0x80, 0x00, 0xFF, 0xFF, 0xFF, 0xE0, 0x00, 0x3F, 0xFE, 0x00, 0x03, 0xFF, 0xFF,
    0xFF, 0x80, 0x00, 0xFF, 0xF8, 0x00, 0x0F, 0xFF, 0xFF, 0xFE, 0x00, 0x03, 0xFF, 0xE0, 0x00, 0x3F, 0xFF, 0xFF, 0xF8,
    0x00, 0x0F, 0xFF, 0x80, 0x00, 0xFF, 0xFF, 0xFF, 0xE0, 0x00, 0x3F, 0xFE, 0x00, 0x03, 0xFF, 0xFF, 0xFF, 0x80, 0x00,
    0xFF, 0xF8, 0x00, 0x0F, 0xFF, 0xFF, 0xFE, 0x00, 0x03, 0xFF, 0xE0, 0x00, 0x3F, 0xFF, 0xFF, 0xF8, 0x00, 0x0F, 0xFF,
    0x80, 0x00, 0xFF, 0xFF, 0xFF, 0xE0, 0x00, 0x3F, 0xFE, 0x00, 0x03, 0xFF, 0xF0, 0x00, 0x00, 0x0F, 0xFF, 0x00, 0x3F,
    0xF0, 0x0F, 0xFF, 0xF8, 0x0F, 0xFE, 0x0F, 0xFF, 0xFF, 0x83, 0xFF, 0x87, 0xFF, 0xFF, 0xF0, 0xFF, 0xE7, 0xFF, 0xFF,
    0xFE, 0x3F, 0xFD, 0xFF, 0xFF, 0xFF, 0xCF, 0xFF, 0xFF, 0xFF, 0xFF, 0xF3, 0xFF, 0xFF, 0xFF, 0xFF, 0xFE, 0xFF, 0xFF,
    0xFF, 0xFF, 0xFF, 0xBF, 0xFF, 0xFF, 0xFF, 0xFF, 0xEF, 0xFF, 0xFC, 0x07, 0xFF, 0xFF, 0xFF, 0xFE, 0x00, 0x7F, 0xFF,
    0xFF, 0xFF, 0x00, 0x1F, 0xFF, 0xFF, 0xFF, 0x80, 0x03, 0xFF, 0xFF, 0xFF, 0xE0, 0x00, 0xFF, 0xFF, 0xFF, 0xF0, 0x00,
    0x3F, 0xFF, 0xFF, 0xFC, 0x00, 0x07, 0xFF, 0xFF, 0xFF, 0x00, 0x01, 0xFF, 0xFF, 0xFF, 0xC0, 0x00, 0x7F, 0xFF, 0xFF,
    0xE0, 0x00, 0x1F, 0xFF, 0xFF, 0xF8, 0x00, 0x07, 0xFF, 0xFF, 0xFE, 0x00, 0x01, 0xFF, 0xFF, 0xFF, 0x80, 0x00, 0x7F,
    0xFF, 0xFF, 0xE0, 0x00, 0x1F, 0xFF, 0xFF, 0xF8, 0x00, 0x07, 0xFF, 0xFF, 0xFE, 0x00, 0x01, 0xFF, 0xFF, 0xFF, 0x80,
    0x00, 0x7F, 0xFF, 0xFF, 0xE0, 0x00, 0x1F, 0xFF, 0xFF, 0xF8, 0x00, 0x07, 0xFF, 0xFF, 0xFE, 0x00, 0x01, 0xFF, 0xFF,
    0xFF, 0x80, 0x00, 0x7F, 0xFF, 0xFF, 0xE0, 0x00, 0x1F, 0xFF, 0xFF, 0xF8, 0x00, 0x07, 0xFF, 0xFF, 0xFE, 0x00, 0x01,
    0xFF, 0xFF, 0xFF, 0x80, 0x00, 0x7F, 0xFF, 0xFF, 0xE0, 0x00, 0x1F, 0xFF, 0xFF, 0xF8, 0x00, 0x07, 0xFF, 0xFF, 0xFE,
    0x00, 0x01, 0xFF, 0xFF, 0xFF, 0x80, 0x00, 0x7F, 0xFF, 0xFF, 0xE0, 0x00, 0x1F, 0xFF, 0xFF, 0xF8, 0x00, 0x07, 0xFF,
    0xFF, 0xFE, 0x00, 0x01, 0xFF, 0xFF, 0xFF, 0x80, 0x00, 0x7F, 0xFF, 0xFF, 0xE0, 0x00, 0x1F, 0xFF, 0xFF, 0xF8, 0x00,
    0x07, 0xFF, 0xFF, 0xFE, 0x00, 0x01, 0xFF, 0xF0, 0x00, 0x01, 0xFF, 0xF8, 0x00, 0x00, 0x00, 0xFF, 0xFF, 0xF0, 0x00,
    0x00, 0x3F, 0xFF, 0xFF, 0xC0, 0x00, 0x0F, 0xFF, 0xFF, 0xFE, 0x00, 0x01, 0xFF, 0xFF, 0xFF, 0xF8, 0x00, 0x3F, 0xFF,
    0xFF, 0xFF, 0xC0, 0x07, 0xFF, 0xFF, 0xFF, 0xFE, 0x00, 0xFF, 0xFF, 0xFF, 0xFF, 0xF0, 0x1F, 0xFF, 0xFF, 0xFF, 0xFF,
    0x01, 0xFF, 0xFF, 0xFF, 0xFF, 0xF8, 0x3F, 0xFF, 0xE0, 0x7F, 0xFF, 0xC3, 0xFF, 0xF8, 0x01, 0xFF, 0xFC, 0x7F, 0xFF,
    0x00, 0x0F, 0xFF, 0xC7, 0xFF, 0xE0, 0x00, 0x7F, 0xFE, 0x7F, 0xFE, 0x00, 0x07, 0xFF, 0xE7, 0xFF, 0xC0, 0x00, 0x3F,
    0xFE, 0xFF, 0xFC, 0x00, 0x03, 0xFF, 0xFF, 0xFF, 0xC0, 0x00, 0x3F, 0xFF, 0xFF, 0xFC, 0x00, 0x03, 0xFF, 0xFF, 0xFF,
    0x80, 0x00, 0x1F, 0xFF, 0xFF, 0xF8, 0x00, 0x01, 0xFF, 0xFF, 0xFF, 0x80, 0x00, 0x1F, 0xFF, 0xFF, 0xF8, 0x00, 0x01,
    0xFF, 0xFF, 0xFF, 0x80, 0x00, 0x1F, 0xFF, 0xFF, 0xF8, 0x00, 0x01, 0xFF, 0xFF, 0xFF, 0x80, 0x00, 0x1F, 0xFF, 0xFF,
    0xF8, 0x00, 0x01, 0xFF, 0xFF, 0xFF, 0x80, 0x00, 0x1F, 0xFF, 0xFF, 0xFC, 0x00, 0x03, 0xFF, 0xFF, 0xFF, 0xC0, 0x00,
    0x3F, 0xFF, 0xFF, 0xFC, 0x00, 0x03, 0xFF, 0xF7, 0xFF, 0xC0, 0x00, 0x3F, 0xFE, 0x7F, 0xFE, 0x00, 0x07, 0xFF, 0xE7,
    0xFF, 0xE0, 0x00, 0x7F, 0xFE, 0x3F, 0xFF, 0x00, 0x0F, 0xFF, 0xC3, 0xFF, 0xF8, 0x01, 0xFF, 0xFC, 0x1F, 0xFF, 0xE0,
    0x7F, 0xFF, 0xC1, 0xFF, 0xFF, 0xFF, 0xFF, 0xF8, 0x0F, 0xFF, 0xFF, 0xFF, 0xFF, 0x00, 0x7F, 0xFF, 0xFF, 0xFF, 0xF0,
    0x07, 0xFF, 0xFF, 0xFF, 0xFE, 0x00, 0x3F, 0xFF, 0xFF, 0xFF, 0xC0, 0x01, 0xFF, 0xFF, 0xFF, 0xF8, 0x00, 0x07, 0xFF,
    0xFF, 0xFF, 0x00, 0x00, 0x3F, 0xFF, 0xFF, 0xC0, 0x00, 0x00, 0xFF, 0xFF, 0xF0, 0x00, 0x00, 0x01, 0xFF, 0xF8, 0x00,
    0x00, 0x00, 0x00, 0x03, 0xFC, 0x00, 0x1F, 0xFC, 0x03, 0xFF, 0xF0, 0x03, 0xFF, 0x81, 0xFF, 0xFF, 0x80, 0x7F, 0xF8,
    0xFF, 0xFF, 0xF8, 0x0F, 0xFF, 0x3F, 0xFF, 0xFF, 0x81, 0xFF, 0xEF, 0xFF, 0xFF, 0xF8, 0x3F, 0xFF, 0xFF, 0xFF, 0xFF,
    0x87, 0xFF, 0xFF, 0xFF, 0xFF, 0xF8, 0xFF, 0xFF, 0xFF, 0xFF, 0xFF, 0x1F, 0xFF, 0xFF, 0xFF, 0xFF, 0xF3, 0xFF, 0xFF,
    0xC7, 0xFF, 0xFE, 0x7F, 0xFF, 0xC0, 0x1F, 0xFF, 0xCF, 0xFF, 0xF0, 0x01, 0xFF, 0xFD, 0xFF, 0xFC, 0x00, 0x1F, 0xFF,
    0xBF, 0xFF, 0x00, 0x03, 0xFF, 0xF7, 0xFF, 0xE0, 0x00, 0x3F, 0xFF, 0xFF, 0xFC, 0x00, 0x07, 0xFF, 0xFF, 0xFF, 0x80,
    0x00, 0xFF, 0xFF, 0xFF, 0xE0, 0x00, 0x1F, 0xFF, 0xFF, 0xFC, 0x00, 0x03, 0xFF, 0xFF, 0xFF, 0x80, 0x00, 0x3F, 0xFF,
    0xFF, 0xF0, 0x00, 0x07, 0xFF, 0xFF, 0xFE, 0x00, 0x00, 0xFF, 0xFF, 0xFF, 0xC0, 0x00, 0x1F, 0xFF, 0xFF, 0xF8, 0x00,
    0x03, 0xFF, 0xFF, 0xFF, 0x00, 0x00, 0x7F, 0xFF, 0xFF, 0xE0, 0x00, 0x1F, 0xFF, 0xFF, 0xFC, 0x00, 0x03, 0xFF, 0xFF,
    0xFF, 0xC0, 0x00, 0x7F, 0xFF, 0xFF, 0xF8, 0x00, 0x0F, 0xFF, 0xFF, 0xFF, 0x00, 0x01, 0xFF, 0xFF, 0xFF, 0xE0, 0x00,
    0x7F, 0xFE, 0xFF, 0xFE, 0x00, 0x0F, 0xFF, 0xDF, 0xFF, 0xC0, 0x03, 0xFF, 0xFB, 0xFF, 0xFC, 0x00, 0x7F, 0xFF, 0x7F,
    0xFF, 0xC0, 0x1F, 0xFF, 0xCF, 0xFF, 0xFF, 0x1F, 0xFF, 0xF9, 0xFF, 0xFF, 0xFF, 0xFF, 0xFE, 0x3F, 0xFF, 0xFF, 0xFF,
    0xFF, 0xC7, 0xFF, 0xFF, 0xFF, 0xFF, 0xF0, 0xFF, 0xFF, 0xFF, 0xFF, 0xFE, 0x1F, 0xFF, 0xFF, 0xFF, 0xFF, 0x83, 0xFF,
    0xEF, 0xFF, 0xFF, 0xE0, 0x7F, 0xFC, 0xFF, 0xFF, 0xF8, 0x0F, 0xFF, 0x8F, 0xFF, 0xFC, 0x01, 0xFF, 0xF0, 0x7F, 0xFE,
    0x00, 0x3F, 0xFE, 0x01, 0xFE, 0x00, 0x07, 0xFF, 0xC0, 0x00, 0x00, 0x00, 0xFF, 0xF8, 0x00, 0x00, 0x00, 0x1F, 0xFF,
    0x00, 0x00, 0x00, 0x03, 0xFF, 0xE0, 0x00, 0x00, 0x00, 0x7F, 0xFC, 0x00, 0x00, 0x00, 0x0F, 0xFF, 0x80, 0x00, 0x00,
    0x01, 0xFF, 0xF0, 0x00, 0x00, 0x00, 0x3F, 0xFE, 0x00, 0x00, 0x00, 0x07, 0xFF, 0xC0, 0x00, 0x00, 0x00, 0xFF, 0xF8,
    0x00, 0x00, 0x00, 0x1F, 0xFF, 0x00, 0x00, 0x00, 0x03, 0xFF, 0xE0, 0x00, 0x00, 0x00, 0x7F, 0xFC, 0x00, 0x00, 0x00,
    0x0F, 0xFF, 0x80, 0x00, 0x00, 0x01, 0xFF, 0xF0, 0x00, 0x00, 0x00, 0x3F, 0xFE, 0x00, 0x00, 0x00, 0x07, 0xFF, 0xC0,
    0x00, 0x00, 0x00, 0xFF, 0xF8, 0x00, 0x00, 0x00, 0x1F, 0xFF, 0x00, 0x00, 0x00, 0x00, 0x00, 0x03, 0xF8, 0x00, 0x00,
    0x00, 0x03, 0xFF, 0xF0, 0x3F, 0xFC, 0x01, 0xFF, 0xFF, 0x07, 0xFF, 0x80, 0xFF, 0xFF, 0xF8, 0xFF, 0xF0, 0x3F, 0xFF,
    0xFF, 0x9F, 0xFE, 0x0F, 0xFF, 0xFF, 0xFB, 0xFF, 0xC3, 0xFF, 0xFF, 0xFF, 0xFF, 0xF8, 0x7F, 0xFF, 0xFF, 0xFF, 0xFF,
    0x1F, 0xFF, 0xFF, 0xFF, 0xFF, 0xE7, 0xFF, 0xFF, 0xFF, 0xFF, 0xFC, 0xFF, 0xFF, 0xC7, 0xFF, 0xFF, 0x9F, 0xFF, 0xC0,
    0x1F, 0xFF, 0xF7, 0xFF, 0xF0, 0x00, 0xFF, 0xFE, 0xFF, 0xFC, 0x00, 0x1F, 0xFF, 0xDF, 0xFF, 0x80, 0x01, 0xFF, 0xFF,
    0xFF, 0xE0, 0x00, 0x3F, 0xFF, 0xFF, 0xFC, 0x00, 0x07, 0xFF, 0xFF, 0xFF, 0x80, 0x00, 0x7F, 0xFF, 0xFF, 0xF0, 0x00,
    0x0F, 0xFF, 0xFF, 0xFE, 0x00, 0x01, 0xFF, 0xFF, 0xFF, 0x80, 0x00, 0x3F, 0xFF, 0xFF, 0xF0, 0x00, 0x07, 0xFF, 0xFF,
    0xFE, 0x00, 0x00, 0xFF, 0xFF, 0xFF, 0xC0, 0x00, 0x1F, 0xFF, 0xFF, 0xF8, 0x00, 0x03, 0xFF, 0xFF, 0xFF, 0x00, 0x00,
    0x7F, 0xFF, 0xFF, 0xE0, 0x00, 0x0F, 0xFF, 0xFF, 0xFC, 0x00, 0x01, 0xFF, 0xFF, 0xFF, 0x80, 0x00, 0x3F, 0xFF, 0xFF,
    0xF8, 0x00, 0x07, 0xFF, 0xFF, 0xFF, 0x00, 0x00, 0xFF, 0xFF, 0xFF, 0xE0, 0x00, 0x1F, 0xFF, 0xFF, 0xFE, 0x00, 0x07,
    0xFF, 0xEF, 0xFF, 0xC0, 0x00, 0xFF, 0xFD, 0xFF, 0xFC, 0x00, 0x3F, 0xFF, 0xBF, 0xFF, 0xC0, 0x0F, 0xFF, 0xF3, 0xFF,
    0xFC, 0x07, 0xFF, 0xFE, 0x7F, 0xFF, 0xFF, 0xFF, 0xFF, 0xC7, 0xFF, 0xFF, 0xFF, 0xFF, 0xF8, 0xFF, 0xFF, 0xFF, 0xFF,
    0xFF, 0x0F, 0xFF, 0xFF, 0xFF, 0xFF, 0xE0, 0xFF, 0xFF, 0xFF, 0xFF, 0xFC, 0x1F, 0xFF, 0xFF, 0xEF, 0xFF, 0x81, 0xFF,
    0xFF, 0xF9, 0xFF, 0xF0, 0x0F, 0xFF, 0xFE, 0x3F, 0xFE, 0x00, 0xFF, 0xFF, 0x07, 0xFF, 0xC0, 0x03, 0xFF, 0x80, 0xFF,
    0xF8, 0x00, 0x00, 0x00, 0x1F, 0xFF, 0x00, 0x00, 0x00, 0x03, 0xFF, 0xE0, 0x00, 0x00, 0x00, 0x7F, 0xFC, 0x00, 0x00,
    0x00, 0x0F, 0xFF, 0x80, 0x00, 0x00, 0x01, 0xFF, 0xF0, 0x00, 0x00, 0x00, 0x3F, 0xFE, 0x00, 0x00, 0x00, 0x07, 0xFF,
    0xC0, 0x00, 0x00, 0x00, 0xFF, 0xF8, 0x00, 0x00, 0x00, 0x1F, 0xFF, 0x00, 0x00, 0x00, 0x03, 0xFF, 0xE0, 0x00, 0x00,
    0x00, 0x7F, 0xFC, 0x00, 0x00, 0x00, 0x0F, 0xFF, 0x80, 0x00, 0x00, 0x01, 0xFF, 0xF0, 0x00, 0x00, 0x00, 0x3F, 0xFE,
    0x00, 0x00, 0x00, 0x07, 0xFF, 0xC0, 0x00, 0x00, 0x00, 0xFF, 0xF8, 0x00, 0x00, 0x00, 0x1F, 0xFF, 0x00, 0x00, 0x00,
    0x03, 0xFF, 0xE0, 0x00, 0x00, 0x00, 0x7F, 0xFC, 0x00, 0x00, 0x07, 0xFF, 0xFF, 0x80, 0x3F, 0xFF, 0xFF, 0x81, 0xFF,
    0xFF, 0xFF, 0x07, 0xFF, 0xEF, 0xFE, 0x1F, 0xFF, 0xDF, 0xFC, 0x7F, 0xFF, 0xBF, 0xF9, 0xFF, 0xFF, 0x7F, 0xFB, 0xFF,
    0xFE, 0xFF, 0xFF, 0xFF, 0xFD, 0xFF, 0xFF, 0xFF, 0xFB, 0xFF, 0xFF, 0xFF, 0xF7, 0xFF, 0xFF, 0xFF, 0xEF, 0xFF, 0xFF,
    0xC1, 0x9F, 0xFF, 0xFC, 0x00, 0x3F, 0xFF, 0xE0, 0x00, 0x7F, 0xFF, 0x80, 0x00, 0xFF, 0xFE, 0x00, 0x01, 0xFF, 0xF8,
    0x00, 0x03, 0xFF, 0xF0, 0x00, 0x07, 0xFF, 0xE0, 0x00, 0x0F, 0xFF, 0x80, 0x00, 0x1F, 0xFF, 0x00, 0x00, 0x3F, 0xFE,
    0x00, 0x00, 0x7F, 0xFC, 0x00, 0x00, 0xFF, 0xF8, 0x00, 0x01, 0xFF, 0xF0, 0x00, 0x03, 0xFF, 0xE0, 0x00, 0x07, 0xFF,
    0xC0, 0x00, 0x0F, 0xFF, 0x80, 0x00, 0x1F, 0xFF, 0x00, 0x00, 0x3F, 0xFE, 0x00, 0x00, 0x7F, 0xFC, 0x00, 0x00, 0xFF,
    0xF8, 0x00, 0x01, 0xFF, 0xF0, 0x00, 0x03, 0xFF, 0xE0, 0x00, 0x07, 0xFF, 0xC0, 0x00, 0x0F, 0xFF, 0x80, 0x00, 0x1F,
    0xFF, 0x00, 0x00, 0x3F, 0xFE, 0x00, 0x00, 0x7F, 0xFC, 0x00, 0x00, 0xFF, 0xF8, 0x00, 0x01, 0xFF, 0xF0, 0x00, 0x03,
    0xFF, 0xE0, 0x00, 0x07, 0xFF, 0xC0, 0x00, 0x0F, 0xFF, 0x80, 0x00, 0x1F, 0xFF, 0x00, 0x00, 0x00, 0x00, 0x3F, 0xFF,
    0xC0, 0x00, 0x7F, 0xFF, 0xFE, 0x00, 0x7F, 0xFF, 0xFF, 0xF0, 0x3F, 0xFF, 0xFF, 0xFF, 0x1F, 0xFF, 0xFF, 0xFF, 0x8F,
    0xFF, 0xFF, 0xFF, 0xE7, 0xFF, 0xFF, 0xFF, 0xF9, 0xFF, 0xFF, 0xFF, 0xFC, 0xFF, 0xFF, 0xFF, 0xFF, 0x3F, 0xFF, 0xC3,
    0xFF, 0x8F, 0xFF, 0x80, 0x0F, 0xE3, 0xFF, 0xE0, 0x00, 0x70, 0xFF, 0xF0, 0x00, 0x00, 0x3F, 0xFE, 0x00, 0x00, 0x0F,
    0xFF, 0xC0, 0x00, 0x03, 0xFF, 0xF8, 0x00, 0x00, 0xFF, 0xFF, 0x80, 0x00, 0x3F, 0xFF, 0xFC, 0x00, 0x07, 0xFF, 0xFF,
    0xC0, 0x01, 0xFF, 0xFF, 0xFC, 0x00, 0x3F, 0xFF, 0xFF, 0xC0, 0x07, 0xFF, 0xFF, 0xFC, 0x00, 0xFF, 0xFF, 0xFF, 0xC0,
    0x1F, 0xFF, 0xFF, 0xF8, 0x01, 0xFF, 0xFF, 0xFF, 0x00, 0x1F, 0xFF, 0xFF, 0xC0, 0x01, 0xFF, 0xFF, 0xF8, 0x00, 0x1F,
    0xFF, 0xFF, 0x00, 0x00, 0xFF, 0xFF, 0xC0, 0x00, 0x0F, 0xFF, 0xF0, 0x00, 0x00, 0xFF, 0xFC, 0x00, 0x00, 0x1F, 0xFF,
    0x00, 0x00, 0x07, 0xFF, 0xC0, 0x00, 0x00, 0xFF, 0xFE, 0x00, 0x00, 0x7F, 0xFF, 0xE0, 0x00, 0x1F, 0xFF, 0xFF, 0x80,
    0x1F, 0xFF, 0xFF, 0xFF, 0xFF, 0xFF, 0xFF, 0xFF, 0xFF, 0xFF, 0xFB, 0xFF, 0xFF, 0xFF, 0xFE, 0xFF, 0xFF, 0xFF, 0xFF,
    0x3F, 0xFF, 0xFF, 0xFF, 0xCF, 0xFF, 0xFF, 0xFF, 0xE3, 0xFF, 0xFF, 0xFF, 0xF0, 0xFF, 0xFF, 0xFF, 0xF0, 0x0F, 0xFF,
    0xFF, 0xF0, 0x00, 0x3F, 0xFF, 0xE0, 0x00, 0x00, 0x3F, 0xE0, 0x00, 0x00, 0x3F, 0xE0, 0x00, 0x00, 0x3F, 0xE0, 0x00,
    0x00, 0x7F, 0xE0, 0x00, 0x00, 0x7F, 0xE0, 0x00, 0x00, 0xFF, 0xE0, 0x00, 0x00, 0xFF, 0xE0, 0x00, 0x00, 0xFF, 0xE0,
    0x00, 0x01, 0xFF, 0xE0, 0x00, 0x01, 0xFF, 0xE0, 0x00, 0x07, 0xFF, 0xFF, 0xFE, 0x0F, 0xFF, 0xFF, 0xFE, 0x3F, 0xFF,
    0xFF, 0xFE, 0xFF, 0xFF, 0xFF, 0xFE, 0xFF, 0xFF, 0xFF, 0xFE, 0xFF, 0xFF, 0xFF, 0xFE, 0xFF, 0xFF, 0xFF, 0xFE, 0xFF,
    0xFF, 0xFF, 0xFE, 0xFF, 0xFF, 0xFF, 0xFE, 0xFF, 0xFF, 0xFF, 0xFE, 0x03, 0xFF, 0xE0, 0x00, 0x03, 0xFF, 0xE0, 0x00,
    0x03, 0xFF, 0xE0, 0x00, 0x03, 0xFF, 0xE0, 0x00, 0x03, 0xFF, 0xE0, 0x00, 0x03, 0xFF, 0xE0, 0x00, 0x03, 0xFF, 0xE0,
    0x00, 0x03, 0xFF, 0xE0, 0x00, 0x03, 0xFF, 0xE0, 0x00, 0x03, 0xFF, 0xE0, 0x00, 0x03, 0xFF, 0xE0, 0x00, 0x03, 0xFF,
    0xE0, 0x00, 0x03, 0xFF, 0xE0, 0x00, 0x03, 0xFF, 0xE0, 0x00, 0x03, 0xFF, 0xE0, 0x00, 0x03, 0xFF, 0xE0, 0x00, 0x03,
    0xFF, 0xE0, 0x00, 0x03, 0xFF, 0xE0, 0x00, 0x03, 0xFF, 0xE0, 0x00, 0x03, 0xFF, 0xE0, 0x00, 0x03, 0xFF, 0xE0, 0x00,
    0x03, 0xFF, 0xE0, 0x00, 0x03, 0xFF, 0xE0, 0x00, 0x03, 0xFF, 0xF0, 0x00, 0x03, 0xFF, 0xF0, 0x00, 0x03, 0xFF, 0xF8,
    0x07, 0x03, 0xFF, 0xFF, 0xFF, 0x03, 0xFF, 0xFF, 0xFF, 0x01, 0xFF, 0xFF, 0xFF, 0x01, 0xFF, 0xFF, 0xFF, 0x00, 0xFF,
    0xFF, 0xFF, 0x00, 0xFF, 0xFF, 0xFF, 0x00, 0x7F, 0xFF, 0xFF, 0x00, 0x3F, 0xFF, 0xFF, 0x00, 0x0F, 0xFF, 0xFE, 0x00,
    0x03, 0xFF, 0xF0, 0xFF, 0xF8, 0x00, 0x07, 0xFF, 0xFF, 0xFE, 0x00, 0x01, 0xFF, 0xFF, 0xFF, 0x80, 0x00, 0x7F, 0xFF,
    0xFF, 0xE0, 0x00, 0x1F, 0xFF, 0xFF, 0xF8, 0x00, 0x07, 0xFF, 0xFF, 0xFE, 0x00, 0x01, 0xFF, 0xFF, 0xFF, 0x80, 0x00,
    0x7F, 0xFF, 0xFF, 0xE0, 0x00, 0x1F, 0xFF, 0xFF, 0xF8, 0x00, 0x07, 0xFF, 0xFF, 0xFE, 0x00, 0x01, 0xFF, 0xFF, 0xFF,
    0x80, 0x00, 0x7F, 0xFF, 0xFF, 0xE0, 0x00, 0x1F, 0xFF, 0xFF, 0xF8, 0x00, 0x07, 0xFF, 0xFF, 0xFE, 0x00, 0x01, 0xFF,
    0xFF, 0xFF, 0x80, 0x00, 0x7F, 0xFF, 0xFF, 0xE0, 0x00, 0x1F, 0xFF, 0xFF, 0xF8, 0x00, 0x07, 0xFF, 0xFF, 0xFE, 0x00,
    0x01, 0xFF, 0xFF, 0xFF, 0x80, 0x00, 0x7F, 0xFF, 0xFF, 0xE0, 0x00, 0x1F, 0xFF, 0xFF, 0xF8, 0x00, 0x07, 0xFF, 0xFF,
    0xFE, 0x00, 0x01, 0xFF, 0xFF, 0xFF, 0x80, 0x00, 0x7F, 0xFF, 0xFF, 0xE0, 0x00, 0x1F, 0xFF, 0xFF, 0xF8, 0x00, 0x07,
    0xFF, 0xFF, 0xFE, 0x00, 0x01, 0xFF, 0xFF, 0xFF, 0x80, 0x00, 0x7F, 0xFF, 0xFF, 0xE0, 0x00, 0x3F, 0xFF, 0xFF, 0xF8,
    0x00, 0x0F, 0xFF, 0xFF, 0xFE, 0x00, 0x03, 0xFF, 0xFF, 0xFF, 0xC0, 0x00, 0xFF, 0xFF, 0xFF, 0xF0, 0x00, 0x7F, 0xFF,
    0xFF, 0xFC, 0x00, 0x1F, 0xFF, 0xFF, 0xFF, 0x80, 0x0F, 0xFF, 0xFF, 0xFF, 0xE0, 0x07, 0xFF, 0xFF, 0xFF, 0xFE, 0x03,
    0xFF, 0xFF, 0x7F, 0xFF, 0xFF, 0xFF, 0xFF, 0xDF, 0xFF, 0xFF, 0xFF, 0xFF, 0xF7, 0xFF, 0xFF, 0xFF, 0xFF, 0xFC, 0xFF,
    0xFF, 0xFF, 0xFF, 0xFF, 0x1F, 0xFF, 0xFF, 0xF9, 0xFF, 0xC7, 0xFF, 0xFF, 0xFC, 0x7F, 0xF0, 0xFF, 0xFF, 0xFE, 0x1F,
    0xFC, 0x0F, 0xFF, 0xFF, 0x07, 0xFF, 0x01, 0xFF, 0xFF, 0x00, 0xFF, 0xC0, 0x0F, 0xFF, 0x00, 0x1F, 0xF0, 0xFF, 0xFC,
    0x00, 0x00, 0x3F, 0xFF, 0xFF, 0xFC, 0x00, 0x00, 0x3F, 0xFE, 0x7F, 0xFC, 0x00, 0x00, 0x7F, 0xFE, 0x7F, 0xFE, 0x00,
    0x00, 0x7F, 0xFE, 0x7F, 0xFE, 0x00, 0x00, 0x7F, 0xFC, 0x3F, 0xFE, 0x00, 0x00, 0xFF, 0xFC, 0x3F, 0xFF, 0x00, 0x00,
    0xFF, 0xF8, 0x1F, 0xFF, 0x00, 0x00, 0xFF, 0xF8, 0x1F, 0xFF, 0x00, 0x01, 0xFF, 0xF8, 0x1F, 0xFF, 0x80, 0x01, 0xFF,
    0xF0, 0x0F, 0xFF, 0x80, 0x01, 0xFF, 0xF0, 0x0F, 0xFF, 0x80, 0x03, 0xFF, 0xF0, 0x0F, 0xFF, 0xC0, 0x03, 0xFF, 0xE0,
    0x07, 0xFF, 0xC0, 0x03, 0xFF, 0xE0, 0x07, 0xFF, 0xC0, 0x07, 0xFF, 0xC0, 0x03, 0xFF, 0xE0, 0x07, 0xFF, 0xC0, 0x03,
    0xFF, 0xE0, 0x07, 0xFF, 0xC0, 0x03, 0xFF, 0xE0, 0x0F, 0xFF, 0x80, 0x01, 0xFF, 0xE0, 0x0F, 0xFF, 0x80, 0x01, 0xFF,
    0xF0, 0x0F, 0xFF, 0x00, 0x00, 0xFF, 0xF0, 0x1F, 0xFF, 0x00, 0x00, 0xFF, 0xF0, 0x1F, 0xFF, 0x00, 0x00, 0xFF, 0xF8,
    0x1F, 0xFE, 0x00, 0x00, 0x7F, 0xF8, 0x3F, 0xFE, 0x00, 0x00, 0x7F, 0xF8, 0x3F, 0xFE, 0x00, 0x00, 0x7F, 0xFC, 0x3F,
    0xFC, 0x00, 0x00, 0x3F, 0xFC, 0x7F, 0xFC, 0x00, 0x00, 0x3F, 0xFC, 0x7F, 0xF8, 0x00, 0x00, 0x1F, 0xFE, 0x7F, 0xF8,
    0x00, 0x00, 0x1F, 0xFE, 0xFF, 0xF8, 0x00, 0x00, 0x1F, 0xFE, 0xFF, 0xF0, 0x00, 0x00, 0x0F, 0xFE, 0xFF, 0xF0, 0x00,
    0x00, 0x0F, 0xFF, 0xFF, 0xE0, 0x00, 0x00, 0x07, 0xFF, 0xFF, 0xE0, 0x00, 0x00, 0x07, 0xFF, 0xFF, 0xE0, 0x00, 0x00,
    0x07, 0xFF, 0xFF, 0xC0, 0x00, 0x00, 0x03, 0xFF, 0xFF, 0xC0, 0x00, 0x00, 0x03, 0xFF, 0xFF, 0xC0, 0x00, 0x00, 0x03,
    0xFF, 0xFF, 0x80, 0x00, 0x00, 0x01, 0xFF, 0xFF, 0x80, 0x00, 0x00, 0x01, 0xFF, 0xFF, 0x00, 0x00, 0x00, 0x00, 0xFF,
    0xFF, 0x00, 0x00, 0x00, 0x00, 0xFF, 0xFF, 0x00, 0x00, 0x00, 0x00, 0xFF, 0xFE, 0x00, 0x00, 0x00, 0x00, 0x7F, 0xFE,
    0x00, 0x00, 0x7F, 0xFC, 0x00, 0x07, 0xFF, 0xE0, 0x00, 0x3F, 0xFE, 0xFF, 0xF8, 0x00, 0x1F, 0xFF, 0xC0, 0x00, 0x7F,
    0xFD, 0xFF, 0xF0, 0x00, 0x3F, 0xFF, 0xC0, 0x01, 0xFF, 0xF1, 0xFF, 0xF0, 0x00, 0x7F, 0xFF, 0x80, 0x03, 0xFF, 0xE3,
    0xFF, 0xE0, 0x01, 0xFF, 0xFF, 0x00, 0x07, 0xFF, 0xC7, 0xFF, 0xC0, 0x03, 0xFF, 0xFE, 0x00, 0x0F, 0xFF, 0x0F, 0xFF,
    0x80, 0x07, 0xFF, 0xFE, 0x00, 0x3F, 0xFE, 0x0F, 0xFF, 0x80, 0x0F, 0xFF, 0xFC, 0x00, 0x7F, 0xFC, 0x1F, 0xFF, 0x00,
    0x3F, 0xFF, 0xF8, 0x00, 0xFF, 0xF0, 0x3F, 0xFE, 0x00, 0x7F, 0xFF, 0xF0, 0x03, 0xFF, 0xE0, 0x3F, 0xFC, 0x00, 0xFF,
    0xFF, 0xF0, 0x07, 0xFF, 0xC0, 0x7F, 0xFC, 0x01, 0xFF, 0x7F, 0xE0, 0x0F, 0xFF, 0x80, 0xFF, 0xF8, 0x07, 0xFE, 0xFF,
    0xC0, 0x1F, 0xFE, 0x01, 0xFF, 0xF0, 0x0F, 0xFD, 0xFF, 0x80, 0x7F, 0xFC, 0x01, 0xFF, 0xE0, 0x1F, 0xF9, 0xFF, 0x80,
    0xFF, 0xF8, 0x03, 0xFF, 0xE0, 0x3F, 0xF3, 0xFF, 0x01, 0xFF, 0xE0, 0x07, 0xFF, 0xC0, 0xFF, 0xC7, 0xFE, 0x03, 0xFF,
    0xC0, 0x07, 0xFF, 0x81, 0xFF, 0x8F, 0xFC, 0x0F, 0xFF, 0x80, 0x0F, 0xFF, 0x83, 0xFF, 0x0F, 0xFC, 0x1F, 0xFF, 0x00,
    0x1F, 0xFF, 0x07, 0xFE, 0x1F, 0xF8, 0x3F, 0xFC, 0x00, 0x3F, 0xFE, 0x1F, 0xF8, 0x3F, 0xF0, 0xFF, 0xF8, 0x00, 0x3F,
    0xFC, 0x3F, 0xF0, 0x7F, 0xE1, 0xFF, 0xF0, 0x00, 0x7F, 0xF8, 0x7F, 0xE0, 0x7F, 0xE3, 0xFF, 0xC0, 0x00, 0xFF, 0xF8,
    0xFF, 0xC0, 0xFF, 0xC7, 0xFF, 0x80, 0x00, 0xFF, 0xF3, 0xFF, 0x01, 0xFF, 0x8F, 0xFF, 0x00, 0x01, 0xFF, 0xE7, 0xFE,
    0x03, 0xFF, 0x3F, 0xFE, 0x00, 0x03, 0xFF, 0xCF, 0xFC, 0x07, 0xFE, 0x7F, 0xF8, 0x00, 0x07, 0xFF, 0x9F, 0xF8, 0x07,
    0xFE, 0xFF, 0xF0, 0x00, 0x07, 0xFF, 0xBF, 0xE0, 0x0F, 0xFD, 0xFF, 0xE0, 0x00, 0x0F, 0xFF, 0x7F, 0xC0, 0x1F, 0xFB,
    0xFF, 0x80, 0x00, 0x1F, 0xFF, 0xFF, 0x80, 0x3F, 0xF7, 0xFF, 0x00, 0x00, 0x1F, 0xFF, 0xFF, 0x00, 0x3F, 0xFF, 0xFE,
    0x00, 0x00, 0x3F, 0xFF, 0xFC, 0x00, 0x7F, 0xFF, 0xFC, 0x00, 0x00, 0x7F, 0xFF, 0xF8, 0x00, 0xFF, 0xFF, 0xF0, 0x00,
    0x00, 0xFF, 0xFF, 0xF0, 0x01, 0xFF, 0xFF, 0xE0, 0x00, 0x00, 0xFF, 0xFF, 0xE0, 0x01, 0xFF, 0xFF, 0xC0, 0x00, 0x01,
    0xFF, 0xFF, 0xC0, 0x03, 0xFF, 0xFF, 0x00, 0x00, 0x03, 0xFF, 0xFF, 0x00, 0x07, 0xFF, 0xFE, 0x00, 0x00, 0x03, 0xFF,
    0xFE, 0x00, 0x0F, 0xFF, 0xFC, 0x00, 0x00, 0x07, 0xFF, 0xFC, 0x00, 0x1F, 0xFF, 0xF0, 0x00, 0x00, 0x0F, 0xFF, 0xF8,
    0x00, 0x1F, 0xFF, 0xE0, 0x00, 0x00, 0x1F, 0xFF, 0xE0, 0x00, 0x3F, 0xFF, 0xC0, 0x00, 0x00, 0x1F, 0xFF, 0xC0, 0x00,
    0x7F, 0xFF, 0x80, 0x00, 0x00, 0x3F, 0xFF, 0x80, 0x00, 0xFF, 0xFE, 0x00, 0x00, 0x00, 0x7F, 0xFF, 0x00, 0x00, 0xFF,
    0xFC, 0x00, 0x00, 0x7F, 0xFF, 0x00, 0x00, 0xFF, 0xFE, 0x3F, 0xFF, 0x80, 0x00, 0xFF, 0xFE, 0x3F, 0xFF, 0x80, 0x01,
    0xFF, 0xFC, 0x1F, 0xFF, 0xC0, 0x03, 0xFF, 0xF8, 0x0F, 0xFF, 0xC0, 0x03, 0xFF, 0xF0, 0x0F, 0xFF, 0xE0, 0x07, 0xFF,
    0xF0, 0x07, 0xFF, 0xF0, 0x07, 0xFF, 0xE0, 0x03, 0xFF, 0xF0, 0x0F, 0xFF, 0xC0, 0x03, 0xFF, 0xF8, 0x1F, 0xFF, 0xC0,
    0x01, 0xFF, 0xFC, 0x1F, 0xFF, 0x80, 0x00, 0xFF, 0xFC, 0x3F, 0xFF, 0x00, 0x00, 0xFF, 0xFE, 0x7F, 0xFF, 0x00, 0x00,
    0x7F, 0xFE, 0x7F, 0xFE, 0x00, 0x00, 0x3F, 0xFF, 0xFF, 0xFC, 0x00, 0x00, 0x3F, 0xFF, 0xFF, 0xFC, 0x00, 0x00, 0x1F,
    0xFF, 0xFF, 0xF8, 0x00, 0x00, 0x0F, 0xFF, 0xFF, 0xF0, 0x00, 0x00, 0x0F, 0xFF, 0xFF, 0xF0, 0x00, 0x00, 0x07, 0xFF,
    0xFF, 0xE0, 0x00, 0x00, 0x03, 0xFF, 0xFF, 0xC0, 0x00, 0x00, 0x03, 0xFF, 0xFF, 0xC0, 0x00, 0x00, 0x01, 0xFF, 0xFF,
    0x80, 0x00, 0x00, 0x01, 0xFF, 0xFF, 0x80, 0x00, 0x00, 0x03, 0xFF, 0xFF, 0xC0, 0x00, 0x00, 0x03, 0xFF, 0xFF, 0xC0,
    0x00, 0x00, 0x07, 0xFF, 0xFF, 0xE0, 0x00, 0x00, 0x0F, 0xFF, 0xFF, 0xF0, 0x00, 0x00, 0x0F, 0xFF, 0xFF, 0xF0, 0x00,
    0x00, 0x1F, 0xFF, 0xFF, 0xF8, 0x00, 0x00, 0x3F, 0xFF, 0xFF, 0xFC, 0x00, 0x00, 0x3F, 0xFF, 0xFF, 0xFC, 0x00, 0x00,
    0x7F, 0xFE, 0x7F, 0xFE, 0x00, 0x00, 0xFF, 0xFE, 0x7F, 0xFF, 0x00, 0x00, 0xFF, 0xFC, 0x3F, 0xFF, 0x00, 0x01, 0xFF,
    0xF8, 0x1F, 0xFF, 0x80, 0x03, 0xFF, 0xF8, 0x1F, 0xFF, 0xC0, 0x03, 0xFF, 0xF0, 0x0F, 0xFF, 0xC0, 0x07, 0xFF, 0xF0,
    0x07, 0xFF, 0xE0, 0x0F, 0xFF, 0xE0, 0x07, 0xFF, 0xF0, 0x0F, 0xFF, 0xC0, 0x03, 0xFF, 0xF0, 0x1F, 0xFF, 0xC0, 0x03,
    0xFF, 0xF8, 0x3F, 0xFF, 0x80, 0x01, 0xFF, 0xFC, 0x3F, 0xFF, 0x00, 0x00, 0xFF, 0xFC, 0x7F, 0xFF, 0x00, 0x00, 0xFF,
    0xFE, 0xFF, 0xFE, 0x00, 0x00, 0x7F, 0xFF, 0xFF, 0xFC, 0x00, 0x00, 0x3F, 0xFF, 0xFF, 0xFC, 0x00, 0x00, 0x3F, 0xFE,
    0x7F, 0xFE, 0x00, 0x00, 0x7F, 0xFE, 0x7F, 0xFE, 0x00, 0x00, 0x7F, 0xFE, 0x7F, 0xFE, 0x00, 0x00, 0x7F, 0xFC, 0x3F,
    0xFF, 0x00, 0x00, 0x7F, 0xFC, 0x3F, 0xFF, 0x00, 0x00, 0xFF, 0xFC, 0x1F, 0xFF, 0x00, 0x00, 0xFF, 0xF8, 0x1F, 0xFF,
    0x80, 0x00, 0xFF, 0xF8, 0x1F, 0xFF, 0x80, 0x01, 0xFF, 0xF0, 0x0F, 0xFF, 0x80, 0x01, 0xFF, 0xF0, 0x0F, 0xFF, 0x80,
    0x01, 0xFF, 0xF0, 0x07, 0xFF, 0xC0, 0x03, 0xFF, 0xE0, 0x07, 0xFF, 0xC0, 0x03, 0xFF, 0xE0, 0x07, 0xFF, 0xC0, 0x03,
    0xFF, 0xE0, 0x03, 0xFF, 0xE0, 0x07, 0xFF, 0xC0, 0x03, 0xFF, 0xE0, 0x07, 0xFF, 0xC0, 0x01, 0xFF, 0xE0, 0x07, 0xFF,
    0x80, 0x01, 0xFF, 0xF0, 0x0F, 0xFF, 0x80, 0x01, 0xFF, 0xF0, 0x0F, 0xFF, 0x80, 0x00, 0xFF, 0xF0, 0x0F, 0xFF, 0x00,
    0x00, 0xFF, 0xF8, 0x1F, 0xFF, 0x00, 0x00, 0x7F, 0xF8, 0x1F, 0xFF, 0x00, 0x00, 0x7F, 0xF8, 0x1F, 0xFE, 0x00, 0x00,
    0x7F, 0xFC, 0x3F, 0xFE, 0x00, 0x00, 0x3F, 0xFC, 0x3F, 0xFC, 0x00, 0x00, 0x3F, 0xFC, 0x3F, 0xFC, 0x00, 0x00, 0x1F,
    0xFE, 0x7F, 0xFC, 0x00, 0x00, 0x1F, 0xFE, 0x7F, 0xF8, 0x00, 0x00, 0x1F, 0xFE, 0x7F, 0xF8, 0x00, 0x00, 0x0F, 0xFF,
    0x7F, 0xF0, 0x00, 0x00, 0x0F, 0xFF, 0xFF, 0xF0, 0x00, 0x00, 0x07, 0xFF, 0xFF, 0xF0, 0x00, 0x00, 0x07, 0xFF, 0xFF,
    0xE0, 0x00, 0x00, 0x07, 0xFF, 0xFF, 0xE0, 0x00, 0x00, 0x03, 0xFF, 0xFF, 0xE0, 0x00, 0x00, 0x03, 0xFF, 0xFF, 0xC0,
    0x00, 0x00, 0x01, 0xFF, 0xFF, 0xC0, 0x00, 0x00, 0x01, 0xFF, 0xFF, 0x80, 0x00, 0x00, 0x01, 0xFF, 0xFF, 0x80, 0x00,
    0x00, 0x00, 0xFF, 0xFF, 0x80, 0x00, 0x00, 0x00, 0xFF, 0xFF, 0x00, 0x00, 0x00, 0x00, 0x7F, 0xFF, 0x00, 0x00, 0x00,
    0x00, 0x7F, 0xFF, 0x00, 0x00, 0x00, 0x00, 0x7F, 0xFE, 0x00, 0x00, 0x00, 0x00, 0x3F, 0xFE, 0x00, 0x00, 0x00, 0x00,
    0x7F, 0xFC, 0x00, 0x00, 0x00, 0x00, 0x7F, 0xFC, 0x00, 0x00, 0x00, 0x00, 0xFF, 0xFC, 0x00, 0x00, 0x00, 0x00, 0xFF,
    0xF8, 0x00, 0x00, 0x00, 0x01, 0xFF, 0xF8, 0x00, 0x00, 0x00, 0x01, 0xFF, 0xF8, 0x00, 0x00, 0x00, 0x03, 0xFF, 0xF0,
    0x00, 0x00, 0x00, 0x07, 0xFF, 0xF0, 0x00, 0x00, 0x00, 0x1F, 0xFF, 0xE0, 0x00, 0x00, 0x1F, 0xFF, 0xFF, 0xE0, 0x00,
    0x00, 0x1F, 0xFF, 0xFF, 0xC0, 0x00, 0x00, 0x1F, 0xFF, 0xFF, 0x80, 0x00, 0x00, 0x1F, 0xFF, 0xFF, 0x80, 0x00, 0x00,
    0x1F, 0xFF, 0xFF, 0x00, 0x00, 0x00, 0x1F, 0xFF, 0xFE, 0x00, 0x00, 0x00, 0x1F, 0xFF, 0xFC, 0x00, 0x00, 0x00, 0x1F,
    0xFF, 0xF0, 0x00, 0x00, 0x00, 0x1F, 0xFF, 0xE0, 0x00, 0x00, 0x00, 0x1F, 0xFF, 0x00, 0x00, 0x00, 0x00, 0x7F, 0xFF,
    0xFF, 0xFF, 0xE7, 0xFF, 0xFF, 0xFF, 0xFE, 0x7F, 0xFF, 0xFF, 0xFF, 0xE7, 0xFF, 0xFF, 0xFF, 0xFE, 0x7F, 0xFF, 0xFF,
    0xFF, 0xE7, 0xFF, 0xFF, 0xFF, 0xFE, 0x7F, 0xFF, 0xFF, 0xFF, 0xE7, 0xFF, 0xFF, 0xFF, 0xFE, 0x7F, 0xFF, 0xFF, 0xFF,
    0xE7, 0xFF, 0xFF, 0xFF, 0xFC, 0x00, 0x00, 0x0F, 0xFF, 0xC0, 0x00, 0x01, 0xFF, 0xF8, 0x00, 0x00, 0x3F, 0xFF, 0x00,
    0x00, 0x07, 0xFF, 0xE0, 0x00, 0x00, 0x7F, 0xFE, 0x00, 0x00, 0x0F, 0xFF, 0xC0, 0x00, 0x01, 0xFF, 0xF8, 0x00, 0x00,
    0x3F, 0xFF, 0x00, 0x00, 0x03, 0xFF, 0xF0, 0x00, 0x00, 0x7F, 0xFE, 0x00, 0x00, 0x0F, 0xFF, 0xC0, 0x00, 0x00, 0xFF,
    0xF8, 0x00, 0x00, 0x1F, 0xFF, 0x80, 0x00, 0x03, 0xFF, 0xF0, 0x00, 0x00, 0x7F, 0xFE, 0x00, 0x00, 0x07, 0xFF, 0xC0,
    0x00, 0x00, 0xFF, 0xFC, 0x00, 0x00, 0x1F, 0xFF, 0x80, 0x00, 0x03, 0xFF, 0xF0, 0x00, 0x00, 0x3F, 0xFF, 0x00, 0x00,
    0x07, 0xFF, 0xE0, 0x00, 0x00, 0xFF, 0xFC, 0x00, 0x00, 0x1F, 0xFF, 0x80, 0x00, 0x01, 0xFF, 0xF8, 0x00, 0x00, 0x3F,
    0xFF, 0x00, 0x00, 0x07, 0xFF, 0xFF, 0xFF, 0xFF, 0xFF, 0xFF, 0xFF, 0xFF, 0xFF, 0xFF, 0xFF, 0xFF, 0xFF, 0xFF, 0xFF,
    0xFF, 0xFF, 0xFF, 0xFF, 0xFF, 0xFF, 0xFF, 0xFF, 0xFF, 0xFF, 0xFF, 0xFF, 0xFF, 0xFF, 0xFF, 0xFF, 0xFF, 0xFF, 0xFF,
    0xFF, 0xFF, 0xFF, 0xFF, 0xFF, 0xFF, 0xFF, 0xFF, 0xFF, 0xFF, 0xF0, 0x00, 0x00, 0x03, 0xF8, 0x00, 0x03, 0xFF, 0xC0,
    0x00, 0x7F, 0xFE, 0x00, 0x07, 0xFF, 0xF0, 0x00, 0x7F, 0xFF, 0x80, 0x07, 0xFF, 0xFC, 0x00, 0x3F, 0xFF, 0xE0, 0x03,
    0xFF, 0xFF, 0x00, 0x1F, 0xFF, 0xF8, 0x00, 0xFF, 0xFF, 0xC0, 0x07, 0xFF, 0xF8, 0x00, 0x3F, 0xFE, 0x00, 0x01, 0xFF,
    0xE0, 0x00, 0x0F, 0xFF, 0x00, 0x00, 0x7F, 0xF0, 0x00, 0x03, 0xFF, 0x80, 0x00, 0x1F, 0xFC, 0x00, 0x00, 0xFF, 0xE0,
    0x00, 0x07, 0xFF, 0x00, 0x00, 0x3F, 0xF8, 0x00, 0x01, 0xFF, 0xC0, 0x00, 0x0F, 0xFE, 0x00, 0x00, 0x7F, 0xF0, 0x00,
    0x03, 0xFF, 0x80, 0x00, 0x1F, 0xFC, 0x00, 0x00, 0xFF, 0xE0, 0x00, 0x0F, 0xFF, 0x00, 0x00, 0x7F, 0xF8, 0x00, 0x03,
    0xFF, 0xC0, 0x00, 0x3F, 0xFE, 0x00, 0x07, 0xFF, 0xF0, 0x03, 0xFF, 0xFF, 0x80, 0xFF, 0xFF, 0xF8, 0x07, 0xFF, 0xFF,
    0x80, 0x3F, 0xFF, 0xF8, 0x01, 0xFF, 0xFF, 0x00, 0x0F, 0xFF, 0xC0, 0x00, 0x7F, 0xFF, 0x80, 0x03, 0xFF, 0xFF, 0x00,
    0x1F, 0xFF, 0xFE, 0x00, 0xFF, 0xFF, 0xF8, 0x07, 0xFF, 0xFF, 0xC0, 0x00, 0xFF, 0xFF, 0x00, 0x01, 0xFF, 0xF8, 0x00,
    0x07, 0xFF, 0xC0, 0x00, 0x1F, 0xFE, 0x00, 0x00, 0xFF, 0xF0, 0x00, 0x03, 0xFF, 0x80, 0x00, 0x1F, 0xFC, 0x00, 0x00,
    0xFF, 0xE0, 0x00, 0x07, 0xFF, 0x00, 0x00, 0x3F, 0xF8, 0x00, 0x01, 0xFF, 0xC0, 0x00, 0x0F, 0xFE, 0x00, 0x00, 0x7F,
    0xF0, 0x00, 0x03, 0xFF, 0x80, 0x00, 0x1F, 0xFC, 0x00, 0x00, 0xFF, 0xE0, 0x00, 0x07, 0xFF, 0x00, 0x00, 0x3F, 0xFC,
    0x00, 0x01, 0xFF, 0xE0, 0x00, 0x0F, 0xFF, 0x00, 0x00, 0x7F, 0xFE, 0x00, 0x03, 0xFF, 0xFF, 0x00, 0x1F, 0xFF, 0xF8,
    0x00, 0xFF, 0xFF, 0xC0, 0x07, 0xFF, 0xFE, 0x00, 0x1F, 0xFF, 0xF0, 0x00, 0xFF, 0xFF, 0x80, 0x03, 0xFF, 0xFC, 0x00,
    0x0F, 0xFF, 0xE0, 0x00, 0x1F, 0xFF, 0x00, 0x00, 0x1F, 0xF8, 0xFF, 0xFF, 0xFF, 0xFF, 0xFF, 0xFF, 0xFF, 0xFF, 0xFF,
    0xFF, 0xFF, 0xFF, 0xFF, 0xFF, 0xFF, 0xFF, 0xFF, 0xFF, 0xFF, 0xFF, 0xFF, 0xFF, 0xFF, 0xFF, 0xFF, 0xFF, 0xFF, 0xFF,
    0xFF, 0xFF, 0xFF, 0xFF, 0xFF, 0xFF, 0xFF, 0xFF, 0xFF, 0xFF, 0xFF, 0xFF, 0xFF, 0xFF, 0xFF, 0xFF, 0xFF, 0xFF, 0xFF,
    0xFF, 0xFF, 0xFF, 0xFF, 0xFF, 0xFF, 0xFF, 0xFF, 0xFF, 0xFF, 0xFF, 0xFF, 0xFF, 0xFF, 0xFF, 0xFF, 0xFF, 0xFF, 0xFF,
    0xFF, 0xFF, 0xFF, 0xFF, 0xFF, 0xFF, 0xFF, 0xFF, 0xFF, 0xFF, 0xFF, 0xFF, 0xFF, 0xFF, 0xFF, 0xFF, 0xFF, 0xFF, 0xFF,
    0xFF, 0xFF, 0xFF, 0xFF, 0xFF, 0xFF, 0x80, 0xFE, 0x00, 0x00, 0x0F, 0xFF, 0x00, 0x00, 0xFF, 0xFC, 0x00, 0x0F, 0xFF,
    0xE0, 0x00, 0xFF, 0xFF, 0x00, 0x0F, 0xFF, 0xF8, 0x00, 0xFF, 0xFF, 0x80, 0x0F, 0xFF, 0xFC, 0x00, 0xFF, 0xFF, 0xC0,
    0x0F, 0xFF, 0xFC, 0x00, 0x3F, 0xFF, 0xC0, 0x00, 0x7F, 0xFC, 0x00, 0x03, 0xFF, 0xC0, 0x00, 0x3F, 0xFC, 0x00, 0x01,
    0xFF, 0xC0, 0x00, 0x1F, 0xFC, 0x00, 0x01, 0xFF, 0xC0, 0x00, 0x1F, 0xFC, 0x00, 0x01, 0xFF, 0xC0, 0x00, 0x1F, 0xFC,
    0x00, 0x01, 0xFF, 0xC0, 0x00, 0x1F, 0xFC, 0x00, 0x01, 0xFF, 0xC0, 0x00, 0x1F, 0xFC, 0x00, 0x01, 0xFF, 0xC0, 0x00,
    0x1F, 0xFC, 0x00, 0x01, 0xFF, 0xE0, 0x00, 0x1F, 0xFE, 0x00, 0x01, 0xFF, 0xE0, 0x00, 0x1F, 0xFF, 0x00, 0x01, 0xFF,
    0xFC, 0x00, 0x1F, 0xFF, 0xFC, 0x00, 0xFF, 0xFF, 0xF0, 0x07, 0xFF, 0xFF, 0x00, 0x3F, 0xFF, 0xF0, 0x00, 0xFF, 0xFF,
    0x00, 0x01, 0xFF, 0xF0, 0x00, 0x7F, 0xFF, 0x00, 0x1F, 0xFF, 0xF0, 0x07, 0xFF, 0xFF, 0x00, 0xFF, 0xFF, 0xF0, 0x0F,
    0xFF, 0xFF, 0x01, 0xFF, 0xFE, 0x00, 0x1F, 0xFF, 0x80, 0x01, 0xFF, 0xF0, 0x00, 0x1F, 0xFE, 0x00, 0x01, 0xFF, 0xE0,
    0x00, 0x1F, 0xFC, 0x00, 0x01, 0xFF, 0xC0, 0x00, 0x1F, 0xFC, 0x00, 0x01, 0xFF, 0xC0, 0x00, 0x1F, 0xFC, 0x00, 0x01,
    0xFF, 0xC0, 0x00, 0x1F, 0xFC, 0x00, 0x01, 0xFF, 0xC0, 0x00, 0x1F, 0xFC, 0x00, 0x01, 0xFF, 0xC0, 0x00, 0x1F, 0xFC,
    0x00, 0x01, 0xFF, 0xC0, 0x00, 0x3F, 0xFC, 0x00, 0x03, 0xFF, 0xC0, 0x00, 0x3F, 0xFC, 0x00, 0x0F, 0xFF, 0xC0, 0x0F,
    0xFF, 0xFC, 0x00, 0xFF, 0xFF, 0xC0, 0x0F, 0xFF, 0xFC, 0x00, 0xFF, 0xFF, 0xC0, 0x0F, 0xFF, 0xF8, 0x00, 0xFF, 0xFF,
    0x80, 0x0F, 0xFF, 0xF0, 0x00, 0xFF, 0xFE, 0x00, 0x0F, 0xFF, 0x80, 0x00, 0xFF, 0xC0, 0x00, 0x00, 0x00, 0x00, 0x00,
    0x00, 0x00, 0x07, 0xFF, 0x80, 0x00, 0x01, 0x1F, 0xFF, 0xF0, 0x00, 0x03, 0x3F, 0xFF, 0xFC, 0x00, 0x0F, 0x7F, 0xFF,
    0xFF, 0x00, 0x1F, 0xFF, 0xFF, 0xFF, 0xF8, 0xFF, 0xFF, 0xFF, 0xFF, 0xFF, 0xFF, 0xFF, 0xFF, 0xFF, 0xFF, 0xFF, 0xFF,
    0xFF, 0xFF, 0xFF, 0xFF, 0xFF, 0xFF, 0xFF, 0xFF, 0xFF, 0xFF, 0x1F, 0xFF, 0xFF, 0xFF, 0xF8, 0x00, 0xFF, 0xFF, 0xFE,
    0xF0, 0x00, 0x3F, 0xFF, 0xFC, 0xC0, 0x00, 0x07, 0xFF, 0xF8, 0x80, 0x00, 0x01, 0xFF, 0xE0, 0x00, 0x00, 0x00, 0x00,
    0x00, 0xFF, 0xFF, 0xFF, 0xFF, 0xFF, 0xFF, 0xFF, 0xFF, 0xFF, 0xFF, 0xFF, 0xFF, 0xFF, 0xFF, 0xFF, 0xFF, 0xFF, 0xFF,
    0xFF, 0xFF, 0xFF, 0xFF, 0xFF, 0xFF, 0xFF, 0xFF, 0xFF, 0xFF, 0xFF, 0xFF, 0xFF, 0xFF, 0xFF, 0xFF, 0xFF, 0xFF, 0xFF,
    0xFF, 0xFF, 0xFF, 0xFF, 0xFF, 0xFF, 0xFC, 0xFF, 0xFF, 0xFF, 0xFF, 0xFF, 0xFF, 0xFF, 0xFF, 0xFF, 0xFF, 0xFF, 0xFF,
    0xFF, 0xFF, 0xFF, 0xFF, 0xFF, 0xFF, 0xFF, 0xFF, 0xFF, 0xFF, 0xFF, 0xFF, 0xFF, 0xFF, 0xFF, 0xFF, 0xFF, 0xFF, 0xFF,
    0xFF, 0xFF, 0xFF, 0xFF, 0xFF, 0xFF, 0xFF, 0xFF, 0xFF, 0xFF, 0xFF, 0xFF, 0xFF, 0xFF, 0xFF, 0xFF, 0xFF, 0xFF, 0xFF,
    0xFF, 0xFF, 0xFF, 0xFF, 0xFF, 0xFF, 0xFF, 0xFF, 0xFF, 0xFF, 0xFF, 0xFF, 0xFF, 0xFF, 0xFF, 0xFF, 0xFF, 0xFF, 0xFF,
    0xFF, 0xFF, 0xFF, 0xFF, 0xFF, 0xFF, 0xFF, 0xFF, 0xFF, 0xFF, 0xFF, 0xFF, 0xFF, 0xFF, 0xFF, 0xFF, 0xFF, 0xFF, 0xFF,
    0xFF, 0xFF, 0xFF, 0xFF, 0xFF, 0xFF, 0xFF, 0xFF, 0xC0, 0x01, 0xFF, 0x01, 0xFF, 0x80, 0xFF, 0xC0, 0xFF, 0xE0, 0x7F,
    0xE0, 0x7F, 0xF0, 0x3F, 0xF8, 0x1F, 0xFC, 0x1F, 0xFE, 0x0F, 0xFE, 0x0F, 0xFF, 0x07, 0xFF, 0x83, 0xFF, 0xC3, 0xFF,
    0xE1, 0xFF, 0xE0, 0xFF, 0xF0, 0xFF, 0xF8, 0x7F, 0xFC, 0x3F, 0xFE, 0x1F, 0xFE, 0x00, 0x0F, 0xFF, 0x0F, 0xFF, 0x87,
    0xFF, 0xC3, 0xFF, 0xE1, 0xFF, 0xE0, 0xFF, 0xF0, 0x7F, 0xF8, 0x7F, 0xF8, 0x3F, 0xFC, 0x1F, 0xFE, 0x0F, 0xFE, 0x07,
    0xFF, 0x07, 0xFF, 0x83, 0xFF, 0x81, 0xFF, 0xC0, 0xFF, 0xC0, 0xFF, 0xE0, 0x7F, 0xE0, 0x3F, 0xF0, 0x1F, 0xF8, 0x00,
    0x01, 0xFF, 0x00, 0x3F, 0xE0, 0x3F, 0xF0, 0x07, 0xFE, 0x03, 0xFF, 0x00, 0x7F, 0xE0, 0x7F, 0xF0, 0x0F, 0xFE, 0x07,
    0xFE, 0x00, 0xFF, 0xC0, 0xFF, 0xE0, 0x1F, 0xFC, 0x0F, 0xFE, 0x01, 0xFF, 0xC0, 0xFF, 0xE0, 0x1F, 0xFC, 0x1F, 0xFE,
    0x03, 0xFF, 0xC1, 0xFF, 0xC0, 0x3F, 0xF8, 0x3F, 0xFC, 0x07, 0xFF, 0x83, 0xFF, 0xC0, 0x7F, 0xF8, 0x3F, 0xFC, 0x07,
    0xFF, 0x87, 0xFF, 0xC0, 0xFF, 0xF8, 0x7F, 0xF8, 0x0F, 0xFF, 0x07, 0xFF, 0x80, 0xFF, 0xF0, 0xFF, 0xF8, 0x1F, 0xFF,
    0x0F, 0xFF, 0x81, 0xFF, 0xF0, 0xFF, 0xF8, 0x1F, 0xFF, 0x0F, 0xFF, 0x01, 0xFF, 0xE0, 0x0F, 0xFF, 0x01, 0xFF, 0xE1,
    0xFF, 0xF0, 0x3F, 0xFE, 0x1F, 0xFF, 0x03, 0xFF, 0xE1, 0xFF, 0xF0, 0x3F, 0xFE, 0x1F, 0xFE, 0x03, 0xFF, 0xC1, 0xFF,
    0xE0, 0x3F, 0xFC, 0x1F, 0xFE, 0x03, 0xFF, 0xC3, 0xFF, 0xC0, 0x7F, 0xF8, 0x3F, 0xFC, 0x07, 0xFF, 0x83, 0xFF, 0xC0,
    0x7F, 0xF8, 0x3F, 0xF8, 0x07, 0xFF, 0x03, 0xFF, 0x80, 0x7F, 0xF0, 0x7F, 0xF8, 0x0F, 0xFF, 0x07, 0xFF, 0x00, 0xFF,
    0xE0, 0x7F, 0xF0, 0x0F, 0xFE, 0x07, 0xFE, 0x00, 0xFF, 0xC0, 0xFF, 0xE0, 0x1F, 0xFC, 0x0F, 0xFC, 0x01, 0xFF, 0x80,
    0xFF, 0xC0, 0x1F, 0xF8, 0x0F, 0xFC, 0x01, 0xFF, 0x80, 0x1F, 0xE0, 0x00, 0x1F, 0xE0, 0x00, 0x1F, 0xE0, 0xFF, 0xC0,
    0x00, 0xFF, 0xC0, 0x00, 0xFF, 0xC7, 0xFF, 0x80, 0x07, 0xFF, 0x80, 0x07, 0xFF, 0xBF, 0xFF, 0x00, 0x3F, 0xFF, 0x00,
    0x3F, 0xFF, 0xFF, 0xFC, 0x00, 0xFF, 0xFC, 0x00, 0xFF, 0xFF, 0xFF, 0xF0, 0x03, 0xFF, 0xF0, 0x03, 0xFF, 0xFF, 0xFF,
    0xC0, 0x0F, 0xFF, 0xC0, 0x0F, 0xFF, 0xFF, 0xFF, 0x00, 0x3F, 0xFF, 0x00, 0x3F, 0xFF, 0xFF, 0xFC, 0x00, 0xFF, 0xFC,
    0x00, 0xFF, 0xFF, 0xFF, 0xF0, 0x03, 0xFF, 0xF0, 0x03, 0xFF, 0xFF, 0xFF, 0xC0, 0x0F, 0xFF, 0xC0, 0x0F, 0xFF, 0xDF,
    0xFE, 0x00, 0x1F, 0xFE, 0x00, 0x1F, 0xFE, 0x3F, 0xF0, 0x00, 0x3F, 0xF0, 0x00, 0x3F, 0xF0, 0x7F, 0x80, 0x00, 0x7F,
    0x80, 0x00, 0x7F, 0x80,
};

static const EpdGlyph prompter_sans_40Glyphs[] = {
    {0, 0, 347, 0, 0, 0, 0},            // U+0020
    {14, 60, 376, 4, 59, 105, 0},       // !
    {30, 21, 639, 5, 59, 79, 105},      // "
    {50, 60, 861, 2, 59, 375, 184},     // #
    {41, 68, 763, 4, 63, 349, 559},     // $
    {70, 61, 1203, 2, 60, 534, 908},    // %
    {59, 61, 1000, 3, 60, 450, 1442},   // &
    {13, 21, 355, 5, 59, 35, 1892},     // '
    {23, 72, 452, 3, 59, 207, 1927},    // (
    {23, 72, 452, 2, 59, 207, 2134},    // )
    {41, 39, 723, 2, 63, 200, 2341},    // *
    {40, 40, 763, 4, 49, 200, 2541},    // +
    {17, 20, 380, 2, 9, 43, 2741},      // ,
    {22, 10, 427, 2, 27, 28, 2784},     // -
    {14, 14, 375, 4, 13, 25, 2812},     // .
    {35, 60, 553, 0, 60, 263, 2837},    // /
    {42, 61, 763, 3, 60, 321, 3100},    // 0
    {31, 59, 763, 4, 59, 229, 3421},    // 1
    {43, 60, 763, 2, 60, 323, 3650},    // 2
    {41, 61, 763, 3, 60, 313, 3973},    // 3
    {45, 59, 763, 1, 59, 332, 4286},    // 4
    {40, 60, 763, 4, 59, 300, 4618},    // 5
    {42, 61, 763, 3, 60, 321, 4918},    // 6
    {43, 60, 763, 2, 60, 323, 5239},    // 7
    {42, 61, 763, 3, 60, 321, 5562},    // 8
    {42, 60, 763, 3, 59, 315, 5883},    // 9
    {14, 47, 375, 4, 46, 83, 6198},     // :
    {17, 57, 380, 2, 46, 122, 6281},    // ;
    {41, 44, 763, 4, 52, 226, 6403},    // <
    {40, 25, 763, 4, 42, 125, 6629},    // =
    {41, 44, 763, 4, 52, 226, 6754},    // >
    {38, 61, 636, 0, 60, 290, 6980},    // ?
    {67, 66, 1197, 4, 59, 553, 7270},   // @
    {58, 60, 923, 0, 60, 435, 7823},    // A
    {44, 59, 887, 7, 59, 325, 8258},    // B
    {47, 61, 856, 5, 60, 359, 8583},    // C
    {49, 59, 976, 7, 59, 362, 8942},    // D
    {35, 59, 747, 7, 59, 259, 9304},    // E
    {34, 60, 732, 7, 59, 255, 9563},    // F
    {49, 61, 965, 5, 60, 374, 9818},    // G
    {49, 59, 1020, 7, 59, 362, 10192},  // H
    {27, 59, 519, 3, 59, 200, 10554},   // I
    {27, 77, 441, -7, 60, 260, 10754},  // J
    {49, 59, 885, 7, 59, 362, 11014},   // K
    {37, 59, 745, 7, 59, 273, 11376},   // L
    {64, 59, 1257, 7, 59, 472, 11649},  // M
    {53, 59, 1084, 7, 59, 391, 12121},  // N
    {56, 61, 1055, 5, 60, 427, 12512},  // O
    {41, 59, 828, 7, 59, 303, 12939},   // P
    {56, 74, 1055, 5, 60, 518, 13242},  // Q
    {48, 59, 875, 7, 59, 354, 13760},   // R
    {39, 61, 735, 3, 60, 298, 14114},   // S
    {45, 60, 769, 2, 60, 338, 14412},   // T
    {49, 60, 1008, 7, 59, 368, 14750},  // U
    {55, 59, 867, 0, 59, 406, 15118},   // V
    {81, 59, 1289, 0, 59, 598, 15524},  // W
    {56, 59, 893, 0, 59, 413, 16122},   // X
    {53, 59, 835, 0, 59, 391, 16535},   // Y
    {44, 59, 772, 2, 59, 325, 16926},   // Z
    {20, 72, 441, 6, 59, 180, 17251},   // [
    {35, 60, 553, 0, 60, 263, 17431},   // <backslash>
    {20, 72, 441, 2, 59, 180, 17694},   // ]
    {45, 39, 763, 1, 60, 220, 17874},   // ^
    {35, 6, 548, 0, -7, 27, 18094},     // _
    {24, 13, 487, 3, 63, 39, 18121},    // `
    {41, 47, 799, 3, 46, 241, 18160},   // a
    {43, 64, 843, 6, 63, 344, 18401},   // b
    {37, 47, 688, 4, 46, 218, 18745},   // c
    {43, 64, 843, 4, 63, 344, 18963},   // d
    {42, 47, 796, 4, 46, 247, 19307},   // e
    {35, 64, 516, 2, 63, 280, 19554},   // f
    {43, 66, 843, 4, 46, 355, 19834},   // g
    {42, 63, 867, 6, 63, 331, 20189},   // h
    {14, 63, 399, 6, 63, 111, 20520},   // i
    {24, 83, 397, -4, 63, 249, 20631},  // j
    {46, 63, 827, 6, 63, 363, 20880},   // k
    {13, 63, 397, 6, 63, 103, 21243},   // l
    {70, 46, 1300, 6, 46, 403, 21346},  // m
    {42, 46, 867, 6, 46, 242, 21749},   // n
    {44, 47, 833, 4, 46, 259, 21991},   // o
    {43, 66, 843, 6, 46, 355, 22250},   // p
    {43, 66, 843, 4, 46, 355, 22605},   // q
    {31, 46, 596, 6, 46, 179, 22960},   // r
    {34, 47, 669, 4, 46, 200, 23139},   // s
    {32, 56, 579, 2, 55, 224, 23339},   // t
    {42, 46, 867, 6, 45, 242, 23563},   // u
    {48, 45, 761, 0, 45, 270, 23805},   // v
    {71, 45, 1141, 0, 45, 400, 24075},  // w
    {48, 45, 771, 0, 45, 270, 24475},   // x
    {48, 65, 761, 0, 45, 390, 24745},   // y
    {36, 45, 657, 2, 45, 203, 25135},   // z
    {29, 73, 525, 1, 60, 265, 25338},   // {
    {9, 81, 735, 18, 63, 92, 25603},    // |
    {28, 73, 525, 3, 60, 256, 25695},   // }
    {40, 16, 763, 4, 37, 80, 25951},    // ~
    {35, 10, 667, 3, 28, 44, 26031},    // U+2013
    {77, 10, 1333, 3, 28, 97, 26075},   // U+2014
    {17, 20, 289, 1, 59, 43, 26172},    // U+2018
    {17, 20, 289, 1, 59, 43, 26215},    // U+2019
    {36, 20, 593, 1, 59, 90, 26258},    // U+201C
    {36, 20, 593, 1, 59, 90, 26348},    // U+201D
    {62, 14, 1140, 4, 13, 109, 26438},  // U+2026
};

static const EpdUnicodeInterval prompter_sans_40Intervals[] = {
    {0x20, 0x7E, 0x0}, {0x2013, 0x2014, 0x5F}, {0x2018, 0x2019, 0x61}, {0x201C, 0x201D, 0x63}, {0x2026, 0x2026, 0x65},
};

static const uint16_t prompter_sans_40KernLeftCodepoints[] = {
    0x0022, 0x0026, 0x0027, 0x0028, 0x002C, 0x002D, 0x002E, 0x0041, 0x0042, 0x0043, 0x0044, 0x0045, 0x0046,
    0x004B, 0x004C, 0x004F, 0x0050, 0x0051, 0x0054, 0x0055, 0x0056, 0x0057, 0x0058, 0x0059, 0x005A, 0x005B,
    0x005F, 0x0061, 0x0062, 0x0063, 0x0065, 0x0066, 0x0068, 0x006D, 0x006E, 0x006F, 0x0070, 0x0072, 0x0074,
    0x0076, 0x0077, 0x0078, 0x0079, 0x007B, 0x2013, 0x2014, 0x2018, 0x2019, 0x201C, 0x201D,
};

static const uint8_t prompter_sans_40KernLeftClassIds[] = {
    1, 2,  1,  3,  4,  5,  4,  6,  7,  8,  9,  10, 11, 8,  12, 9,  13, 9,  14, 15, 16, 16, 8, 17, 18,
    3, 19, 20, 21, 22, 21, 23, 20, 20, 20, 21, 21, 24, 22, 25, 25, 26, 25, 3,  5,  5,  1,  1, 1,  1,
};

static const uint16_t prompter_sans_40KernRightCodepoints[] = {
    0x0022, 0x0026, 0x0027, 0x0029, 0x002C, 0x002D, 0x002E, 0x003F, 0x0041, 0x0043, 0x0047, 0x004A,
    0x004F, 0x0051, 0x0054, 0x0055, 0x0056, 0x0057, 0x0058, 0x0059, 0x005A, 0x005D, 0x0061, 0x0063,
    0x0064, 0x0065, 0x0067, 0x006A, 0x006D, 0x006E, 0x006F, 0x0070, 0x0071, 0x0072, 0x0073, 0x0075,
    0x0076, 0x0077, 0x0078, 0x0079, 0x007A, 0x007D, 0x2013, 0x2014, 0x2019, 0x201D, 0x2026,
};

static const uint8_t prompter_sans_40KernRightClassIds[] = {
    1,  2,  1,  3,  4,  5,  4,  6,  7,  8,  8,  9,  8,  8,  10, 11, 12, 12, 13, 14, 15, 3, 16, 17,
    17, 17, 18, 19, 20, 20, 17, 20, 17, 20, 21, 20, 22, 22, 22, 22, 23, 3,  5,  5,  1,  1, 4,
};

static const uint16_t prompter_sans_40KernRowOffsets[] = {
    0, 9, 12, 14, 19, 20, 26, 27, 28, 35, 36, 40, 46, 51, 65, 67, 76, 87, 88, 89, 90, 93, 94, 97, 102, 105, 106,
};

static const uint8_t prompter_sans_40KernSparseCols[] = {
    6,  9,  11, 13, 15, 16, 17, 19, 20, 9,  11, 13, 8, 18, 7, 9, 10, 11, 13, 9,  0,  7,  8,  9,  11, 13, 3,
    7,  3,  6,  9,  11, 12, 13, 14, 8,  2,  3,  5,  6, 0,  7, 9, 10, 11, 13, 1,  3,  6,  12, 14, 1,  3,  4,
    5,  6,  7,  9,  15, 16, 17, 19, 20, 21, 22, 3,  6, 3,  5, 6, 7,  15, 16, 17, 19, 20, 1,  3,  5,  6,  7,
    15, 16, 17, 19, 20, 22, 7,  8,  0,  0,  21, 22, 0, 0,  2, 3, 0,  3,  15, 16, 17, 0,  3,  5,  16,
};

static const int8_t prompter_sans_40KernSparseValues[] = {
    -93, 27,  27,  13,   -53, -80, -40, -40, -40, -80, -27,  -40, 120, 53,  -67,  -93, -27, -80, -80,  -53, -93, -27,
    67,  -93, -53, -80,  -13, -27, -53, -27, -40, -13, -27,  -13, -13, 80,  27,   -80, 27,  -27, -107, -27, -27, -13,
    -27, -40, -13, -128, -67, -27, -13, -27, -80, -53, 27,   -93, -27, 27,  -107, -93, -93, -67, -80,  -27, -53, -27,
    -13, -67, 27,  -53,  -13, -27, -27, -13, -13, -13, -40,  -80, 27,  -80, -27,  -67, -67, -67, -40,  -53, -27, -13,
    127, -13, -13, -27,  -13, 27,  80,  53,  -27, 53,  -128, -27, -27, -13, 53,   -53, 27,  -27,
};

static const EpdFontData prompter_sans_40 = {
    prompter_sans_40Bitmaps,
    prompter_sans_40Glyphs,
    prompter_sans_40Intervals,
    5,
    114,
    90,
    -25,
    false,
    nullptr,
    0,
    nullptr,
    nullptr,  // kernLeftClasses: built-in fonts use the split arrays below
    nullptr,  // kernRightClasses
    prompter_sans_40KernLeftCodepoints,
    prompter_sans_40KernLeftClassIds,
    prompter_sans_40KernRightCodepoints,
    prompter_sans_40KernRightClassIds,
    nullptr,  // kernMatrix: built-in fonts use the sparse form below
    prompter_sans_40KernRowOffsets,
    prompter_sans_40KernSparseCols,
    prompter_sans_40KernSparseValues,
    50,
    47,
    26,
    23,
    nullptr,
    0,
};
