/**
 * generated by fontconvert.py
 * name: prompter_sans_32
 * size: 32
 * mode: 1-bit
 * Command used: tools_local/prompter/gen_fonts.sh (fontconvert.py prompter_sans_32 32 NotoSans-Bold subset,
 * --force-autohint)
 */
#pragma once
#include "EpdFontData.h"

static const uint8_t prompter_sans_32Bitmaps[17328] = {
    0xFF, 0xFF, 0xFF, 0xFF, 0xFF, 0xFF, 0xFF, 0xFF, 0xFF, 0xFF, 0xFF, 0xFF, 0xFF, 0xFF, 0xFF, 0xFF, 0xFF, 0xFF, 0xFF,
    0xFF, 0xFF, 0x7F, 0xF7, 0xFE, 0x7F, 0xE7, 0xFE, 0x7F, 0xE7, 0xFE, 0x7F, 0xE7, 0xFE, 0x7F, 0xE7, 0xFE, 0x7F, 0xE7,
    0xFE, 0x7F, 0xE7, 0xFE, 0x7F, 0xE7, 0xFE, 0x7F, 0xE7, 0xFE, 0x00, 0x00, 0x00, 0x00, 0x00, 0x00, 0x00, 0x00, 0xF0,
    0x7F, 0xC7, 0xFE, 0xFF, 0xFF, 0xFF, 0xFF, 0xFF, 0xFF, 0xFF, 0xFF, 0xFF, 0x7F, 0xE3, 0xFC, 0x0F, 0x00, 0xFF, 0xC3,
    0xFF, 0xFF, 0xC3, 0xFF, 0xFF, 0xC3, 0xFF, 0xFF, 0xC3, 0xFF, 0xFF, 0xC3, 0xFF, 0xFF, 0xC3, 0xFF, 0xFF, 0xC3, 0xFF,
    0xFF, 0x83, 0xFF, 0xFF, 0x81, 0xFF, 0xFF, 0x81, 0xFE, 0x7F, 0x81, 0xFE, 0x7F, 0x81, 0xFE, 0x7F, 0x81, 0xFE, 0x7F,
    0x81, 0xFE, 0x7F, 0x81, 0xFE, 0x7F, 0x81, 0xFE, 0x7F, 0x81, 0xFE, 0x00, 0x03, 0xFC, 0x1F, 0xE0, 0x00, 0x07, 0xF8,
    0x1F, 0xE0, 0x00, 0x07, 0xF8, 0x1F, 0xE0, 0x00, 0x07, 0xF8, 0x1F, 0xE0, 0x00, 0x07, 0xF8, 0x1F, 0xC0, 0x00, 0x07,
    0xF8, 0x3F, 0xC0, 0x00, 0x0F, 0xF0, 0x3F, 0xC0, 0x00, 0x0F, 0xF0, 0x3F, 0xC0, 0x00, 0x0F, 0xF0, 0x3F, 0xC0, 0x00,
    0x0F, 0xF0, 0x3F, 0xC0, 0x00, 0x0F, 0xF0, 0x3F, 0x80, 0x00, 0x0F, 0xF0, 0x7F, 0x80, 0x00, 0x1F, 0xE0, 0x7F, 0x80,
    0x00, 0x1F, 0xE0, 0x7F, 0x80, 0x3F, 0xFF, 0xFF, 0xFF, 0xFF, 0x3F, 0xFF, 0xFF, 0xFF, 0xFF, 0x3F, 0xFF, 0xFF, 0xFF,
    0xFF, 0x3F, 0xFF, 0xFF, 0xFF, 0xFF, 0x3F, 0xFF, 0xFF, 0xFF, 0xFF, 0x3F, 0xFF, 0xFF, 0xFF, 0xFF, 0x3F, 0xFF, 0xFF,
    0xFF, 0xFF, 0x00, 0x3F, 0xC1, 0xFE, 0x00, 0x00, 0x3F, 0x81, 0xFE, 0x00, 0x00, 0x7F, 0x81, 0xFE, 0x00, 0x00, 0x7F,
    0x81, 0xFE, 0x00, 0x00, 0x7F, 0x81, 0xFC, 0x00, 0x00, 0x7F, 0x83, 0xFC, 0x00, 0x00, 0xFF, 0x03, 0xFC, 0x00, 0xFF,
    0xFF, 0xFF, 0xFF, 0xFC, 0xFF, 0xFF, 0xFF, 0xFF, 0xFC, 0xFF, 0xFF, 0xFF, 0xFF, 0xFC, 0xFF, 0xFF, 0xFF, 0xFF, 0xFC,
    0xFF, 0xFF, 0xFF, 0xFF, 0xFC, 0xFF, 0xFF, 0xFF, 0xFF, 0xFC, 0xFF, 0xFF, 0xFF, 0xFF, 0xFC, 0x01, 0xFE, 0x07, 0xF0,
    0x00, 0x01, 0xFE, 0x0F, 0xF0, 0x00, 0x01, 0xFE, 0x0F, 0xF0, 0x00, 0x03, 0xFC, 0x0F, 0xF0, 0x00, 0x03, 0xFC, 0x0F,
    0xF0, 0x00, 0x03, 0xFC, 0x0F, 0xF0, 0x00, 0x03, 0xFC, 0x1F, 0xE0, 0x00, 0x03, 0xFC, 0x1F, 0xE0, 0x00, 0x07, 0xF8,
    0x1F, 0xE0, 0x00, 0x07, 0xF8, 0x1F, 0xE0, 0x00, 0x07, 0xF8, 0x1F, 0xE0, 0x00, 0x07, 0xF8, 0x3F, 0xC0, 0x00, 0x07,
    0xF8, 0x3F, 0xC0, 0x00, 0x00, 0x03, 0xC0, 0x00, 0x00, 0x01, 0xE0, 0x00, 0x00, 0x00, 0xF0, 0x00, 0x00, 0x00, 0x78,
    0x00, 0x00, 0x00, 0x3C, 0x00, 0x00, 0x03, 0xFF, 0xFE, 0x00, 0x0F, 0xFF, 0xFF, 0xF0, 0x0F, 0xFF, 0xFF, 0xFE, 0x1F,
    0xFF, 0xFF, 0xFF, 0x1F, 0xFF, 0xFF, 0xFF, 0x9F, 0xFF, 0xFF, 0xFF, 0x8F, 0xFF, 0xFF, 0xFF, 0xCF, 0xFF, 0xFF, 0xFF,
    0xE7, 0xFF, 0xDE, 0x7F, 0xE3, 0xFF, 0x8F, 0x01, 0xF1, 0xFF, 0xC7, 0x80, 0x10, 0xFF, 0xE3, 0xC0, 0x00, 0x7F, 0xF1,
    0xE0, 0x00, 0x3F, 0xF8, 0xF0, 0x00, 0x1F, 0xFF, 0x78, 0x00, 0x0F, 0xFF, 0xFC, 0x00, 0x03, 0xFF, 0xFE, 0x00, 0x01,
    0xFF, 0xFF, 0x80, 0x00, 0x7F, 0xFF, 0xF8, 0x00, 0x1F, 0xFF, 0xFF, 0x00, 0x07, 0xFF, 0xFF, 0xE0, 0x00, 0xFF, 0xFF,
    0xFC, 0x00, 0x3F, 0xFF, 0xFF, 0x80, 0x07, 0xFF, 0xFF, 0xE0, 0x00, 0x7F, 0xFF, 0xF0, 0x00, 0x0F, 0xFF, 0xFC, 0x00,
    0x07, 0xFF, 0xFF, 0x00, 0x03, 0xDF, 0xFF, 0x80, 0x01, 0xE3, 0xFF, 0xC0, 0x00, 0xF0, 0xFF, 0xE0, 0x00, 0x78, 0x7F,
    0xF8, 0x00, 0x3C, 0x3F, 0xFF, 0x80, 0x1E, 0x1F, 0xFF, 0xF8, 0x0F, 0x1F, 0xFF, 0xFF, 0xE7, 0xFF, 0xFF, 0xFF, 0xFF,
    0xFF, 0xFF, 0x7F, 0xFF, 0xFF, 0xFF, 0xBF, 0xFF, 0xFF, 0xFF, 0x9F, 0xFF, 0xFF, 0xFF, 0x8F, 0xFF, 0xFF, 0xFF, 0x87,
    0xFF, 0xFF, 0xFF, 0x00, 0x7F, 0xFF, 0xFE, 0x00, 0x03, 0xFF, 0xF0, 0x00, 0x00, 0x03, 0xC0, 0x00, 0x00, 0x01, 0xE0,
    0x00, 0x00, 0x00, 0xF0, 0x00, 0x00, 0x00, 0x78, 0x00, 0x00, 0x00, 0x3C, 0x00, 0x00, 0x00, 0x1E, 0x00, 0x00, 0x00,
    0xFC, 0x00, 0x00, 0x00, 0x00, 0x00, 0x03, 0xFF, 0x80, 0x00, 0x0F, 0xF8, 0x00, 0x0F, 0xFF, 0xE0, 0x00, 0x0F, 0xF0,
    0x00, 0x1F, 0xFF, 0xF0, 0x00, 0x1F, 0xF0, 0x00, 0x3F, 0xFF, 0xF0, 0x00, 0x1F, 0xE0, 0x00, 0x3F, 0xFF, 0xF8, 0x00,
    0x3F, 0xE0, 0x00, 0x7F, 0xFF, 0xFC, 0x00, 0x7F, 0xC0, 0x00, 0x7F, 0xC7, 0xFC, 0x00, 0x7F, 0xC0, 0x00, 0xFF, 0x83,
    0xFC, 0x00, 0xFF, 0x80, 0x00, 0xFF, 0x83, 0xFE, 0x00, 0xFF, 0x80, 0x00, 0xFF, 0x83, 0xFE, 0x01, 0xFF, 0x00, 0x00,
    0xFF, 0x83, 0xFE, 0x01, 0xFF, 0x00, 0x00, 0xFF, 0x01, 0xFE, 0x03, 0xFE, 0x00, 0x00, 0xFF, 0x01, 0xFE, 0x03, 0xFE,
    0x00, 0x00, 0xFF, 0x01, 0xFE, 0x07, 0xFC, 0x00, 0x00, 0xFF, 0x01, 0xFE, 0x07, 0xF8, 0x00, 0x00, 0xFF, 0x01, 0xFE,
    0x0F, 0xF8, 0x00, 0x00, 0xFF, 0x01, 0xFE, 0x0F, 0xF0, 0x00, 0x00, 0xFF, 0x83, 0xFE, 0x1F, 0xF0, 0x00, 0x00, 0xFF,
    0x83, 0xFE, 0x3F, 0xE0, 0x00, 0x00, 0xFF, 0x83, 0xFE, 0x3F, 0xE0, 0xFF, 0x80, 0xFF, 0x83, 0xFE, 0x7F, 0xC3, 0xFF,
    0xE0, 0x7F, 0xC7, 0xFC, 0x7F, 0xC7, 0xFF, 0xF0, 0x7F, 0xEF, 0xFC, 0xFF, 0x8F, 0xFF, 0xF8, 0x3F, 0xFF, 0xF8, 0xFF,
    0x9F, 0xFF, 0xFC, 0x3F, 0xFF, 0xF9, 0xFF, 0x3F, 0xFF, 0xFC, 0x1F, 0xFF, 0xF1, 0xFF, 0x3F, 0xF7, 0xFE, 0x0F, 0xFF,
    0xE3, 0xFE, 0x3F, 0xE3, 0xFE, 0x07, 0xFF, 0xC3, 0xFC, 0x7F, 0xC1, 0xFF, 0x01, 0xFF, 0x07, 0xFC, 0x7F, 0xC1, 0xFF,
    0x00, 0x00, 0x07, 0xF8, 0x7F, 0xC1, 0xFF, 0x00, 0x00, 0x0F, 0xF8, 0x7F, 0xC1, 0xFF, 0x00, 0x00, 0x1F, 0xF0, 0x7F,
    0x80, 0xFF, 0x00, 0x00, 0x1F, 0xF0, 0x7F, 0x80, 0xFF, 0x00, 0x00, 0x3F, 0xE0, 0x7F, 0x80, 0xFF, 0x00, 0x00, 0x3F,
    0xE0, 0x7F, 0x80, 0xFF, 0x00, 0x00, 0x7F, 0xC0, 0x7F, 0x80, 0xFF, 0x00, 0x00, 0x7F, 0xC0, 0x7F, 0x80, 0xFF, 0x00,
    0x00, 0xFF, 0x80, 0x7F, 0xC1, 0xFF, 0x00, 0x00, 0xFF, 0x80, 0x7F, 0xC1, 0xFF, 0x00, 0x01, 0xFF, 0x00, 0x7F, 0xC1,
    0xFF, 0x00, 0x01, 0xFE, 0x00, 0x3F, 0xC1, 0xFE, 0x00, 0x03, 0xFE, 0x00, 0x3F, 0xE3, 0xFE, 0x00, 0x03, 0xFC, 0x00,
    0x3F, 0xFF, 0xFE, 0x00, 0x07, 0xFC, 0x00, 0x1F, 0xFF, 0xFC, 0x00, 0x0F, 0xF8, 0x00, 0x0F, 0xFF, 0xFC, 0x00, 0x0F,
    0xF8, 0x00, 0x0F, 0xFF, 0xF8, 0x00, 0x1F, 0xF0, 0x00, 0x07, 0xFF, 0xF0, 0x00, 0x1F, 0xF0, 0x00, 0x01, 0xFF, 0xC0,
    0x00, 0x00, 0x00, 0x00, 0x00, 0x7F, 0x00, 0x00, 0x03, 0xFC, 0x00, 0x00, 0x00, 0x00, 0x7F, 0xFF, 0x00, 0x00, 0x00,
    0x01, 0xFF, 0xFF, 0x80, 0x00, 0x00, 0x0F, 0xFF, 0xFF, 0x80, 0x00, 0x00, 0x3F, 0xFF, 0xFF, 0x80, 0x00, 0x00, 0xFF,
    0xFF, 0xFF, 0x80, 0x00, 0x01, 0xFF, 0xFF, 0xFF, 0x00, 0x00, 0x07, 0xFF, 0xFF, 0xFF, 0x00, 0x00, 0x0F, 0xFF, 0xFF,
    0xFE, 0x00, 0x00, 0x1F, 0xF8, 0x0F, 0xFC, 0x00, 0x00, 0x3F, 0xF0, 0x1F, 0xF8, 0x00, 0x00, 0x7F, 0xC0, 0x1F, 0xF0,
    0x00, 0x00, 0xFF, 0x80, 0x3F, 0xE0, 0x00, 0x01, 0xFF, 0x80, 0xFF, 0xC0, 0x00, 0x03, 0xFF, 0x01, 0xFF, 0x80, 0x00,
    0x07, 0xFE, 0x07, 0xFE, 0x00, 0x00, 0x07, 0xFE, 0x3F, 0xFC, 0x00, 0x00, 0x0F, 0xFE, 0xFF, 0xF0, 0x00, 0x00, 0x1F,
    0xFF, 0xFF, 0xE0, 0x00, 0x00, 0x1F, 0xFF, 0xFF, 0x80, 0x00, 0x00, 0x1F, 0xFF, 0xFE, 0x00, 0x00, 0x00, 0x1F, 0xFF,
    0xF8, 0x00, 0x00, 0x00, 0x7F, 0xFF, 0xC0, 0x00, 0x00, 0x01, 0xFF, 0xFF, 0x00, 0x1F, 0xFC, 0x07, 0xFF, 0xFE, 0x00,
    0x3F, 0xF8, 0x1F, 0xFF, 0xFE, 0x00, 0x7F, 0xF0, 0x7F, 0xFF, 0xFE, 0x01, 0xFF, 0xC1, 0xFF, 0xFF, 0xFE, 0x03, 0xFF,
    0x87, 0xFF, 0xFF, 0xFE, 0x07, 0xFF, 0x0F, 0xFF, 0xBF, 0xFE, 0x1F, 0xFC, 0x3F, 0xFE, 0x3F, 0xFE, 0x3F, 0xF8, 0x7F,
    0xF8, 0x3F, 0xFE, 0xFF, 0xE0, 0xFF, 0xE0, 0x3F, 0xFF, 0xFF, 0xC1, 0xFF, 0xC0, 0x3F, 0xFF, 0xFF, 0x03, 0xFF, 0x80,
    0x3F, 0xFF, 0xFE, 0x07, 0xFF, 0x00, 0x3F, 0xFF, 0xF8, 0x0F, 0xFE, 0x00, 0x3F, 0xFF, 0xF0, 0x1F, 0xFC, 0x00, 0x3F,
    0xFF, 0xC0, 0x3F, 0xFC, 0x00, 0x3F, 0xFF, 0x00, 0x7F, 0xFC, 0x00, 0x7F, 0xFE, 0x00, 0xFF, 0xFC, 0x03, 0xFF, 0xFE,
    0x00, 0xFF, 0xFF, 0xFF, 0xFF, 0xFE, 0x01, 0xFF, 0xFF, 0xFF, 0xFF, 0xFE, 0x01, 0xFF, 0xFF, 0xFF, 0xFF, 0xFE, 0x01,
    0xFF, 0xFF, 0xFF, 0xFF, 0xFE, 0x01, 0xFF, 0xFF, 0xFF, 0xFF, 0xFE, 0x01, 0xFF, 0xFF, 0xFF, 0x3F, 0xFE, 0x00, 0xFF,
    0xFF, 0xF8, 0x3F, 0xFE, 0x00, 0x7F, 0xFF, 0x80, 0x3F, 0xFE, 0x00, 0x1F, 0xF8, 0x00, 0x00, 0x00, 0xFF, 0xFF, 0xFF,
    0xFF, 0xFF, 0xFF, 0xFF, 0xFF, 0xFF, 0xFE, 0xFF, 0xBF, 0xE7, 0xF9, 0xFE, 0x7F, 0x9F, 0xE7, 0xF9, 0xFE, 0x7F, 0x80,
    0x00, 0x7F, 0xC0, 0x1F, 0xF8, 0x03, 0xFE, 0x00, 0xFF, 0x80, 0x3F, 0xF0, 0x07, 0xFC, 0x01, 0xFF, 0x80, 0x3F, 0xE0,
    0x0F, 0xFC, 0x01, 0xFF, 0x00, 0x7F, 0xE0, 0x0F, 0xFC, 0x03, 0xFF, 0x00, 0x7F, 0xE0, 0x0F, 0xFC, 0x03, 0xFF, 0x00,
    0x7F, 0xE0, 0x0F, 0xFC, 0x01, 0xFF, 0x80, 0x3F, 0xE0, 0x0F, 0xFC, 0x01, 0xFF, 0x80, 0x3F, 0xF0, 0x07, 0xFE, 0x00,
    0xFF, 0xC0, 0x1F, 0xF8, 0x03, 0xFE, 0x00, 0x7F, 0xC0, 0x0F, 0xF8, 0x01, 0xFF, 0x00, 0x3F, 0xE0, 0x07, 0xFC, 0x00,
    0xFF, 0x80, 0x1F, 0xF8, 0x03, 0xFF, 0x00, 0x7F, 0xE0, 0x0F, 0xFC, 0x01, 0xFF, 0x80, 0x3F, 0xF0, 0x03, 0xFE, 0x00,
    0x7F, 0xE0, 0x0F, 0xFC, 0x01, 0xFF, 0x80, 0x1F, 0xF8, 0x03, 0xFF, 0x00, 0x7F, 0xE0, 0x07, 0xFC, 0x00, 0xFF, 0xC0,
    0x0F, 0xF8, 0x01, 0xFF, 0x80, 0x1F, 0xF0, 0x03, 0xFF, 0x00, 0x3F, 0xE0, 0x07, 0xFE, 0x00, 0x7F, 0xC0, 0x07, 0xFC,
    0x00, 0xFF, 0xC0, 0x0F, 0xF8, 0x7F, 0xC0, 0x0F, 0xFC, 0x00, 0xFF, 0x80, 0x0F, 0xF8, 0x01, 0xFF, 0x80, 0x1F, 0xF0,
    0x03, 0xFF, 0x00, 0x3F, 0xE0, 0x07, 0xFE, 0x00, 0x7F, 0xC0, 0x0F, 0xFC, 0x01, 0xFF, 0x80, 0x1F, 0xF8, 0x03, 0xFF,
    0x00, 0x7F, 0xE0, 0x07, 0xFE, 0x00, 0xFF, 0xC0, 0x1F, 0xF8, 0x03, 0xFF, 0x00, 0x3F, 0xE0, 0x07, 0xFE, 0x00, 0xFF,
    0xC0, 0x1F, 0xF8, 0x03, 0xFF, 0x00, 0x7F, 0xE0, 0x0F, 0xFC, 0x00, 0xFF, 0x80, 0x1F, 0xF0, 0x03, 0xFE, 0x00, 0x7F,
    0xC0, 0x0F, 0xF8, 0x01, 0xFF, 0x00, 0x3F, 0xE0, 0x0F, 0xFC, 0x01, 0xFF, 0x80, 0x3F, 0xF0, 0x07, 0xFE, 0x00, 0xFF,
    0xC0, 0x1F, 0xF8, 0x03, 0xFE, 0x00, 0xFF, 0xC0, 0x1F, 0xF8, 0x03, 0xFF, 0x00, 0x7F, 0xC0, 0x1F, 0xF8, 0x03, 0xFF,
    0x00, 0x7F, 0xC0, 0x1F, 0xF8, 0x03, 0xFE, 0x00, 0xFF, 0xC0, 0x1F, 0xF0, 0x07, 0xFE, 0x00, 0xFF, 0x80, 0x3F, 0xF0,
    0x07, 0xFC, 0x01, 0xFF, 0x00, 0x7F, 0xE0, 0x0F, 0xF8, 0x00, 0x00, 0x0F, 0xFC, 0x00, 0x00, 0x01, 0xFF, 0x00, 0x00,
    0x00, 0x7F, 0x80, 0x00, 0x00, 0x1F, 0xE0, 0x00, 0x00, 0x07, 0xF8, 0x00, 0x00, 0x01, 0xFE, 0x00, 0x00, 0x00, 0x7F,
    0x80, 0x00, 0x00, 0x1F, 0xE0, 0x00, 0x20, 0x07, 0xF8, 0x01, 0x0F, 0x81, 0xFE, 0x07, 0xE3, 0xFC, 0x3F, 0x8F, 0xF9,
    0xFF, 0xFF, 0xFF, 0xFE, 0x7F, 0xFF, 0xFF, 0xFF, 0x9F, 0xFF, 0xFF, 0xFF, 0xE7, 0xFF, 0xFF, 0xFF, 0xF9, 0xFF, 0xFF,
    0xFF, 0xFE, 0x7F, 0xFF, 0xFF, 0xFF, 0x80, 0xFF, 0xFF, 0xFE, 0x00, 0x01, 0xFF, 0xE0, 0x00, 0x00, 0xFF, 0xFC, 0x00,
    0x00, 0x7F, 0xFF, 0x80, 0x00, 0x1F, 0xFF, 0xF0, 0x00, 0x0F, 0xFF, 0xFC, 0x00, 0x07, 0xFC, 0xFF, 0x80, 0x03, 0xFF,
    0x3F, 0xF0, 0x00, 0xFF, 0x87, 0xFE, 0x00, 0x7F, 0xE1, 0xFF, 0x80, 0x1F, 0xF0, 0x3F, 0xE0, 0x03, 0xFC, 0x0F, 0xF0,
    0x00, 0x3F, 0x01, 0xF0, 0x00, 0x03, 0x80, 0x70, 0x00, 0x00, 0x00, 0x00, 0x00, 0x00, 0x07, 0xF0, 0x00, 0x00, 0x07,
    0xF0, 0x00, 0x00, 0x07, 0xF0, 0x00, 0x00, 0x07, 0xF0, 0x00, 0x00, 0x07, 0xF0, 0x00, 0x00, 0x07, 0xF0, 0x00, 0x00,
    0x07, 0xF0, 0x00, 0x00, 0x07, 0xF0, 0x00, 0x00, 0x07, 0xF0, 0x00, 0x00, 0x07, 0xF0, 0x00, 0x00, 0x07, 0xF0, 0x00,
    0x00, 0x07, 0xF0, 0x00, 0xFF, 0xFF, 0xFF, 0xFF, 0xFF, 0xFF, 0xFF, 0xFF, 0xFF, 0xFF, 0xFF, 0xFF, 0xFF, 0xFF, 0xFF,
    0xFF, 0xFF, 0xFF, 0xFF, 0xFF, 0xFF, 0xFF, 0xFF, 0xFF, 0xFF, 0xFF, 0xFF, 0xFF, 0xFF, 0xFF, 0xFF, 0xFF, 0x00, 0x07,
    0xF0, 0x00, 0x00, 0x07, 0xF0, 0x00, 0x00, 0x07, 0xF0, 0x00, 0x00, 0x07, 0xF0, 0x00, 0x00, 0x07, 0xF0, 0x00, 0x00,
    0x07, 0xF0, 0x00, 0x00, 0x07, 0xF0, 0x00, 0x00, 0x07, 0xF0, 0x00, 0x00, 0x07, 0xF0, 0x00, 0x00, 0x07, 0xF0, 0x00,
    0x00, 0x07, 0xF0, 0x00, 0x00, 0x07, 0xF0, 0x00, 0x1F, 0xF8, 0xFF, 0xC7, 0xFE, 0x7F, 0xE3, 0xFF, 0x1F, 0xF8, 0xFF,
    0x87, 0xFC, 0x7F, 0xE3, 0xFE, 0x1F, 0xF0, 0xFF, 0x87, 0xF8, 0x7F, 0xC3, 0xFC, 0x1F, 0xE0, 0xFF, 0xFF, 0xFF, 0xFF,
    0xFF, 0xFF, 0xFF, 0xFF, 0xFF, 0xFF, 0xFF, 0xFF, 0xFF, 0xFF, 0xFF, 0xFF, 0xFF, 0xFF, 0x0F, 0x87, 0xFE, 0x7F, 0xEF,
    0xFF, 0xFF, 0xFF, 0xFF, 0xFF, 0xFF, 0xFF, 0xFF, 0xF7, 0xFE, 0x3F, 0xC0, 0xF0, 0x00, 0x00, 0x3F, 0xF0, 0x00, 0x07,
    0xFE, 0x00, 0x00, 0x7F, 0xE0, 0x00, 0x07, 0xFC, 0x00, 0x00, 0xFF, 0xC0, 0x00, 0x0F, 0xFC, 0x00, 0x01, 0xFF, 0x80,
    0x00, 0x1F, 0xF8, 0x00, 0x01, 0xFF, 0x80, 0x00, 0x3F, 0xF0, 0x00, 0x03, 0xFF, 0x00, 0x00, 0x3F, 0xE0, 0x00, 0x07,
    0xFE, 0x00, 0x00, 0x7F, 0xE0, 0x00, 0x0F, 0xFC, 0x00, 0x00, 0xFF, 0xC0, 0x00, 0x0F, 0xFC, 0x00, 0x01, 0xFF, 0x80,
    0x00, 0x1F, 0xF8, 0x00, 0x01, 0xFF, 0x80, 0x00, 0x3F, 0xF0, 0x00, 0x03, 0xFF, 0x00, 0x00, 0x3F, 0xE0, 0x00, 0x07,
    0xFE, 0x00, 0x00, 0x7F, 0xE0, 0x00, 0x0F, 0xFC, 0x00, 0x00, 0xFF, 0xC0, 0x00, 0x0F, 0xFC, 0x00, 0x01, 0xFF, 0x80,
    0x00, 0x1F, 0xF8, 0x00, 0x01, 0xFF, 0x00, 0x00, 0x3F, 0xF0, 0x00, 0x03, 0xFF, 0x00, 0x00, 0x7F, 0xE0, 0x00, 0x07,
    0xFE, 0x00, 0x00, 0x7F, 0xE0, 0x00, 0x0F, 0xFC, 0x00, 0x00, 0xFF, 0xC0, 0x00, 0x0F, 0xF8, 0x00, 0x01, 0xFF, 0x80,
    0x00, 0x1F, 0xF8, 0x00, 0x03, 0xFF, 0x00, 0x00, 0x3F, 0xF0, 0x00, 0x03, 0xFF, 0x00, 0x00, 0x7F, 0xE0, 0x00, 0x07,
    0xFE, 0x00, 0x00, 0x7F, 0xE0, 0x00, 0x0F, 0xFC, 0x00, 0x00, 0x00, 0x07, 0xF0, 0x00, 0x00, 0x1F, 0xFF, 0xC0, 0x00,
    0x0F, 0xFF, 0xF8, 0x00, 0x0F, 0xFF, 0xFF, 0x80, 0x07, 0xFF, 0xFF, 0xF0, 0x03, 0xFF, 0xFF, 0xFE, 0x00, 0xFF, 0xFF,
    0xFF, 0x80, 0x7F, 0xFF, 0xFF, 0xF0, 0x3F, 0xFF, 0xFF, 0xFC, 0x0F, 0xFF, 0x07, 0xFF, 0x83, 0xFF, 0x80, 0xFF, 0xE1,
    0xFF, 0xC0, 0x1F, 0xFC, 0x7F, 0xF0, 0x07, 0xFF, 0x1F, 0xFC, 0x00, 0xFF, 0xC7, 0xFE, 0x00, 0x3F, 0xFB, 0xFF, 0x80,
    0x0F, 0xFE, 0xFF, 0xE0, 0x03, 0xFF, 0xBF, 0xF8, 0x00, 0xFF, 0xEF, 0xFE, 0x00, 0x3F, 0xFB, 0xFF, 0x80, 0x0F, 0xFE,
    0xFF, 0xE0, 0x01, 0xFF, 0xBF, 0xF8, 0x00, 0x7F, 0xFF, 0xFE, 0x00, 0x1F, 0xFF, 0xFF, 0x80, 0x07, 0xFF, 0xFF, 0xE0,
    0x01, 0xFF, 0xFF, 0xF8, 0x00, 0x7F, 0xFF, 0xFE, 0x00, 0x1F, 0xFF, 0xFF, 0x80, 0x07, 0xFF, 0xFF, 0xE0, 0x01, 0xFF,
    0xFF, 0xF8, 0x00, 0x7F, 0xEF, 0xFE, 0x00, 0x3F, 0xFB, 0xFF, 0x80, 0x0F, 0xFE, 0xFF, 0xE0, 0x03, 0xFF, 0xBF, 0xF8,
    0x00, 0xFF, 0xEF, 0xFE, 0x00, 0x3F, 0xF9, 0xFF, 0x80, 0x0F, 0xFE, 0x7F, 0xF0, 0x03, 0xFF, 0x1F, 0xFC, 0x01, 0xFF,
    0xC3, 0xFF, 0x00, 0x7F, 0xF0, 0xFF, 0xE0, 0x3F, 0xFC, 0x3F, 0xFC, 0x1F, 0xFE, 0x07, 0xFF, 0xFF, 0xFF, 0x81, 0xFF,
    0xFF, 0xFF, 0xC0, 0x3F, 0xFF, 0xFF, 0xF0, 0x07, 0xFF, 0xFF, 0xF8, 0x00, 0xFF, 0xFF, 0xFC, 0x00, 0x1F, 0xFF, 0xFE,
    0x00, 0x03, 0xFF, 0xFF, 0x00, 0x00, 0x3F, 0xFF, 0x00, 0x00, 0x01, 0xFE, 0x00, 0x00, 0x00, 0x01, 0xFF, 0x80, 0x03,
    0xFF, 0xC0, 0x03, 0xFF, 0xE0, 0x03, 0xFF, 0xF0, 0x03, 0xFF, 0xF8, 0x07, 0xFF, 0xFC, 0x07, 0xFF, 0xFE, 0x07, 0xFF,
    0xFF, 0x07, 0xFF, 0xFF, 0x8F, 0xFF, 0xFF, 0xCF, 0xFF, 0xFF, 0xEF, 0xFF, 0xFF, 0xFF, 0xFF, 0xBF, 0xFB, 0xFF, 0x9F,
    0xFC, 0xFF, 0x8F, 0xFE, 0x7F, 0x07, 0xFF, 0x1F, 0x03, 0xFF, 0x87, 0x01, 0xFF, 0xC1, 0x00, 0xFF, 0xE0, 0x00, 0x7F,
    0xF0, 0x00, 0x3F, 0xF8, 0x00, 0x1F, 0xFC, 0x00, 0x0F, 0xFE, 0x00, 0x07, 0xFF, 0x00, 0x03, 0xFF, 0x80, 0x01, 0xFF,
    0xC0, 0x00, 0xFF, 0xE0, 0x00, 0x7F, 0xF0, 0x00, 0x3F, 0xF8, 0x00, 0x1F, 0xFC, 0x00, 0x0F, 0xFE, 0x00, 0x07, 0xFF,
    0x00, 0x03, 0xFF, 0x80, 0x01, 0xFF, 0xC0, 0x00, 0xFF, 0xE0, 0x00, 0x7F, 0xF0, 0x00, 0x3F, 0xF8, 0x00, 0x1F, 0xFC,
    0x00, 0x0F, 0xFE, 0x00, 0x07, 0xFF, 0x00, 0x03, 0xFF, 0x80, 0x01, 0xFF, 0xC0, 0x00, 0xFF, 0xE0, 0x00, 0x7F, 0xF0,
    0x00, 0x3F, 0xF8, 0x00, 0x1F, 0xFC, 0x00, 0x0F, 0xFE, 0x00, 0x07, 0xFF, 0x00, 0x07, 0xFC, 0x00, 0x00, 0x1F, 0xFF,
    0xE0, 0x00, 0x1F, 0xFF, 0xFE, 0x00, 0x1F, 0xFF, 0xFF, 0xE0, 0x0F, 0xFF, 0xFF, 0xFC, 0x0F, 0xFF, 0xFF, 0xFF, 0x87,
    0xFF, 0xFF, 0xFF, 0xE1, 0xFF, 0xFF, 0xFF, 0xFC, 0x3F, 0xFF, 0xFF, 0xFF, 0x07, 0xFE, 0x03, 0xFF, 0xE1, 0xFE, 0x00,
    0x7F, 0xF8, 0x3E, 0x00, 0x0F, 0xFE, 0x07, 0x00, 0x03, 0xFF, 0x80, 0x80, 0x00, 0xFF, 0xE0, 0x00, 0x00, 0x3F, 0xF8,
    0x00, 0x00, 0x0F, 0xFE, 0x00, 0x00, 0x03, 0xFF, 0x80, 0x00, 0x00, 0xFF, 0xE0, 0x00, 0x00, 0x7F, 0xF8, 0x00, 0x00,
    0x1F, 0xFC, 0x00, 0x00, 0x0F, 0xFF, 0x00, 0x00, 0x03, 0xFF, 0x80, 0x00, 0x01, 0xFF, 0xE0, 0x00, 0x00, 0xFF, 0xF0,
    0x00, 0x00, 0x7F, 0xF8, 0x00, 0x00, 0x3F, 0xFE, 0x00, 0x00, 0x1F, 0xFF, 0x00, 0x00, 0x0F, 0xFF, 0x80, 0x00, 0x07,
    0xFF, 0xC0, 0x00, 0x03, 0xFF, 0xE0, 0x00, 0x01, 0xFF, 0xF0, 0x00, 0x00, 0xFF, 0xF8, 0x00, 0x00, 0x7F, 0xFC, 0x00,
    0x00, 0x3F, 0xFE, 0x00, 0x00, 0x0F, 0xFF, 0x00, 0x00, 0x07, 0xFF, 0x80, 0x00, 0x03, 0xFF, 0xC0, 0x00, 0x01, 0xFF,
    0xE0, 0x00, 0x00, 0xFF, 0xF0, 0x00, 0x00, 0x7F, 0xF0, 0x00, 0x00, 0x3F, 0xFF, 0xFF, 0xFF, 0xDF, 0xFF, 0xFF, 0xFF,
    0xF7, 0xFF, 0xFF, 0xFF, 0xFD, 0xFF, 0xFF, 0xFF, 0xFF, 0x7F, 0xFF, 0xFF, 0xFF, 0xDF, 0xFF, 0xFF, 0xFF, 0xF7, 0xFF,
    0xFF, 0xFF, 0xFD, 0xFF, 0xFF, 0xFF, 0xFF, 0x7F, 0xFF, 0xFF, 0xFF, 0xC0, 0x00, 0x1F, 0xF8, 0x00, 0x00, 0x7F, 0xFF,
    0xE0, 0x00, 0xFF, 0xFF, 0xFE, 0x00, 0xFF, 0xFF, 0xFF, 0xE0, 0x7F, 0xFF, 0xFF, 0xFC, 0x1F, 0xFF, 0xFF, 0xFF, 0x87,
    0xFF, 0xFF, 0xFF, 0xE0, 0xFF, 0xFF, 0xFF, 0xFC, 0x1F, 0xFF, 0xFF, 0xFF, 0x07, 0xF0, 0x03, 0xFF, 0xC0, 0xF0, 0x00,
    0x7F, 0xF8, 0x10, 0x00, 0x1F, 0xFE, 0x00, 0x00, 0x03, 0xFF, 0x80, 0x00, 0x00, 0xFF, 0xE0, 0x00, 0x00, 0x3F, 0xF0,
    0x00, 0x00, 0x1F, 0xFC, 0x00, 0x00, 0x07, 0xFF, 0x00, 0x00, 0x03, 0xFF, 0x80, 0x00, 0x01, 0xFF, 0xE0, 0x00, 0x01,
    0xFF, 0xF0, 0x01, 0xFF, 0xFF, 0xF8, 0x00, 0x7F, 0xFF, 0xF8, 0x00, 0x1F, 0xFF, 0xFC, 0x00, 0x07, 0xFF, 0xF8, 0x00,
    0x01, 0xFF, 0xFF, 0xC0, 0x00, 0x7F, 0xFF, 0xFC, 0x00, 0x1F, 0xFF, 0xFF, 0xC0, 0x07, 0xFF, 0xFF, 0xF8, 0x00, 0x01,
    0xFF, 0xFF, 0x00, 0x00, 0x03, 0xFF, 0xC0, 0x00, 0x00, 0x7F, 0xF8, 0x00, 0x00, 0x0F, 0xFE, 0x00, 0x00, 0x03, 0xFF,
    0x80, 0x00, 0x00, 0x7F, 0xF0, 0x00, 0x00, 0x1F, 0xFC, 0x00, 0x00, 0x07, 0xFF, 0x00, 0x00, 0x03, 0xFF, 0xC0, 0x00,
    0x00, 0xFF, 0xE8, 0x00, 0x00, 0x3F, 0xFB, 0x80, 0x00, 0x1F, 0xFE, 0xFC, 0x00, 0x1F, 0xFF, 0xBF, 0xFF, 0xFF, 0xFF,
    0xCF, 0xFF, 0xFF, 0xFF, 0xF3, 0xFF, 0xFF, 0xFF, 0xF8, 0xFF, 0xFF, 0xFF, 0xFC, 0x3F, 0xFF, 0xFF, 0xFE, 0x0F, 0xFF,
    0xFF, 0xFF, 0x01, 0xFF, 0xFF, 0xFF, 0x00, 0x0F, 0xFF, 0xFF, 0x00, 0x00, 0x1F, 0xFC, 0x00, 0x00, 0x00, 0x00, 0x0F,
    0xFE, 0x00, 0x00, 0x01, 0xFF, 0xE0, 0x00, 0x00, 0x3F, 0xFE, 0x00, 0x00, 0x03, 0xFF, 0xE0, 0x00, 0x00, 0x7F, 0xFE,
    0x00, 0x00, 0x07, 0xFF, 0xE0, 0x00, 0x00, 0xFF, 0xFE, 0x00, 0x00, 0x1F, 0xFF, 0xE0, 0x00, 0x01, 0xFF, 0xFE, 0x00,
    0x00, 0x3F, 0xFF, 0xE0, 0x00, 0x07, 0xFF, 0xFE, 0x00, 0x00, 0x7F, 0xFF, 0xE0, 0x00, 0x0F, 0xFF, 0xFE, 0x00, 0x01,
    0xFF, 0xFF, 0xE0, 0x00, 0x1F, 0xEF, 0xFE, 0x00, 0x03, 0xFE, 0xFF, 0xE0, 0x00, 0x7F, 0xCF, 0xFE, 0x00, 0x07, 0xF8,
    0xFF, 0xE0, 0x00, 0xFF, 0x8F, 0xFE, 0x00, 0x1F, 0xF0, 0xFF, 0xE0, 0x01, 0xFE, 0x0F, 0xFE, 0x00, 0x3F, 0xE0, 0xFF,
    0xE0, 0x07, 0xFC, 0x0F, 0xFE, 0x00, 0x7F, 0x80, 0xFF, 0xE0, 0x0F, 0xF8, 0x0F, 0xFE, 0x01, 0xFF, 0x00, 0xFF, 0xE0,
    0x1F, 0xF0, 0x0F, 0xFE, 0x03, 0xFE, 0x00, 0xFF, 0xE0, 0x7F, 0xC0, 0x0F, 0xFE, 0x07, 0xFC, 0x00, 0xFF, 0xE0, 0xFF,
    0xFF, 0xFF, 0xFF, 0xFF, 0xFF, 0xFF, 0xFF, 0xFF, 0xFF, 0xFF, 0xFF, 0xFF, 0xFF, 0xFF, 0xFF, 0xFF, 0xFF, 0xFF, 0xFF,
    0xFF, 0xFF, 0xFF, 0xFF, 0xFF, 0xFF, 0xFF, 0xFF, 0xFF, 0xFF, 0xFF, 0xFF, 0xFF, 0xFF, 0xFF, 0xFF, 0x00, 0x00, 0x0F,
    0xFE, 0x00, 0x00, 0x00, 0xFF, 0xE0, 0x00, 0x00, 0x0F, 0xFE, 0x00, 0x00, 0x00, 0xFF, 0xE0, 0x00, 0x00, 0x0F, 0xFE,
    0x00, 0x00, 0x00, 0xFF, 0xE0, 0x00, 0x00, 0x0F, 0xFE, 0x00, 0x00, 0x00, 0xFF, 0xE0, 0x00, 0x00, 0x0F, 0xFE, 0x00,
    0x00, 0x00, 0xFF, 0xE0, 0x1F, 0xFF, 0xFF, 0xF8, 0x0F, 0xFF, 0xFF, 0xFC, 0x07, 0xFF, 0xFF, 0xFE, 0x03, 0xFF, 0xFF,
    0xFF, 0x01, 0xFF, 0xFF, 0xFF, 0x81, 0xFF, 0xFF, 0xFF, 0xC0, 0xFF, 0xFF, 0xFF, 0xE0, 0x7F, 0xFF, 0xFF, 0xF0, 0x3F,
    0xFF, 0xFF, 0xF8, 0x1F, 0xF8, 0x00, 0x00, 0x0F, 0xFC, 0x00, 0x00, 0x07, 0xFE, 0x00, 0x00, 0x03, 0xFF, 0x00, 0x00,
    0x01, 0xFF, 0x80, 0x00, 0x00, 0xFF, 0xC0, 0x00, 0x00, 0x7F, 0xE0, 0x00, 0x00, 0x3F, 0xF0, 0x00, 0x00, 0x1F, 0xF8,
    0x00, 0x00, 0x0F, 0xFF, 0xFF, 0x00, 0x0F, 0xFF, 0xFF, 0xF0, 0x07, 0xFF, 0xFF, 0xFE, 0x03, 0xFF, 0xFF, 0xFF, 0x81,
    0xFF, 0xFF, 0xFF, 0xE0, 0xFF, 0xFF, 0xFF, 0xF8, 0x7F, 0xFF, 0xFF, 0xFE, 0x1F, 0xFF, 0xFF, 0xFF, 0x03, 0xF0, 0x7F,
    0xFF, 0xC0, 0x00, 0x07, 0xFF, 0xE0, 0x00, 0x00, 0xFF, 0xF0, 0x00, 0x00, 0x3F, 0xF8, 0x00, 0x00, 0x1F, 0xFE, 0x00,
    0x00, 0x0F, 0xFF, 0x00, 0x00, 0x03, 0xFF, 0x80, 0x00, 0x01, 0xFF, 0xC0, 0x00, 0x00, 0xFF, 0xE0, 0x00, 0x00, 0xFF,
    0xE0, 0x00, 0x00, 0x7F, 0xF0, 0x00, 0x00, 0x3F, 0xFB, 0x80, 0x00, 0x3F, 0xFD, 0xF8, 0x00, 0x7F, 0xFC, 0xFF, 0xFF,
    0xFF, 0xFE, 0x7F, 0xFF, 0xFF, 0xFE, 0x3F, 0xFF, 0xFF, 0xFF, 0x1F, 0xFF, 0xFF, 0xFF, 0x0F, 0xFF, 0xFF, 0xFF, 0x07,
    0xFF, 0xFF, 0xFE, 0x01, 0xFF, 0xFF, 0xFE, 0x00, 0x3F, 0xFF, 0xF8, 0x00, 0x00, 0xFF, 0xC0, 0x00, 0x00, 0x00, 0x00,
    0x1F, 0xFC, 0x00, 0x00, 0xFF, 0xFF, 0x80, 0x00, 0xFF, 0xFF, 0xE0, 0x00, 0xFF, 0xFF, 0xF8, 0x00, 0x7F, 0xFF, 0xFE,
    0x00, 0x7F, 0xFF, 0xFF, 0x80, 0x3F, 0xFF, 0xFF, 0xE0, 0x0F, 0xFF, 0xFF, 0xF8, 0x07, 0xFF, 0xFF, 0xFE, 0x03, 0xFF,
    0xF0, 0x00, 0x01, 0xFF, 0xF0, 0x00, 0x00, 0x7F, 0xF0, 0x00, 0x00, 0x3F, 0xF8, 0x00, 0x00, 0x0F, 0xFC, 0x00, 0x00,
    0x03, 0xFF, 0x00, 0x00, 0x01, 0xFF, 0x80, 0x00, 0x00, 0x7F, 0xE0, 0x00, 0x00, 0x1F, 0xF8, 0x00, 0x00, 0x07, 0xFC,
    0x1F, 0xFC, 0x03, 0xFF, 0x1F, 0xFF, 0xC0, 0xFF, 0xCF, 0xFF, 0xF8, 0x3F, 0xF7, 0xFF, 0xFF, 0x0F, 0xFF, 0xFF, 0xFF,
    0xE3, 0xFF, 0xFF, 0xFF, 0xFC, 0xFF, 0xFF, 0xFF, 0xFF, 0xBF, 0xFF, 0xFF, 0xFF, 0xEF, 0xFF, 0xE0, 0xFF, 0xFB, 0xFF,
    0xE0, 0x0F, 0xFF, 0xFF, 0xF0, 0x03, 0xFF, 0xFF, 0xF8, 0x00, 0x7F, 0xFF, 0xFE, 0x00, 0x1F, 0xFF, 0xFF, 0x80, 0x07,
    0xFF, 0xFF, 0xE0, 0x01, 0xFF, 0xFF, 0xF8, 0x00, 0x7F, 0xFF, 0xFE, 0x00, 0x1F, 0xFF, 0xFF, 0x80, 0x07, 0xFF, 0x7F,
    0xE0, 0x01, 0xFF, 0xDF, 0xFC, 0x00, 0x7F, 0xF7, 0xFF, 0x00, 0x3F, 0xFC, 0xFF, 0xE0, 0x0F, 0xFE, 0x3F, 0xFC, 0x07,
    0xFF, 0x87, 0xFF, 0xFF, 0xFF, 0xE1, 0xFF, 0xFF, 0xFF, 0xF0, 0x3F, 0xFF, 0xFF, 0xF8, 0x07, 0xFF, 0xFF, 0xFE, 0x00,
    0xFF, 0xFF, 0xFF, 0x00, 0x1F, 0xFF, 0xFF, 0x80, 0x03, 0xFF, 0xFF, 0x80, 0x00, 0x3F, 0xFF, 0x80, 0x00, 0x00, 0xFF,
    0x00, 0x00, 0xFF, 0xFF, 0xFF, 0xFF, 0xFF, 0xFF, 0xFF, 0xFF, 0xFF, 0xFF, 0xFF, 0xFF, 0xFF, 0xFF, 0xFF, 0xFF, 0xFF,
    0xFF, 0xFF, 0xFF, 0xFF, 0xFF, 0xFF, 0xFF, 0xFF, 0xFF, 0xFF, 0xFF, 0xFF, 0xFF, 0xFF, 0xFF, 0xFF, 0xFF, 0x00, 0x00,
    0x01, 0xFF, 0x80, 0x00, 0x00, 0xFF, 0xE0, 0x00, 0x00, 0x3F, 0xF0, 0x00, 0x00, 0x1F, 0xFC, 0x00, 0x00, 0x07, 0xFF,
    0x00, 0x00, 0x01, 0xFF, 0x80, 0x00, 0x00, 0xFF, 0xE0, 0x00, 0x00, 0x3F, 0xF0, 0x00, 0x00, 0x1F, 0xFC, 0x00, 0x00,
    0x07, 0xFE, 0x00, 0x00, 0x03, 0xFF, 0x80, 0x00, 0x00, 0xFF, 0xE0, 0x00, 0x00, 0x7F, 0xF0, 0x00, 0x00, 0x1F, 0xFC,
    0x00, 0x00, 0x07, 0xFE, 0x00, 0x00, 0x03, 0xFF, 0x80, 0x00, 0x00, 0xFF, 0xC0, 0x00, 0x00, 0x7F, 0xF0, 0x00, 0x00,
    0x1F, 0xFC, 0x00, 0x00, 0x0F, 0xFE, 0x00, 0x00, 0x03, 0xFF, 0x80, 0x00, 0x01, 0xFF, 0xC0, 0x00, 0x00, 0x7F, 0xF0,
    0x00, 0x00, 0x1F, 0xFC, 0x00, 0x00, 0x0F, 0xFE, 0x00, 0x00, 0x03, 0xFF, 0x80, 0x00, 0x01, 0xFF, 0xC0, 0x00, 0x00,
    0x7F, 0xF0, 0x00, 0x00, 0x3F, 0xF8, 0x00, 0x00, 0x0F, 0xFE, 0x00, 0x00, 0x07, 0xFF, 0x80, 0x00, 0x01, 0xFF, 0xC0,
    0x00, 0x00, 0x7F, 0xF0, 0x00, 0x00, 0x3F, 0xF8, 0x00, 0x00, 0x0F, 0xFE, 0x00, 0x00, 0x07, 0xFF, 0x00, 0x00, 0x01,
    0xFF, 0xC0, 0x00, 0x00, 0xFF, 0xF0, 0x00, 0x00, 0x3F, 0xF8, 0x00, 0x00, 0x1F, 0xFE, 0x00, 0x00, 0x00, 0x07, 0xF8,
    0x00, 0x00, 0x3F, 0xFF, 0xC0, 0x00, 0x7F, 0xFF, 0xF8, 0x00, 0x7F, 0xFF, 0xFE, 0x00, 0x7F, 0xFF, 0xFF, 0x80, 0x7F,
    0xFF, 0xFF, 0xE0, 0x7F, 0xFF, 0xFF, 0xF8, 0x3F, 0xFF, 0xFF, 0xFC, 0x3F, 0xFF, 0xFF, 0xFF, 0x1F, 0xFC, 0x03, 0xFF,
    0x8F, 0xFC, 0x00, 0xFF, 0xC7, 0xFE, 0x00, 0x7F, 0xE3, 0xFE, 0x00, 0x1F, 0xF1, 0xFF, 0x00, 0x0F, 0xF8, 0xFF, 0xC0,
    0x0F, 0xFC, 0x7F, 0xE0, 0x07, 0xFE, 0x3F, 0xF8, 0x07, 0xFF, 0x0F, 0xFE, 0x07, 0xFF, 0x07, 0xFF, 0xCF, 0xFF, 0x01,
    0xFF, 0xFF, 0xFF, 0x80, 0x7F, 0xFF, 0xFF, 0x80, 0x3F, 0xFF, 0xFF, 0x80, 0x0F, 0xFF, 0xFF, 0x00, 0x01, 0xFF, 0xFF,
    0x00, 0x01, 0xFF, 0xFF, 0xC0, 0x01, 0xFF, 0xFF, 0xF0, 0x03, 0xFF, 0xFF, 0xFC, 0x03, 0xFF, 0xFF, 0xFF, 0x03, 0xFF,
    0xFF, 0xFF, 0xC1, 0xFF, 0xE1, 0xFF, 0xF1, 0xFF, 0xE0, 0x3F, 0xFC, 0xFF, 0xC0, 0x0F, 0xFE, 0xFF, 0xE0, 0x03, 0xFF,
    0xFF, 0xE0, 0x00, 0xFF, 0xFF, 0xF0, 0x00, 0x7F, 0xFF, 0xF0, 0x00, 0x1F, 0xFF, 0xF8, 0x00, 0x0F, 0xFF, 0xFE, 0x00,
    0x0F, 0xFF, 0xFF, 0x00, 0x07, 0xFF, 0xFF, 0xC0, 0x07, 0xFF, 0xFF, 0xF0, 0x07, 0xFF, 0xFF, 0xFF, 0xFF, 0xFF, 0x9F,
    0xFF, 0xFF, 0xFF, 0xCF, 0xFF, 0xFF, 0xFF, 0xC3, 0xFF, 0xFF, 0xFF, 0xC0, 0xFF, 0xFF, 0xFF, 0xE0, 0x3F, 0xFF, 0xFF,
    0xC0, 0x07, 0xFF, 0xFF, 0xC0, 0x00, 0xFF, 0xFF, 0x80, 0x00, 0x07, 0xFC, 0x00, 0x00, 0x00, 0x0F, 0xF0, 0x00, 0x00,
    0x1F, 0xFF, 0xC0, 0x00, 0x1F, 0xFF, 0xFC, 0x00, 0x0F, 0xFF, 0xFF, 0x80, 0x0F, 0xFF, 0xFF, 0xF0, 0x07, 0xFF, 0xFF,
    0xFE, 0x01, 0xFF, 0xFF, 0xFF, 0xC0, 0xFF, 0xFF, 0xFF, 0xF8, 0x7F, 0xFF, 0xFF, 0xFE, 0x1F, 0xFE, 0x03, 0xFF, 0xC7,
    0xFF, 0x00, 0x7F, 0xF3, 0xFF, 0xC0, 0x0F, 0xFE, 0xFF, 0xE0, 0x03, 0xFF, 0xBF, 0xF8, 0x00, 0x7F, 0xEF, 0xFE, 0x00,
    0x1F, 0xFF, 0xFF, 0x80, 0x07, 0xFF, 0xFF, 0xE0, 0x01, 0xFF, 0xFF, 0xF8, 0x00, 0x7F, 0xFF, 0xFE, 0x00, 0x1F, 0xFF,
    0xFF, 0x80, 0x07, 0xFF, 0xFF, 0xE0, 0x01, 0xFF, 0xFF, 0xF8, 0x00, 0xFF, 0xFF, 0xFF, 0x00, 0x7F, 0xFF, 0xFF, 0xE0,
    0x3F, 0xFF, 0x7F, 0xFE, 0x3F, 0xFF, 0xDF, 0xFF, 0xFF, 0xFF, 0xF3, 0xFF, 0xFF, 0xFF, 0xFC, 0xFF, 0xFF, 0xFF, 0xFF,
    0x1F, 0xFF, 0xFF, 0xFF, 0xC3, 0xFF, 0xFF, 0xBF, 0xF0, 0x7F, 0xFF, 0xCF, 0xFC, 0x07, 0xFF, 0xC3, 0xFE, 0x00, 0x7F,
    0xC1, 0xFF, 0x80, 0x00, 0x00, 0x7F, 0xE0, 0x00, 0x00, 0x1F, 0xF8, 0x00, 0x00, 0x0F, 0xFC, 0x00, 0x00, 0x03, 0xFF,
    0x00, 0x00, 0x01, 0xFF, 0xC0, 0x00, 0x00, 0xFF, 0xE0, 0x00, 0x00, 0x7F, 0xF8, 0x00, 0x00, 0xFF, 0xFC, 0x07, 0xFF,
    0xFF, 0xFE, 0x01, 0xFF, 0xFF, 0xFF, 0x00, 0x7F, 0xFF, 0xFF, 0xC0, 0x1F, 0xFF, 0xFF, 0xE0, 0x07, 0xFF, 0xFF, 0xE0,
    0x01, 0xFF, 0xFF, 0xF0, 0x00, 0x7F, 0xFF, 0xF0, 0x00, 0x1F, 0xFF, 0xF0, 0x00, 0x03, 0xFF, 0x80, 0x00, 0x00, 0x0F,
    0x87, 0xFE, 0x7F, 0xEF, 0xFF, 0xFF, 0xFF, 0xFF, 0xFF, 0xFF, 0xFF, 0xFF, 0xF7, 0xFE, 0x3F, 0xC0, 0xF0, 0x00, 0x00,
    0x00, 0x00, 0x00, 0x00, 0x00, 0x00, 0x00, 0x00, 0x00, 0x00, 0x00, 0x00, 0x00, 0x00, 0x00, 0x00, 0x00, 0x00, 0x00,
    0x0F, 0x87, 0xFE, 0x7F, 0xEF, 0xFF, 0xFF, 0xFF, 0xFF, 0xFF, 0xFF, 0xFF, 0xFF, 0xF7, 0xFE, 0x3F, 0xC0, 0xF0, 0x07,
    0xC0, 0xFF, 0x8F, 0xFE, 0x7F, 0xF3, 0xFF, 0x9F, 0xFC, 0xFF, 0xE7, 0xFF, 0x3F, 0xF8, 0xFF, 0x87, 0xFC, 0x0F, 0x80,
    0x00, 0x00, 0x00, 0x00, 0x00, 0x00, 0x00, 0x00, 0x00, 0x00, 0x00, 0x00, 0x00, 0x00, 0x00, 0x00, 0x00, 0x00, 0x00,
    0x00, 0x00, 0x00, 0x00, 0x00, 0x00, 0x00, 0x00, 0x00, 0x00, 0x7F, 0xE3, 0xFF, 0x1F, 0xF8, 0xFF, 0x8F, 0xFC, 0x7F,
    0xE3, 0xFE, 0x1F, 0xF0, 0xFF, 0x8F, 0xF8, 0x7F, 0xC3, 0xFC, 0x1F, 0xE1, 0xFF, 0x0F, 0xF0, 0x7F, 0x80, 0x00, 0x00,
    0x00, 0x00, 0x80, 0x00, 0x00, 0x03, 0xC0, 0x00, 0x00, 0x07, 0xE0, 0x00, 0x00, 0x0F, 0xF0, 0x00, 0x00, 0x1F, 0xF8,
    0x00, 0x00, 0x3F, 0xFC, 0x00, 0x00, 0x7F, 0xFE, 0x00, 0x00, 0xFF, 0xFF, 0x00, 0x01, 0xFF, 0xFF, 0x80, 0x03, 0xFF,
    0xFF, 0x00, 0x07, 0xFF, 0xFC, 0x00, 0x0F, 0xFF, 0xF8, 0x00, 0x1F, 0xFF, 0xF0, 0x00, 0x3F, 0xFF, 0xE0, 0x00, 0x7F,
    0xFF, 0xC0, 0x00, 0xFF, 0xFF, 0x00, 0x00, 0xFF, 0xFE, 0x00, 0x00, 0x7F, 0xFC, 0x00, 0x00, 0x3F, 0xF8, 0x00, 0x00,
    0x1F, 0xFF, 0x80, 0x00, 0x0F, 0xFF, 0xF0, 0x00, 0x07, 0xFF, 0xFE, 0x00, 0x00, 0xFF, 0xFF, 0xE0, 0x00, 0x1F, 0xFF,
    0xFC, 0x00, 0x01, 0xFF, 0xFF, 0xC0, 0x00, 0x3F, 0xFF, 0xF8, 0x00, 0x07, 0xFF, 0xFF, 0x80, 0x00, 0x7F, 0xFF, 0xF0,
    0x00, 0x0F, 0xFF, 0xF8, 0x00, 0x01, 0xFF, 0xFC, 0x00, 0x00, 0x3F, 0xFE, 0x00, 0x00, 0x03, 0xFF, 0x00, 0x00, 0x00,
    0x7F, 0x80, 0x00, 0x00, 0x0F, 0xC0, 0x00, 0x00, 0x00, 0xE0, 0x00, 0x00, 0x00, 0x10, 0xFF, 0xFF, 0xFF, 0xFF, 0xFF,
    0xFF, 0xFF, 0xFF, 0xFF, 0xFF, 0xFF, 0xFF, 0xFF, 0xFF, 0xFF, 0xFF, 0xFF, 0xFF, 0xFF, 0xFF, 0xFF, 0xFF, 0xFF, 0xFF,
    0xFF, 0xFF, 0xFF, 0xFF, 0xFF, 0xFF, 0xFF, 0xFF, 0x00, 0x00, 0x00, 0x00, 0x00, 0x00, 0x00, 0x00, 0x00, 0x00, 0x00,
    0x00, 0x00, 0x00, 0x00, 0x00, 0xFF, 0xFF, 0xFF, 0xFF, 0xFF, 0xFF, 0xFF, 0xFF, 0xFF, 0xFF, 0xFF, 0xFF, 0xFF, 0xFF,
    0xFF, 0xFF, 0xFF, 0xFF, 0xFF, 0xFF, 0xFF, 0xFF, 0xFF, 0xFF, 0xFF, 0xFF, 0xFF, 0xFF, 0xFF, 0xFF, 0xFF, 0xFF, 0x80,
    0x00, 0x00, 0x00, 0x70, 0x00, 0x00, 0x00, 0x3E, 0x00, 0x00, 0x00, 0x1F, 0xC0, 0x00, 0x00, 0x0F, 0xF8, 0x00, 0x00,
    0x07, 0xFF, 0x00, 0x00, 0x03, 0xFF, 0xE0, 0x00, 0x01, 0xFF, 0xFC, 0x00, 0x00, 0xFF, 0xFF, 0x80, 0x00, 0x1F, 0xFF,
    0xF0, 0x00, 0x03, 0xFF, 0xFE, 0x00, 0x00, 0x7F, 0xFF, 0xC0, 0x00, 0x07, 0xFF, 0xF8, 0x00, 0x00, 0xFF, 0xFF, 0x00,
    0x00, 0x1F, 0xFF, 0xE0, 0x00, 0x03, 0xFF, 0xFC, 0x00, 0x00, 0x7F, 0xFF, 0x80, 0x00, 0x0F, 0xFF, 0xC0, 0x00, 0x01,
    0xFF, 0xE0, 0x00, 0x03, 0xFF, 0xF0, 0x00, 0x07, 0xFF, 0xF8, 0x00, 0x1F, 0xFF, 0xFC, 0x00, 0x3F, 0xFF, 0xF0, 0x00,
    0xFF, 0xFF, 0xE0, 0x01, 0xFF, 0xFF, 0xC0, 0x07, 0xFF, 0xFF, 0x80, 0x0F, 0xFF, 0xFE, 0x00, 0x1F, 0xFF, 0xFC, 0x00,
    0x0F, 0xFF, 0xF8, 0x00, 0x07, 0xFF, 0xE0, 0x00, 0x03, 0xFF, 0xC0, 0x00, 0x01, 0xFF, 0x80, 0x00, 0x00, 0xFF, 0x00,
    0x00, 0x00, 0x7C, 0x00, 0x00, 0x00, 0x38, 0x00, 0x00, 0x00, 0x10, 0x00, 0x00, 0x00, 0x00, 0x00, 0x3F, 0xF0, 0x00,
    0x0F, 0xFF, 0xF8, 0x01, 0xFF, 0xFF, 0xF8, 0x1F, 0xFF, 0xFF, 0xF8, 0xFF, 0xFF, 0xFF, 0xF3, 0xFF, 0xFF, 0xFF, 0xC7,
    0xFF, 0xFF, 0xFF, 0x9F, 0xFF, 0xFF, 0xFE, 0x3F, 0xFF, 0xFF, 0xFC, 0xFE, 0x00, 0x7F, 0xF1, 0xE0, 0x00, 0xFF, 0xC0,
    0x00, 0x03, 0xFF, 0x00, 0x00, 0x07, 0xFC, 0x00, 0x00, 0x1F, 0xF0, 0x00, 0x00, 0xFF, 0xC0, 0x00, 0x03, 0xFF, 0x00,
    0x00, 0x1F, 0xFC, 0x00, 0x00, 0xFF, 0xE0, 0x00, 0x07, 0xFF, 0x80, 0x00, 0x3F, 0xFC, 0x00, 0x03, 0xFF, 0xE0, 0x00,
    0x1F, 0xFF, 0x80, 0x00, 0xFF, 0xFC, 0x00, 0x07, 0xFF, 0xC0, 0x00, 0x3F, 0xFE, 0x00, 0x00, 0xFF, 0xF0, 0x00, 0x07,
    0xFF, 0x00, 0x00, 0x1F, 0xF8, 0x00, 0x00, 0x7F, 0xC0, 0x00, 0x01, 0xFF, 0x00, 0x00, 0x07, 0xF8, 0x00, 0x00, 0x1F,
    0xE0, 0x00, 0x00, 0x7F, 0x80, 0x00, 0x01, 0xFE, 0x00, 0x00, 0x00, 0x00, 0x00, 0x00, 0x00, 0x00, 0x00, 0x00, 0x00,
    0x00, 0x00, 0x00, 0x00, 0x00, 0x00, 0x01, 0xF0, 0x00, 0x00, 0x1F, 0xF0, 0x00, 0x00, 0xFF, 0xE0, 0x00, 0x03, 0xFF,
    0x80, 0x00, 0x0F, 0xFE, 0x00, 0x00, 0x3F, 0xF8, 0x00, 0x00, 0xFF, 0xE0, 0x00, 0x03, 0xFF, 0x80, 0x00, 0x0F, 0xFE,
    0x00, 0x00, 0x1F, 0xF0, 0x00, 0x00, 0x7F, 0xC0, 0x00, 0x00, 0x7C, 0x00, 0x00, 0x00, 0x00, 0x07, 0xFF, 0xF8, 0x00,
    0x00, 0x00, 0x00, 0xFF, 0xFF, 0xFC, 0x00, 0x00, 0x00, 0x1F, 0xFF, 0xFF, 0xFC, 0x00, 0x00, 0x01, 0xFF, 0xFF, 0xFF,
    0xFC, 0x00, 0x00, 0x0F, 0xFF, 0xFF, 0xFF, 0xF8, 0x00, 0x00, 0xFF, 0xFF, 0xFF, 0xFF, 0xF8, 0x00, 0x07, 0xFF, 0xFC,
    0x1F, 0xFF, 0xF0, 0x00, 0x3F, 0xFE, 0x00, 0x03, 0xFF, 0xE0, 0x01, 0xFF, 0xC0, 0x00, 0x01, 0xFF, 0xC0, 0x0F, 0xFE,
    0x00, 0x00, 0x03, 0xFF, 0x00, 0x7F, 0xE0, 0x00, 0x00, 0x03, 0xFE, 0x01, 0xFF, 0x00, 0x00, 0x00, 0x07, 0xFC, 0x0F,
    0xF8, 0x01, 0xFF, 0xF0, 0x1F, 0xF0, 0x7F, 0xC0, 0x3F, 0xFF, 0xFC, 0x3F, 0xE1, 0xFE, 0x01, 0xFF, 0xFF, 0xF0, 0x7F,
    0x8F, 0xF8, 0x0F, 0xFF, 0xFF, 0xC1, 0xFE, 0x3F, 0xC0, 0x7F, 0xFF, 0xFF, 0x03, 0xFC, 0xFF, 0x03, 0xFF, 0xFF, 0xFC,
    0x0F, 0xF7, 0xF8, 0x1F, 0xFE, 0x1F, 0xF0, 0x3F, 0xDF, 0xE0, 0xFF, 0xE0, 0x3F, 0xC0, 0xFF, 0x7F, 0x03, 0xFF, 0x00,
    0xFF, 0x03, 0xFF, 0xFC, 0x0F, 0xF8, 0x03, 0xFC, 0x07, 0xFF, 0xF0, 0x7F, 0xC0, 0x0F, 0xF0, 0x1F, 0xFF, 0xC1, 0xFF,
    0x00, 0x3F, 0xC0, 0x7F, 0xFF, 0x07, 0xFC, 0x00, 0xFF, 0x01, 0xFF, 0xFC, 0x1F, 0xE0, 0x03, 0xFC, 0x07, 0xFF, 0xE0,
    0x7F, 0x80, 0x0F, 0xF0, 0x3F, 0xFF, 0x81, 0xFE, 0x00, 0x7F, 0xC0, 0xFF, 0xFE, 0x07, 0xF8, 0x01, 0xFF, 0x03, 0xFF,
    0xF8, 0x1F, 0xF0, 0x07, 0xFC, 0x0F, 0xFF, 0xE0, 0x7F, 0xC0, 0x1F, 0xF0, 0x7F, 0xBF, 0xC1, 0xFF, 0x00, 0xFF, 0xC1,
    0xFE, 0xFF, 0x07, 0xFE, 0x03, 0xFF, 0x8F, 0xFB, 0xFC, 0x0F, 0xFE, 0x7F, 0xFF, 0x7F, 0xCF, 0xF0, 0x3F, 0xFF, 0xFF,
    0xFF, 0xFE, 0x3F, 0xC0, 0x7F, 0xFF, 0xFF, 0xFF, 0xF8, 0x7F, 0x80, 0xFF, 0xFF, 0x9F, 0xFF, 0xC1, 0xFE, 0x01, 0xFF,
    0xFC, 0x7F, 0xFE, 0x07, 0xFC, 0x03, 0xFF, 0xE0, 0xFF, 0xF0, 0x0F, 0xF0, 0x03, 0xFE, 0x00, 0xFF, 0x00, 0x3F, 0xE0,
    0x00, 0x00, 0x00, 0x00, 0x00, 0x7F, 0xC0, 0x00, 0x00, 0x00, 0x00, 0x01, 0xFF, 0x80, 0x00, 0x00, 0x00, 0x00, 0x03,
    0xFF, 0x00, 0x00, 0x00, 0x00, 0x00, 0x07, 0xFF, 0x00, 0x00, 0x01, 0xE0, 0x00, 0x0F, 0xFF, 0x00, 0x00, 0x7F, 0x80,
    0x00, 0x1F, 0xFF, 0xE0, 0x7F, 0xFE, 0x00, 0x00, 0x3F, 0xFF, 0xFF, 0xFF, 0xF8, 0x00, 0x00, 0x7F, 0xFF, 0xFF, 0xFF,
    0xE0, 0x00, 0x00, 0x7F, 0xFF, 0xFF, 0xFF, 0x80, 0x00, 0x00, 0xFF, 0xFF, 0xFF, 0xFC, 0x00, 0x00, 0x00, 0x7F, 0xFF,
    0xFF, 0xC0, 0x00, 0x00, 0x00, 0x3F, 0xFF, 0xF0, 0x00, 0x00, 0x00, 0x00, 0xFF, 0xFC, 0x00, 0x00, 0x00, 0x01, 0xFF,
    0xF8, 0x00, 0x00, 0x00, 0x07, 0xFF, 0xF8, 0x00, 0x00, 0x00, 0x0F, 0xFF, 0xF0, 0x00, 0x00, 0x00, 0x1F, 0xFF, 0xE0,
    0x00, 0x00, 0x00, 0x7F, 0xFF, 0xE0, 0x00, 0x00, 0x00, 0xFF, 0xFF, 0xC0, 0x00, 0x00, 0x01, 0xFF, 0xFF, 0x80, 0x00,
    0x00, 0x07, 0xFF, 0xFF, 0x80, 0x00, 0x00, 0x0F, 0xFF, 0xFF, 0x00, 0x00, 0x00, 0x1F, 0xFF, 0xFE, 0x00, 0x00, 0x00,
    0x7F, 0xE7, 0xFE, 0x00, 0x00, 0x00, 0xFF, 0xCF, 0xFC, 0x00, 0x00, 0x01, 0xFF, 0x9F, 0xF8, 0x00, 0x00, 0x07, 0xFF,
    0x1F, 0xF8, 0x00, 0x00, 0x0F, 0xFC, 0x3F, 0xF0, 0x00, 0x00, 0x1F, 0xF8, 0x7F, 0xE0, 0x00, 0x00, 0x7F, 0xF0, 0xFF,
    0xE0, 0x00, 0x00, 0xFF, 0xE0, 0xFF, 0xC0, 0x00, 0x01, 0xFF, 0x81, 0xFF, 0xC0, 0x00, 0x07, 0xFF, 0x03, 0xFF, 0x80,
    0x00, 0x0F, 0xFE, 0x03, 0xFF, 0x00, 0x00, 0x1F, 0xF8, 0x07, 0xFF, 0x00, 0x00, 0x7F, 0xF0, 0x0F, 0xFE, 0x00, 0x00,
    0xFF, 0xE0, 0x0F, 0xFC, 0x00, 0x03, 0xFF, 0x80, 0x1F, 0xFC, 0x00, 0x07, 0xFF, 0x00, 0x3F, 0xF8, 0x00, 0x0F, 0xFE,
    0x00, 0x3F, 0xF0, 0x00, 0x3F, 0xFF, 0xFF, 0xFF, 0xF0, 0x00, 0x7F, 0xFF, 0xFF, 0xFF, 0xE0, 0x00, 0xFF, 0xFF, 0xFF,
    0xFF, 0xC0, 0x03, 0xFF, 0xFF, 0xFF, 0xFF, 0xC0, 0x07, 0xFF, 0xFF, 0xFF, 0xFF, 0x80, 0x0F, 0xFF, 0xFF, 0xFF, 0xFF,
    0x00, 0x3F, 0xFF, 0xFF, 0xFF, 0xFF, 0x00, 0x7F, 0xFF, 0xFF, 0xFF, 0xFE, 0x00, 0xFF, 0xFF, 0xFF, 0xFF, 0xFC, 0x03,
    0xFF, 0xC0, 0x00, 0x3F, 0xFC, 0x07, 0xFF, 0x80, 0x00, 0x3F, 0xF8, 0x0F, 0xFE, 0x00, 0x00, 0x7F, 0xF8, 0x3F, 0xFC,
    0x00, 0x00, 0xFF, 0xF0, 0x7F, 0xF8, 0x00, 0x00, 0xFF, 0xE0, 0xFF, 0xE0, 0x00, 0x01, 0xFF, 0xE3, 0xFF, 0xC0, 0x00,
    0x03, 0xFF, 0xC7, 0xFF, 0x80, 0x00, 0x03, 0xFF, 0x9F, 0xFE, 0x00, 0x00, 0x07, 0xFF, 0xBF, 0xFC, 0x00, 0x00, 0x0F,
    0xFF, 0x7F, 0xF8, 0x00, 0x00, 0x0F, 0xFE, 0xFF, 0xFF, 0xFF, 0x00, 0x0F, 0xFF, 0xFF, 0xFF, 0x00, 0xFF, 0xFF, 0xFF,
    0xFC, 0x0F, 0xFF, 0xFF, 0xFF, 0xE0, 0xFF, 0xFF, 0xFF, 0xFF, 0x0F, 0xFF, 0xFF, 0xFF, 0xF8, 0xFF, 0xFF, 0xFF, 0xFF,
    0x8F, 0xFF, 0xFF, 0xFF, 0xFC, 0xFF, 0xE0, 0x0F, 0xFF, 0xCF, 0xFE, 0x00, 0x3F, 0xFC, 0xFF, 0xE0, 0x01, 0xFF, 0xCF,
    0xFE, 0x00, 0x1F, 0xFC, 0xFF, 0xE0, 0x01, 0xFF, 0xCF, 0xFE, 0x00, 0x1F, 0xFC, 0xFF, 0xE0, 0x01, 0xFF, 0xCF, 0xFE,
    0x00, 0x1F, 0xFC, 0xFF, 0xE0, 0x01, 0xFF, 0xCF, 0xFE, 0x00, 0x3F, 0xF8, 0xFF, 0xE0, 0x0F, 0xFF, 0x8F, 0xFF, 0xFF,
    0xFF, 0xF0, 0xFF, 0xFF, 0xFF, 0xFE, 0x0F, 0xFF, 0xFF, 0xFF, 0xC0, 0xFF, 0xFF, 0xFF, 0xF0, 0x0F, 0xFF, 0xFF, 0xFF,
    0x80, 0xFF, 0xFF, 0xFF, 0xFE, 0x0F, 0xFF, 0xFF, 0xFF, 0xF0, 0xFF, 0xFF, 0xFF, 0xFF, 0x8F, 0xFE, 0x01, 0xFF, 0xFC,
    0xFF, 0xE0, 0x03, 0xFF, 0xEF, 0xFE, 0x00, 0x1F, 0xFE, 0xFF, 0xE0, 0x00, 0xFF, 0xEF, 0xFE, 0x00, 0x0F, 0xFE, 0xFF,
    0xE0, 0x00, 0x7F, 0xFF, 0xFE, 0x00, 0x07, 0xFF, 0xFF, 0xE0, 0x00, 0x7F, 0xFF, 0xFE, 0x00, 0x0F, 0xFF, 0xFF, 0xE0,
    0x00, 0xFF, 0xEF, 0xFE, 0x00, 0x1F, 0xFE, 0xFF, 0xE0, 0x01, 0xFF, 0xEF, 0xFE, 0x00, 0x7F, 0xFE, 0xFF, 0xFF, 0xFF,
    0xFF, 0xCF, 0xFF, 0xFF, 0xFF, 0xFC, 0xFF, 0xFF, 0xFF, 0xFF, 0x8F, 0xFF, 0xFF, 0xFF, 0xF0, 0xFF, 0xFF, 0xFF, 0xFE,
    0x0F, 0xFF, 0xFF, 0xFF, 0xC0, 0xFF, 0xFF, 0xFF, 0xF0, 0x0F, 0xFF, 0xFF, 0xF8, 0x00, 0x00, 0x00, 0x3F, 0xF0, 0x00,
    0x00, 0x1F, 0xFF, 0xFC, 0x00, 0x03, 0xFF, 0xFF, 0xFC, 0x00, 0x7F, 0xFF, 0xFF, 0xF0, 0x07, 0xFF, 0xFF, 0xFF, 0x80,
    0xFF, 0xFF, 0xFF, 0xF8, 0x0F, 0xFF, 0xFF, 0xFF, 0xC0, 0xFF, 0xFF, 0xFF, 0xFE, 0x07, 0xFF, 0xFF, 0xFF, 0xE0, 0x7F,
    0xFF, 0x00, 0x7F, 0x07, 0xFF, 0xE0, 0x00, 0x70, 0x3F, 0xFC, 0x00, 0x00, 0x83, 0xFF, 0xC0, 0x00, 0x00, 0x1F, 0xFE,
    0x00, 0x00, 0x01, 0xFF, 0xE0, 0x00, 0x00, 0x0F, 0xFE, 0x00, 0x00, 0x00, 0x7F, 0xF0, 0x00, 0x00, 0x07, 0xFF, 0x80,
    0x00, 0x00, 0x3F, 0xF8, 0x00, 0x00, 0x01, 0xFF, 0xC0, 0x00, 0x00, 0x0F, 0xFE, 0x00, 0x00, 0x00, 0x7F, 0xF0, 0x00,
    0x00, 0x03, 0xFF, 0x80, 0x00, 0x00, 0x1F, 0xFC, 0x00, 0x00, 0x00, 0xFF, 0xE0, 0x00, 0x00, 0x07, 0xFF, 0x00, 0x00,
    0x00, 0x3F, 0xF8, 0x00, 0x00, 0x01, 0xFF, 0xC0, 0x00, 0x00, 0x0F, 0xFE, 0x00, 0x00, 0x00, 0x7F, 0xF0, 0x00, 0x00,
    0x03, 0xFF, 0x80, 0x00, 0x00, 0x1F, 0xFC, 0x00, 0x00, 0x00, 0xFF, 0xF0, 0x00, 0x00, 0x03, 0xFF, 0x80, 0x00, 0x00,
    0x1F, 0xFC, 0x00, 0x00, 0x00, 0xFF, 0xF0, 0x00, 0x00, 0x07, 0xFF, 0x80, 0x00, 0x00, 0x1F, 0xFE, 0x00, 0x00, 0x00,
    0xFF, 0xF8, 0x00, 0x00, 0x03, 0xFF, 0xE0, 0x00, 0x1C, 0x1F, 0xFF, 0xE0, 0x07, 0xE0, 0x7F, 0xFF, 0xFF, 0xFF, 0x01,
    0xFF, 0xFF, 0xFF, 0xF8, 0x07, 0xFF, 0xFF, 0xFF, 0xC0, 0x3F, 0xFF, 0xFF, 0xFE, 0x00, 0x7F, 0xFF, 0xFF, 0xF0, 0x01,
    0xFF, 0xFF, 0xFF, 0x80, 0x03, 0xFF, 0xFF, 0xFC, 0x00, 0x07, 0xFF, 0xFF, 0x00, 0x00, 0x03, 0xFF, 0x80, 0x00, 0xFF,
    0xFF, 0xFE, 0x00, 0x00, 0xFF, 0xFF, 0xFF, 0xE0, 0x00, 0xFF, 0xFF, 0xFF, 0xF8, 0x00, 0xFF, 0xFF, 0xFF, 0xFE, 0x00,
    0xFF, 0xFF, 0xFF, 0xFF, 0x00, 0xFF, 0xFF, 0xFF, 0xFF, 0x80, 0xFF, 0xFF, 0xFF, 0xFF, 0xC0, 0xFF, 0xFF, 0xFF, 0xFF,
    0xE0, 0xFF, 0xE0, 0x3F, 0xFF, 0xF0, 0xFF, 0xE0, 0x03, 0xFF, 0xF0, 0xFF, 0xE0, 0x00, 0xFF, 0xF8, 0xFF, 0xE0, 0x00,
    0x7F, 0xF8, 0xFF, 0xE0, 0x00, 0x3F, 0xFC, 0xFF, 0xE0, 0x00, 0x3F, 0xFC, 0xFF, 0xE0, 0x00, 0x1F, 0xFC, 0xFF, 0xE0,
    0x00, 0x1F, 0xFE, 0xFF, 0xE0, 0x00, 0x0F, 0xFE, 0xFF, 0xE0, 0x00, 0x0F, 0xFE, 0xFF, 0xE0, 0x00, 0x0F, 0xFE, 0xFF,
    0xE0, 0x00, 0x0F, 0xFE, 0xFF, 0xE0, 0x00, 0x0F, 0xFF, 0xFF, 0xE0, 0x00, 0x07, 0xFF, 0xFF, 0xE0, 0x00, 0x07, 0xFF,
    0xFF, 0xE0, 0x00, 0x07, 0xFF, 0xFF, 0xE0, 0x00, 0x07, 0xFF, 0xFF, 0xE0, 0x00, 0x07, 0xFF, 0xFF, 0xE0, 0x00, 0x07,
    0xFE, 0xFF, 0xE0, 0x00, 0x0F, 0xFE, 0xFF, 0xE0, 0x00, 0x0F, 0xFE, 0xFF, 0xE0, 0x00, 0x0F, 0xFE, 0xFF, 0xE0, 0x00,
    0x0F, 0xFE, 0xFF, 0xE0, 0x00, 0x0F, 0xFE, 0xFF, 0xE0, 0x00, 0x1F, 0xFC, 0xFF, 0xE0, 0x00, 0x1F, 0xFC, 0xFF, 0xE0,
    0x00, 0x3F, 0xFC, 0xFF, 0xE0, 0x00, 0x7F, 0xF8, 0xFF, 0xE0, 0x00, 0xFF, 0xF8, 0xFF, 0xE0, 0x01, 0xFF, 0xF0, 0xFF,
    0xE0, 0x07, 0xFF, 0xF0, 0xFF, 0xE0, 0x7F, 0xFF, 0xE0, 0xFF, 0xFF, 0xFF, 0xFF, 0xC0, 0xFF, 0xFF, 0xFF, 0xFF, 0x80,
    0xFF, 0xFF, 0xFF, 0xFF, 0x00, 0xFF, 0xFF, 0xFF, 0xFE, 0x00, 0xFF, 0xFF, 0xFF, 0xFC, 0x00, 0xFF, 0xFF, 0xFF, 0xF0,
    0x00, 0xFF, 0xFF, 0xFF, 0xC0, 0x00, 0xFF, 0xFF, 0xFC, 0x00, 0x00, 0xFF, 0xFF, 0xFF, 0xFF, 0xFF, 0xFF, 0xFF, 0xFF,
    0xFF, 0xFF, 0xFF, 0xFF, 0xFF, 0xFF, 0xFF, 0xFF, 0xFF, 0xFF, 0xFF, 0xFF, 0xFF, 0xFF, 0xFF, 0xFF, 0xFF, 0xFF, 0xFF,
    0xFF, 0xFF, 0xE0, 0x00, 0x0F, 0xFE, 0x00, 0x00, 0xFF, 0xE0, 0x00, 0x0F, 0xFE, 0x00, 0x00, 0xFF, 0xE0, 0x00, 0x0F,
    0xFE, 0x00, 0x00, 0xFF, 0xE0, 0x00, 0x0F, 0xFE, 0x00, 0x00, 0xFF, 0xE0, 0x00, 0x0F, 0xFE, 0x00, 0x00, 0xFF, 0xE0,
    0x00, 0x0F, 0xFF, 0xFF, 0xFC, 0xFF, 0xFF, 0xFF, 0xCF, 0xFF, 0xFF, 0xFC, 0xFF, 0xFF, 0xFF, 0xCF, 0xFF, 0xFF, 0xFC,
    0xFF, 0xFF, 0xFF, 0xCF, 0xFF, 0xFF, 0xFC, 0xFF, 0xFF, 0xFF, 0xCF, 0xFE, 0x00, 0x00, 0xFF, 0xE0, 0x00, 0x0F, 0xFE,
    0x00, 0x00, 0xFF, 0xE0, 0x00, 0x0F, 0xFE, 0x00, 0x00, 0xFF, 0xE0, 0x00, 0x0F, 0xFE, 0x00, 0x00, 0xFF, 0xE0, 0x00,
    0x0F, 0xFE, 0x00, 0x00, 0xFF, 0xE0, 0x00, 0x0F, 0xFE, 0x00, 0x00, 0xFF, 0xE0, 0x00, 0x0F, 0xFE, 0x00, 0x00, 0xFF,
    0xFF, 0xFF, 0xFF, 0xFF, 0xFF, 0xFF, 0xFF, 0xFF, 0xFF, 0xFF, 0xFF, 0xFF, 0xFF, 0xFF, 0xFF, 0xFF, 0xFF, 0xFF, 0xFF,
    0xFF, 0xFF, 0xFF, 0xFF, 0xFF, 0xFF, 0xFF, 0xFF, 0xFF, 0xFF, 0xFF, 0xFF, 0xFF, 0xFF, 0xFF, 0xFF, 0xFF, 0xFF, 0xFF,
    0xFF, 0xFF, 0xFF, 0xFF, 0xFF, 0xFF, 0xFF, 0xFF, 0xFF, 0xFF, 0xFF, 0xFF, 0xFF, 0xFF, 0xFF, 0xFF, 0xFF, 0xFF, 0xE0,
    0x00, 0x0F, 0xFE, 0x00, 0x00, 0xFF, 0xE0, 0x00, 0x0F, 0xFE, 0x00, 0x00, 0xFF, 0xE0, 0x00, 0x0F, 0xFE, 0x00, 0x00,
    0xFF, 0xE0, 0x00, 0x0F, 0xFE, 0x00, 0x00, 0xFF, 0xE0, 0x00, 0x0F, 0xFE, 0x00, 0x00, 0xFF, 0xE0, 0x00, 0x0F, 0xFE,
    0x00, 0x00, 0xFF, 0xE0, 0x00, 0x0F, 0xFF, 0xFF, 0xFC, 0xFF, 0xFF, 0xFF, 0xCF, 0xFF, 0xFF, 0xFC, 0xFF, 0xFF, 0xFF,
    0xCF, 0xFF, 0xFF, 0xFC, 0xFF, 0xFF, 0xFF, 0xCF, 0xFF, 0xFF, 0xFC, 0xFF, 0xFF, 0xFF, 0xCF, 0xFE, 0x00, 0x00, 0xFF,
    0xE0, 0x00, 0x0F, 0xFE, 0x00, 0x00, 0xFF, 0xE0, 0x00, 0x0F, 0xFE, 0x00, 0x00, 0xFF, 0xE0, 0x00, 0x0F, 0xFE, 0x00,
    0x00, 0xFF, 0xE0, 0x00, 0x0F, 0xFE, 0x00, 0x00, 0xFF, 0xE0, 0x00, 0x0F, 0xFE, 0x00, 0x00, 0xFF, 0xE0, 0x00, 0x0F,
    0xFE, 0x00, 0x00, 0xFF, 0xE0, 0x00, 0x0F, 0xFE, 0x00, 0x00, 0xFF, 0xE0, 0x00, 0x0F, 0xFE, 0x00, 0x00, 0xFF, 0xE0,
    0x00, 0x0F, 0xFE, 0x00, 0x00, 0x00, 0x00, 0x0F, 0xFC, 0x00, 0x00, 0x01, 0xFF, 0xFF, 0xE0, 0x00, 0x07, 0xFF, 0xFF,
    0xFC, 0x00, 0x1F, 0xFF, 0xFF, 0xFE, 0x00, 0x7F, 0xFF, 0xFF, 0xFE, 0x00, 0xFF, 0xFF, 0xFF, 0xFE, 0x01, 0xFF, 0xFF,
    0xFF, 0xFC, 0x03, 0xFF, 0xFF, 0xFF, 0xFC, 0x07, 0xFF, 0xFF, 0xFF, 0xF8, 0x0F, 0xFF, 0xF0, 0x03, 0xF8, 0x1F, 0xFF,
    0xC0, 0x00, 0x70, 0x1F, 0xFF, 0x00, 0x00, 0x00, 0x3F, 0xFE, 0x00, 0x00, 0x00, 0x3F, 0xFC, 0x00, 0x00, 0x00, 0x7F,
    0xFC, 0x00, 0x00, 0x00, 0x7F, 0xF8, 0x00, 0x00, 0x00, 0x7F, 0xF0, 0x00, 0x00, 0x00, 0xFF, 0xF0, 0x00, 0x00, 0x00,
    0xFF, 0xF0, 0x00, 0x00, 0x00, 0xFF, 0xE0, 0x00, 0x00, 0x00, 0xFF, 0xE0, 0x00, 0x00, 0x00, 0xFF, 0xE0, 0x00, 0x00,
    0x00, 0xFF, 0xE0, 0x0F, 0xFF, 0xFF, 0xFF, 0xE0, 0x0F, 0xFF, 0xFF, 0xFF, 0xE0, 0x0F, 0xFF, 0xFF, 0xFF, 0xE0, 0x0F,
    0xFF, 0xFF, 0xFF, 0xE0, 0x0F, 0xFF, 0xFF, 0xFF, 0xE0, 0x0F, 0xFF, 0xFF, 0xFF, 0xE0, 0x0F, 0xFF, 0xFF, 0xFF, 0xE0,
    0x0F, 0xFF, 0xFF, 0xFF, 0xE0, 0x00, 0x07, 0xFF, 0xFF, 0xE0, 0x00, 0x07, 0xFF, 0xFF, 0xF0, 0x00, 0x07, 0xFF, 0x7F,
    0xF0, 0x00, 0x07, 0xFF, 0x7F, 0xF0, 0x00, 0x07, 0xFF, 0x7F, 0xF8, 0x00, 0x07, 0xFF, 0x7F, 0xF8, 0x00, 0x07, 0xFF,
    0x3F, 0xFC, 0x00, 0x07, 0xFF, 0x3F, 0xFE, 0x00, 0x07, 0xFF, 0x1F, 0xFF, 0x00, 0x07, 0xFF, 0x1F, 0xFF, 0xC0, 0x07,
    0xFF, 0x0F, 0xFF, 0xFF, 0xFF, 0xFF, 0x07, 0xFF, 0xFF, 0xFF, 0xFF, 0x03, 0xFF, 0xFF, 0xFF, 0xFF, 0x01, 0xFF, 0xFF,
    0xFF, 0xFF, 0x00, 0xFF, 0xFF, 0xFF, 0xFF, 0x00, 0x7F, 0xFF, 0xFF, 0xFF, 0x00, 0x1F, 0xFF, 0xFF, 0xFC, 0x00, 0x07,
    0xFF, 0xFF, 0xE0, 0x00, 0x00, 0x7F, 0xF8, 0x00, 0xFF, 0xE0, 0x00, 0x0F, 0xFF, 0xFF, 0xC0, 0x00, 0x1F, 0xFF, 0xFF,
    0x80, 0x00, 0x3F, 0xFF, 0xFF, 0x00, 0x00, 0x7F, 0xFF, 0xFE, 0x00, 0x00, 0xFF, 0xFF, 0xFC, 0x00, 0x01, 0xFF, 0xFF,
    0xF8, 0x00, 0x03, 0xFF, 0xFF, 0xF0, 0x00, 0x07, 0xFF, 0xFF, 0xE0, 0x00, 0x0F, 0xFF, 0xFF, 0xC0, 0x00, 0x1F, 0xFF,
    0xFF, 0x80, 0x00, 0x3F, 0xFF, 0xFF, 0x00, 0x00, 0x7F, 0xFF, 0xFE, 0x00, 0x00, 0xFF, 0xFF, 0xFC, 0x00, 0x01, 0xFF,
    0xFF, 0xF8, 0x00, 0x03, 0xFF, 0xFF, 0xF0, 0x00, 0x07, 0xFF, 0xFF, 0xE0, 0x00, 0x0F, 0xFF, 0xFF, 0xC0, 0x00, 0x1F,
    0xFF, 0xFF, 0x80, 0x00, 0x3F, 0xFF, 0xFF, 0xFF, 0xFF, 0xFF, 0xFF, 0xFF, 0xFF, 0xFF, 0xFF, 0xFF, 0xFF, 0xFF, 0xFF,
    0xFF, 0xFF, 0xFF, 0xFF, 0xFF, 0xFF, 0xFF, 0xFF, 0xFF, 0xFF, 0xFF, 0xFF, 0xFF, 0xFF, 0xFF, 0xFF, 0xFF, 0xFF, 0xFF,
    0xFF, 0xFF, 0xFF, 0xFF, 0xFF, 0xFF, 0xFF, 0xFF, 0x00, 0x00, 0x7F, 0xFF, 0xFE, 0x00, 0x00, 0xFF, 0xFF, 0xFC, 0x00,
    0x01, 0xFF, 0xFF, 0xF8, 0x00, 0x03, 0xFF, 0xFF, 0xF0, 0x00, 0x07, 0xFF, 0xFF, 0xE0, 0x00, 0x0F, 0xFF, 0xFF, 0xC0,
    0x00, 0x1F, 0xFF, 0xFF, 0x80, 0x00, 0x3F, 0xFF, 0xFF, 0x00, 0x00, 0x7F, 0xFF, 0xFE, 0x00, 0x00, 0xFF, 0xFF, 0xFC,
    0x00, 0x01, 0xFF, 0xFF, 0xF8, 0x00, 0x03, 0xFF, 0xFF, 0xF0, 0x00, 0x07, 0xFF, 0xFF, 0xE0, 0x00, 0x0F, 0xFF, 0xFF,
    0xC0, 0x00, 0x1F, 0xFF, 0xFF, 0x80, 0x00, 0x3F, 0xFF, 0xFF, 0x00, 0x00, 0x7F, 0xFF, 0xFE, 0x00, 0x00, 0xFF, 0xFF,
    0xFC, 0x00, 0x01, 0xFF, 0xFF, 0xF8, 0x00, 0x03, 0xFF, 0xFF, 0xF0, 0x00, 0x07, 0xFF, 0xFF, 0xFF, 0xFF, 0xFF, 0xFF,
    0xFF, 0xFF, 0xFF, 0xFF, 0xFF, 0xFF, 0xFF, 0xFF, 0xFF, 0xFF, 0xFF, 0xF7, 0xFF, 0xFF, 0x87, 0xFF, 0xF8, 0x07, 0xFF,
    0x80, 0x1F, 0xFC, 0x00, 0x7F, 0xF0, 0x01, 0xFF, 0xC0, 0x07, 0xFF, 0x00, 0x1F, 0xFC, 0x00, 0x7F, 0xF0, 0x01, 0xFF,
    0xC0, 0x07, 0xFF, 0x00, 0x1F, 0xFC, 0x00, 0x7F, 0xF0, 0x01, 0xFF, 0xC0, 0x07, 0xFF, 0x00, 0x1F, 0xFC, 0x00, 0x7F,
    0xF0, 0x01, 0xFF, 0xC0, 0x07, 0xFF, 0x00, 0x1F, 0xFC, 0x00, 0x7F, 0xF0, 0x01, 0xFF, 0xC0, 0x07, 0xFF, 0x00, 0x1F,
    0xFC, 0x00, 0x7F, 0xF0, 0x01, 0xFF, 0xC0, 0x07, 0xFF, 0x00, 0x1F, 0xFC, 0x00, 0x7F, 0xF0, 0x01, 0xFF, 0xC0, 0x07,
    0xFF, 0x00, 0x1F, 0xFC, 0x00, 0x7F, 0xF0, 0x01, 0xFF, 0xE0, 0x1F, 0xFF, 0xE1, 0xFF, 0xFF, 0xEF, 0xFF, 0xFF, 0xFF,
    0xFF, 0xFF, 0xFF, 0xFF, 0xFF, 0xFF, 0xFF, 0xFF, 0xFF, 0xFF, 0xFF, 0xFF, 0xFF, 0x00, 0x1F, 0xFC, 0x00, 0x7F, 0xF0,
    0x01, 0xFF, 0xC0, 0x07, 0xFF, 0x00, 0x1F, 0xFC, 0x00, 0x7F, 0xF0, 0x01, 0xFF, 0xC0, 0x07, 0xFF, 0x00, 0x1F, 0xFC,
    0x00, 0x7F, 0xF0, 0x01, 0xFF, 0xC0, 0x07, 0xFF, 0x00, 0x1F, 0xFC, 0x00, 0x7F, 0xF0, 0x01, 0xFF, 0xC0, 0x07, 0xFF,
    0x00, 0x1F, 0xFC, 0x00, 0x7F, 0xF0, 0x01, 0xFF, 0xC0, 0x07, 0xFF, 0x00, 0x1F, 0xFC, 0x00, 0x7F, 0xF0, 0x01, 0xFF,
    0xC0, 0x07, 0xFF, 0x00, 0x1F, 0xFC, 0x00, 0x7F, 0xF0, 0x01, 0xFF, 0xC0, 0x07, 0xFF, 0x00, 0x1F, 0xFC, 0x00, 0x7F,
    0xF0, 0x01, 0xFF, 0xC0, 0x07, 0xFF, 0x00, 0x1F, 0xFC, 0x00, 0x7F, 0xF0, 0x01, 0xFF, 0xC0, 0x07, 0xFF, 0x00, 0x1F,
    0xFC, 0x00, 0x7F, 0xF0, 0x01, 0xFF, 0xC0, 0x07, 0xFF, 0x00, 0x1F, 0xFC, 0x00, 0x7F, 0xF0, 0x01, 0xFF, 0xC0, 0x07,
    0xFF, 0x00, 0x1F, 0xFC, 0x00, 0x7F, 0xF0, 0x01, 0xFF, 0xC0, 0x0F, 0xFE, 0x00, 0x3F, 0xF8, 0x00, 0xFF, 0xE0, 0x07,
    0xFF, 0x80, 0x1F, 0xFE, 0xE3, 0xFF, 0xF3, 0xFF, 0xFF, 0xCF, 0xFF, 0xFE, 0x3F, 0xFF, 0xF8, 0xFF, 0xFF, 0xC3, 0xFF,
    0xFE, 0x0F, 0xFF, 0xF0, 0x3F, 0xFF, 0x00, 0xFF, 0xF0, 0x00, 0xFF, 0xE0, 0x00, 0x3F, 0xFD, 0xFF, 0xC0, 0x00, 0x7F,
    0xFB, 0xFF, 0x80, 0x01, 0xFF, 0xE7, 0xFF, 0x00, 0x07, 0xFF, 0x8F, 0xFE, 0x00, 0x1F, 0xFE, 0x1F, 0xFC, 0x00, 0x7F,
    0xF8, 0x3F, 0xF8, 0x00, 0xFF, 0xF0, 0x7F, 0xF0, 0x03, 0xFF, 0xC0, 0xFF, 0xE0, 0x0F, 0xFF, 0x01, 0xFF, 0xC0, 0x3F,
    0xFC, 0x03, 0xFF, 0x80, 0xFF, 0xF8, 0x07, 0xFF, 0x01, 0xFF, 0xE0, 0x0F, 0xFE, 0x07, 0xFF, 0x80, 0x1F, 0xFC, 0x1F,
    0xFE, 0x00, 0x3F, 0xF8, 0x7F, 0xF8, 0x00, 0x7F, 0xF1, 0xFF, 0xF0, 0x00, 0xFF, 0xE3, 0xFF, 0xC0, 0x01, 0xFF, 0xCF,
    0xFF, 0x00, 0x03, 0xFF, 0xBF, 0xFC, 0x00, 0x07, 0xFF, 0x7F, 0xF8, 0x00, 0x0F, 0xFF, 0xFF, 0xE0, 0x00, 0x1F, 0xFF,
    0xFF, 0x80, 0x00, 0x3F, 0xFF, 0xFF, 0x80, 0x00, 0x7F, 0xFF, 0xFF, 0x80, 0x00, 0xFF, 0xFF, 0xFF, 0x00, 0x01, 0xFF,
    0xFF, 0xFF, 0x00, 0x03, 0xFF, 0xFF, 0xFE, 0x00, 0x07, 0xFF, 0xFF, 0xFE, 0x00, 0x0F, 0xFF, 0xDF, 0xFE, 0x00, 0x1F,
    0xFF, 0x3F, 0xFC, 0x00, 0x3F, 0xF8, 0x3F, 0xFC, 0x00, 0x7F, 0xF0, 0x7F, 0xFC, 0x00, 0xFF, 0xE0, 0x7F, 0xF8, 0x01,
    0xFF, 0xC0, 0x7F, 0xF8, 0x03, 0xFF, 0x80, 0xFF, 0xF0, 0x07, 0xFF, 0x00, 0xFF, 0xF0, 0x0F, 0xFE, 0x01, 0xFF, 0xF0,
    0x1F, 0xFC, 0x01, 0xFF, 0xE0, 0x3F, 0xF8, 0x01, 0xFF, 0xE0, 0x7F, 0xF0, 0x03, 0xFF, 0xE0, 0xFF, 0xE0, 0x03, 0xFF,
    0xC1, 0xFF, 0xC0, 0x03, 0xFF, 0xC3, 0xFF, 0x80, 0x07, 0xFF, 0x87, 0xFF, 0x00, 0x07, 0xFF, 0x8F, 0xFE, 0x00, 0x0F,
    0xFF, 0x9F, 0xFC, 0x00, 0x0F, 0xFF, 0x3F, 0xF8, 0x00, 0x0F, 0xFF, 0x7F, 0xF0, 0x00, 0x1F, 0xFF, 0xFF, 0xE0, 0x00,
    0x03, 0xFF, 0x80, 0x00, 0x0F, 0xFE, 0x00, 0x00, 0x3F, 0xF8, 0x00, 0x00, 0xFF, 0xE0, 0x00, 0x03, 0xFF, 0x80, 0x00,
    0x0F, 0xFE, 0x00, 0x00, 0x3F, 0xF8, 0x00, 0x00, 0xFF, 0xE0, 0x00, 0x03, 0xFF, 0x80, 0x00, 0x0F, 0xFE, 0x00, 0x00,
    0x3F, 0xF8, 0x00, 0x00, 0xFF, 0xE0, 0x00, 0x03, 0xFF, 0x80, 0x00, 0x0F, 0xFE, 0x00, 0x00, 0x3F, 0xF8, 0x00, 0x00,
    0xFF, 0xE0, 0x00, 0x03, 0xFF, 0x80, 0x00, 0x0F, 0xFE, 0x00, 0x00, 0x3F, 0xF8, 0x00, 0x00, 0xFF, 0xE0, 0x00, 0x03,
    0xFF, 0x80, 0x00, 0x0F, 0xFE, 0x00, 0x00, 0x3F, 0xF8, 0x00, 0x00, 0xFF, 0xE0, 0x00, 0x03, 0xFF, 0x80, 0x00, 0x0F,
    0xFE, 0x00, 0x00, 0x3F, 0xF8, 0x00, 0x00, 0xFF, 0xE0, 0x00, 0x03, 0xFF, 0x80, 0x00, 0x0F, 0xFE, 0x00, 0x00, 0x3F,
    0xF8, 0x00, 0x00, 0xFF, 0xE0, 0x00, 0x03, 0xFF, 0x80, 0x00, 0x0F, 0xFE, 0x00, 0x00, 0x3F, 0xF8, 0x00, 0x00, 0xFF,
    0xE0, 0x00, 0x03, 0xFF, 0x80, 0x00, 0x0F, 0xFE, 0x00, 0x00, 0x3F, 0xF8, 0x00, 0x00, 0xFF, 0xFF, 0xFF, 0xFF, 0xFF,
    0xFF, 0xFF, 0xFF, 0xFF, 0xFF, 0xFF, 0xFF, 0xFF, 0xFF, 0xFF, 0xFF, 0xFF, 0xFF, 0xFF, 0xFF, 0xFF, 0xFF, 0xFF, 0xFF,
    0xFF, 0xFF, 0xFF, 0xFF, 0xFF, 0xFF, 0xFF, 0xFE, 0x00, 0x00, 0x07, 0xFF, 0xFF, 0xFF, 0xC0, 0x00, 0x00, 0xFF, 0xFF,
    0xFF, 0xF8, 0x00, 0x00, 0x3F, 0xFF, 0xFF, 0xFF, 0x00, 0x00, 0x07, 0xFF, 0xFF, 0xFF, 0xF0, 0x00, 0x00, 0xFF, 0xFF,
    0xFF, 0xFE, 0x00, 0x00, 0x3F, 0xFF, 0xFF, 0xFF, 0xC0, 0x00, 0x07, 0xFF, 0xFF, 0xFF, 0xFC, 0x00, 0x00, 0xFF, 0xFF,
    0xFF, 0xFF, 0x80, 0x00, 0x3F, 0xFF, 0xFF, 0xFF, 0xF0, 0x00, 0x07, 0xFF, 0xFF, 0xFF, 0xFF, 0x00, 0x00, 0xFF, 0xFF,
    0xFF, 0xFF, 0xE0, 0x00, 0x3F, 0xFF, 0xFF, 0xFF, 0xFC, 0x00, 0x07, 0xFB, 0xFF, 0xFF, 0x7F, 0xC0, 0x00, 0xFF, 0x7F,
    0xFF, 0xEF, 0xF8, 0x00, 0x3F, 0xEF, 0xFF, 0xFD, 0xFF, 0x00, 0x07, 0xF9, 0xFF, 0xFF, 0xBF, 0xE0, 0x00, 0xFF, 0x3F,
    0xFF, 0xF3, 0xFE, 0x00, 0x3F, 0xE7, 0xFF, 0xFE, 0x7F, 0xC0, 0x07, 0xFC, 0xFF, 0xFF, 0xCF, 0xF8, 0x00, 0xFF, 0x1F,
    0xFF, 0xF8, 0xFF, 0x80, 0x3F, 0xE3, 0xFF, 0xFF, 0x1F, 0xF0, 0x07, 0xFC, 0x7F, 0xFF, 0xE3, 0xFE, 0x00, 0xFF, 0x0F,
    0xFF, 0xFC, 0x3F, 0xE0, 0x3F, 0xE1, 0xFF, 0xFF, 0x87, 0xFC, 0x07, 0xFC, 0x3F, 0xFF, 0xF0, 0xFF, 0x80, 0xFF, 0x07,
    0xFF, 0xFE, 0x1F, 0xF8, 0x3F, 0xE0, 0xFF, 0xFF, 0xC1, 0xFF, 0x07, 0xFC, 0x1F, 0xFF, 0xF8, 0x3F, 0xE0, 0xFF, 0x03,
    0xFF, 0xFF, 0x07, 0xFC, 0x3F, 0xE0, 0x7F, 0xFF, 0xE0, 0x7F, 0xC7, 0xFC, 0x0F, 0xFF, 0xFC, 0x0F, 0xF8, 0xFF, 0x01,
    0xFF, 0xFF, 0x81, 0xFF, 0x3F, 0xE0, 0x3F, 0xFF, 0xF0, 0x1F, 0xF7, 0xFC, 0x07, 0xFF, 0xFE, 0x03, 0xFE, 0xFF, 0x00,
    0xFF, 0xFF, 0xC0, 0x7F, 0xFF, 0xE0, 0x1F, 0xFF, 0xF8, 0x07, 0xFF, 0xFC, 0x03, 0xFF, 0xFF, 0x00, 0xFF, 0xFF, 0x00,
    0x7F, 0xFF, 0xE0, 0x1F, 0xFF, 0xE0, 0x0F, 0xFF, 0xFC, 0x03, 0xFF, 0xFC, 0x01, 0xFF, 0xFF, 0x80, 0x3F, 0xFF, 0x00,
    0x3F, 0xFF, 0xF0, 0x07, 0xFF, 0xE0, 0x07, 0xFF, 0xFE, 0x00, 0xFF, 0xFC, 0x00, 0xFF, 0xFF, 0xC0, 0x0F, 0xFF, 0x80,
    0x1F, 0xFF, 0xF8, 0x01, 0xFF, 0xE0, 0x03, 0xFF, 0xFF, 0x00, 0x3F, 0xFC, 0x00, 0x7F, 0xFF, 0xE0, 0x03, 0xFF, 0x80,
    0x0F, 0xFF, 0xFC, 0x00, 0x7F, 0xE0, 0x01, 0xFF, 0xFF, 0xFC, 0x00, 0x00, 0x7F, 0xFF, 0xFF, 0x00, 0x00, 0x1F, 0xFF,
    0xFF, 0xE0, 0x00, 0x07, 0xFF, 0xFF, 0xF8, 0x00, 0x01, 0xFF, 0xFF, 0xFF, 0x00, 0x00, 0x7F, 0xFF, 0xFF, 0xC0, 0x00,
    0x1F, 0xFF, 0xFF, 0xF8, 0x00, 0x07, 0xFF, 0xFF, 0xFF, 0x00, 0x01, 0xFF, 0xFF, 0xFF, 0xC0, 0x00, 0x7F, 0xFF, 0xFF,
    0xF8, 0x00, 0x1F, 0xFF, 0xFF, 0xFE, 0x00, 0x07, 0xFF, 0xFF, 0xFF, 0xC0, 0x01, 0xFF, 0xFF, 0xFF, 0xF0, 0x00, 0x7F,
    0xFF, 0xEF, 0xFE, 0x00, 0x1F, 0xFF, 0xFB, 0xFF, 0x80, 0x07, 0xFF, 0xFE, 0x7F, 0xF0, 0x01, 0xFF, 0xFF, 0x9F, 0xFE,
    0x00, 0x7F, 0xFF, 0xE3, 0xFF, 0x80, 0x1F, 0xFF, 0xF8, 0xFF, 0xF0, 0x07, 0xFF, 0xFE, 0x1F, 0xFC, 0x01, 0xFF, 0xFF,
    0x87, 0xFF, 0x80, 0x7F, 0xFF, 0xE0, 0xFF, 0xE0, 0x1F, 0xFF, 0xF8, 0x1F, 0xFC, 0x07, 0xFF, 0xFE, 0x07, 0xFF, 0x01,
    0xFF, 0xFF, 0x80, 0xFF, 0xE0, 0x7F, 0xFF, 0xE0, 0x3F, 0xFC, 0x1F, 0xFF, 0xF8, 0x07, 0xFF, 0x07, 0xFF, 0xFE, 0x01,
    0xFF, 0xE1, 0xFF, 0xFF, 0x80, 0x3F, 0xF8, 0x7F, 0xFF, 0xE0, 0x0F, 0xFF, 0x1F, 0xFF, 0xF8, 0x01, 0xFF, 0xC7, 0xFF,
    0xFE, 0x00, 0x3F, 0xF9, 0xFF, 0xFF, 0x80, 0x0F, 0xFE, 0x7F, 0xFF, 0xE0, 0x01, 0xFF, 0xDF, 0xFF, 0xF8, 0x00, 0x7F,
    0xFF, 0xFF, 0xFE, 0x00, 0x0F, 0xFF, 0xFF, 0xFF, 0x80, 0x03, 0xFF, 0xFF, 0xFF, 0xE0, 0x00, 0x7F, 0xFF, 0xFF, 0xF8,
    0x00, 0x1F, 0xFF, 0xFF, 0xFE, 0x00, 0x03, 0xFF, 0xFF, 0xFF, 0x80, 0x00, 0x7F, 0xFF, 0xFF, 0xE0, 0x00, 0x1F, 0xFF,
    0xFF, 0xF8, 0x00, 0x03, 0xFF, 0xFF, 0xFE, 0x00, 0x00, 0xFF, 0xFF, 0xFF, 0x80, 0x00, 0x1F, 0xFF, 0xFF, 0xE0, 0x00,
    0x07, 0xFF, 0xFF, 0xF8, 0x00, 0x00, 0xFF, 0xFF, 0xFE, 0x00, 0x00, 0x3F, 0xFF, 0x00, 0x00, 0x3F, 0xF0, 0x00, 0x00,
    0x00, 0x3F, 0xFF, 0xF8, 0x00, 0x00, 0x07, 0xFF, 0xFF, 0xF0, 0x00, 0x00, 0xFF, 0xFF, 0xFF, 0xE0, 0x00, 0x0F, 0xFF,
    0xFF, 0xFF, 0x80, 0x00, 0xFF, 0xFF, 0xFF, 0xFE, 0x00, 0x0F, 0xFF, 0xFF, 0xFF, 0xF8, 0x00, 0xFF, 0xFF, 0xFF, 0xFF,
    0xE0, 0x0F, 0xFF, 0xFF, 0xFF, 0xFF, 0x80, 0xFF, 0xFE, 0x00, 0xFF, 0xFE, 0x07, 0xFF, 0xC0, 0x01, 0xFF, 0xF0, 0x7F,
    0xFC, 0x00, 0x07, 0xFF, 0xC3, 0xFF, 0xC0, 0x00, 0x1F, 0xFE, 0x3F, 0xFC, 0x00, 0x00, 0x7F, 0xF9, 0xFF, 0xE0, 0x00,
    0x03, 0xFF, 0xCF, 0xFE, 0x00, 0x00, 0x0F, 0xFE, 0x7F, 0xF0, 0x00, 0x00, 0x7F, 0xF7, 0xFF, 0x00, 0x00, 0x01, 0xFF,
    0xFF, 0xF8, 0x00, 0x00, 0x0F, 0xFF, 0xFF, 0xC0, 0x00, 0x00, 0x7F, 0xFF, 0xFE, 0x00, 0x00, 0x03, 0xFF, 0xFF, 0xF0,
    0x00, 0x00, 0x1F, 0xFF, 0xFF, 0x80, 0x00, 0x00, 0xFF, 0xFF, 0xFC, 0x00, 0x00, 0x07, 0xFF, 0xFF, 0xE0, 0x00, 0x00,
    0x3F, 0xFF, 0xFF, 0x00, 0x00, 0x01, 0xFF, 0xFF, 0xF8, 0x00, 0x00, 0x0F, 0xFF, 0xFF, 0xC0, 0x00, 0x00, 0x7F, 0xFF,
    0xFE, 0x00, 0x00, 0x03, 0xFF, 0xFF, 0xF0, 0x00, 0x00, 0x1F, 0xFF, 0xFF, 0x80, 0x00, 0x00, 0xFF, 0xFF, 0xFC, 0x00,
    0x00, 0x07, 0xFF, 0xFF, 0xF0, 0x00, 0x00, 0x7F, 0xFB, 0xFF, 0x80, 0x00, 0x03, 0xFF, 0x9F, 0xFE, 0x00, 0x00, 0x1F,
    0xFC, 0xFF, 0xF0, 0x00, 0x01, 0xFF, 0xE7, 0xFF, 0xC0, 0x00, 0x1F, 0xFF, 0x1F, 0xFF, 0x00, 0x01, 0xFF, 0xF0, 0xFF,
    0xFC, 0x00, 0x1F, 0xFF, 0x83, 0xFF, 0xF8, 0x03, 0xFF, 0xF8, 0x1F, 0xFF, 0xFF, 0xFF, 0xFF, 0xC0, 0x7F, 0xFF, 0xFF,
    0xFF, 0xFC, 0x01, 0xFF, 0xFF, 0xFF, 0xFF, 0xC0, 0x07, 0xFF, 0xFF, 0xFF, 0xFC, 0x00, 0x1F, 0xFF, 0xFF, 0xFF, 0xC0,
    0x00, 0x7F, 0xFF, 0xFF, 0xFC, 0x00, 0x01, 0xFF, 0xFF, 0xFF, 0xC0, 0x00, 0x03, 0xFF, 0xFF, 0xF8, 0x00, 0x00, 0x07,
    0xFF, 0xFF, 0x00, 0x00, 0x00, 0x03, 0xFF, 0x80, 0x00, 0x00, 0xFF, 0xFF, 0xFE, 0x00, 0x7F, 0xFF, 0xFF, 0xE0, 0x3F,
    0xFF, 0xFF, 0xF8, 0x1F, 0xFF, 0xFF, 0xFF, 0x0F, 0xFF, 0xFF, 0xFF, 0xC7, 0xFF, 0xFF, 0xFF, 0xF3, 0xFF, 0xFF, 0xFF,
    0xF9, 0xFF, 0xFF, 0xFF, 0xFE, 0xFF, 0xE0, 0x7F, 0xFF, 0x7F, 0xF0, 0x07, 0xFF, 0xFF, 0xF8, 0x01, 0xFF, 0xFF, 0xFC,
    0x00, 0x7F, 0xFF, 0xFE, 0x00, 0x3F, 0xFF, 0xFF, 0x00, 0x1F, 0xFF, 0xFF, 0x80, 0x0F, 0xFF, 0xFF, 0xC0, 0x07, 0xFF,
    0xFF, 0xE0, 0x03, 0xFF, 0xFF, 0xF0, 0x01, 0xFF, 0xFF, 0xF8, 0x00, 0xFF, 0xFF, 0xFC, 0x00, 0xFF, 0xFF, 0xFE, 0x00,
    0x7F, 0xFF, 0xFF, 0x00, 0xFF, 0xFB, 0xFF, 0x83, 0xFF, 0xFD, 0xFF, 0xFF, 0xFF, 0xFC, 0xFF, 0xFF, 0xFF, 0xFE, 0x7F,
    0xFF, 0xFF, 0xFE, 0x3F, 0xFF, 0xFF, 0xFE, 0x1F, 0xFF, 0xFF, 0xFE, 0x0F, 0xFF, 0xFF, 0xFE, 0x07, 0xFF, 0xFF, 0xFC,
    0x03, 0xFF, 0xFF, 0xF0, 0x01, 0xFF, 0xC0, 0x00, 0x00, 0xFF, 0xE0, 0x00, 0x00, 0x7F, 0xF0, 0x00, 0x00, 0x3F, 0xF8,
    0x00, 0x00, 0x1F, 0xFC, 0x00, 0x00, 0x0F, 0xFE, 0x00, 0x00, 0x07, 0xFF, 0x00, 0x00, 0x03, 0xFF, 0x80, 0x00, 0x01,
    0xFF, 0xC0, 0x00, 0x00, 0xFF, 0xE0, 0x00, 0x00, 0x7F, 0xF0, 0x00, 0x00, 0x3F, 0xF8, 0x00, 0x00, 0x1F, 0xFC, 0x00,
    0x00, 0x0F, 0xFE, 0x00, 0x00, 0x07, 0xFF, 0x00, 0x00, 0x03, 0xFF, 0x80, 0x00, 0x01, 0xFF, 0xC0, 0x00, 0x00, 0x00,
    0x00, 0x3F, 0xF0, 0x00, 0x00, 0x00, 0x3F, 0xFF, 0xF8, 0x00, 0x00, 0x07, 0xFF, 0xFF, 0xF0, 0x00, 0x00, 0xFF, 0xFF,
    0xFF, 0xE0, 0x00, 0x0F, 0xFF, 0xFF, 0xFF, 0x80, 0x00, 0xFF, 0xFF, 0xFF, 0xFE, 0x00, 0x0F, 0xFF, 0xFF, 0xFF, 0xF8,
    0x00, 0xFF, 0xFF, 0xFF, 0xFF, 0xE0, 0x0F, 0xFF, 0xFF, 0xFF, 0xFF, 0x80, 0xFF, 0xFE, 0x00, 0xFF, 0xFE, 0x07, 0xFF,
    0xC0, 0x01, 0xFF, 0xF0, 0x7F, 0xFC, 0x00, 0x07, 0xFF, 0xC3, 0xFF, 0xC0, 0x00, 0x1F, 0xFE, 0x3F, 0xFC, 0x00, 0x00,
    0x7F, 0xF9, 0xFF, 0xE0, 0x00, 0x03, 0xFF, 0xCF, 0xFE, 0x00, 0x00, 0x0F, 0xFE, 0x7F, 0xF0, 0x00, 0x00, 0x7F, 0xF7,
    0xFF, 0x00, 0x00, 0x01, 0xFF, 0xFF, 0xF8, 0x00, 0x00, 0x0F, 0xFF, 0xFF, 0xC0, 0x00, 0x00, 0x7F, 0xFF, 0xFE, 0x00,
    0x00, 0x03, 0xFF, 0xFF, 0xF0, 0x00, 0x00, 0x1F, 0xFF, 0xFF, 0x80, 0x00, 0x00, 0xFF, 0xFF, 0xFC, 0x00, 0x00, 0x07,
    0xFF, 0xFF, 0xE0, 0x00, 0x00, 0x3F, 0xFF, 0xFF, 0x00, 0x00, 0x01, 0xFF, 0xFF, 0xF8, 0x00, 0x00, 0x0F, 0xFF, 0xFF,
    0xC0, 0x00, 0x00, 0x7F, 0xFF, 0xFE, 0x00, 0x00, 0x03, 0xFF, 0xFF, 0xF0, 0x00, 0x00, 0x1F, 0xFF, 0xFF, 0x80, 0x00,
    0x00, 0xFF, 0xFF, 0xFC, 0x00, 0x00, 0x07, 0xFF, 0xFF, 0xF0, 0x00, 0x00, 0x7F, 0xFB, 0xFF, 0x80, 0x00, 0x03, 0xFF,
    0x9F, 0xFE, 0x00, 0x00, 0x1F, 0xFC, 0xFF, 0xF0, 0x00, 0x01, 0xFF, 0xE7, 0xFF, 0xC0, 0x00, 0x1F, 0xFF, 0x1F, 0xFF,
    0x00, 0x01, 0xFF, 0xF0, 0xFF, 0xFC, 0x00, 0x1F, 0xFF, 0x83, 0xFF, 0xF8, 0x03, 0xFF, 0xF8, 0x1F, 0xFF, 0xFF, 0xFF,
    0xFF, 0xC0, 0x7F, 0xFF, 0xFF, 0xFF, 0xFC, 0x01, 0xFF, 0xFF, 0xFF, 0xFF, 0xC0, 0x07, 0xFF, 0xFF, 0xFF, 0xFE, 0x00,
    0x1F, 0xFF, 0xFF, 0xFF, 0xE0, 0x00, 0x7F, 0xFF, 0xFF, 0xFC, 0x00, 0x01, 0xFF, 0xFF, 0xFF, 0xC0, 0x00, 0x03, 0xFF,
    0xFF, 0xFC, 0x00, 0x00, 0x07, 0xFF, 0xFF, 0xE0, 0x00, 0x00, 0x01, 0xFF, 0xFF, 0x80, 0x00, 0x00, 0x00, 0x3F, 0xFE,
    0x00, 0x00, 0x00, 0x00, 0xFF, 0xF8, 0x00, 0x00, 0x00, 0x07, 0xFF, 0xE0, 0x00, 0x00, 0x00, 0x1F, 0xFF, 0x80, 0x00,
    0x00, 0x00, 0x7F, 0xFE, 0x00, 0x00, 0x00, 0x01, 0xFF, 0xF0, 0x00, 0x00, 0x00, 0x07, 0xFF, 0xC0, 0x00, 0x00, 0x00,
    0x1F, 0xFF, 0x00, 0x00, 0x00, 0x00, 0xFF, 0xFC, 0x00, 0x00, 0x00, 0x03, 0xFF, 0xF0, 0xFF, 0xFF, 0xFE, 0x00, 0x01,
    0xFF, 0xFF, 0xFF, 0x80, 0x03, 0xFF, 0xFF, 0xFF, 0xC0, 0x07, 0xFF, 0xFF, 0xFF, 0xC0, 0x0F, 0xFF, 0xFF, 0xFF, 0xC0,
    0x1F, 0xFF, 0xFF, 0xFF, 0xC0, 0x3F, 0xFF, 0xFF, 0xFF, 0xC0, 0x7F, 0xFF, 0xFF, 0xFF, 0x80, 0xFF, 0xE0, 0x3F, 0xFF,
    0x81, 0xFF, 0xC0, 0x1F, 0xFF, 0x03, 0xFF, 0x80, 0x1F, 0xFE, 0x07, 0xFF, 0x00, 0x1F, 0xFC, 0x0F, 0xFE, 0x00, 0x3F,
    0xFC, 0x1F, 0xFC, 0x00, 0x3F, 0xF8, 0x3F, 0xF8, 0x00, 0x7F, 0xF0, 0x7F, 0xF0, 0x00, 0xFF, 0xE0, 0xFF, 0xE0, 0x03,
    0xFF, 0x81, 0xFF, 0xC0, 0x07, 0xFF, 0x03, 0xFF, 0x80, 0x0F, 0xFE, 0x07, 0xFF, 0x00, 0x3F, 0xFC, 0x0F, 0xFE, 0x00,
    0xFF, 0xF0, 0x1F, 0xFC, 0x1F, 0xFF, 0xE0, 0x3F, 0xFF, 0xFF, 0xFF, 0x80, 0x7F, 0xFF, 0xFF, 0xFE, 0x00, 0xFF, 0xFF,
    0xFF, 0xF8, 0x01, 0xFF, 0xFF, 0xFF, 0xE0, 0x03, 0xFF, 0xFF, 0xFF, 0x00, 0x07, 0xFF, 0xFF, 0xFC, 0x00, 0x0F, 0xFF,
    0xFF, 0xFC, 0x00, 0x1F, 0xFF, 0xFF, 0xFC, 0x00, 0x3F, 0xF8, 0x3F, 0xF8, 0x00, 0x7F, 0xF0, 0x3F, 0xF8, 0x00, 0xFF,
    0xE0, 0x7F, 0xF8, 0x01, 0xFF, 0xC0, 0x7F, 0xF0, 0x03, 0xFF, 0x80, 0xFF, 0xF0, 0x07, 0xFF, 0x00, 0xFF, 0xF0, 0x0F,
    0xFE, 0x00, 0xFF, 0xE0, 0x1F, 0xFC, 0x01, 0xFF, 0xE0, 0x3F, 0xF8, 0x01, 0xFF, 0xE0, 0x7F, 0xF0, 0x03, 0xFF, 0xC0,
    0xFF, 0xE0, 0x03, 0xFF, 0xC1, 0xFF, 0xC0, 0x07, 0xFF, 0x83, 0xFF, 0x80, 0x07, 0xFF, 0x87, 0xFF, 0x00, 0x07, 0xFF,
    0x8F, 0xFE, 0x00, 0x0F, 0xFF, 0x1F, 0xFC, 0x00, 0x0F, 0xFF, 0x3F, 0xF8, 0x00, 0x1F, 0xFF, 0x7F, 0xF0, 0x00, 0x1F,
    0xFE, 0x00, 0x07, 0xFC, 0x00, 0x00, 0x3F, 0xFF, 0xF0, 0x00, 0x7F, 0xFF, 0xFF, 0x00, 0x7F, 0xFF, 0xFF, 0xE0, 0xFF,
    0xFF, 0xFF, 0xF0, 0x7F, 0xFF, 0xFF, 0xF8, 0x7F, 0xFF, 0xFF, 0xF8, 0x7F, 0xFF, 0xFF, 0xFC, 0x3F, 0xFF, 0xFF, 0xFC,
    0x3F, 0xFE, 0x01, 0xFE, 0x1F, 0xFE, 0x00, 0x1E, 0x0F, 0xFE, 0x00, 0x01, 0x07, 0xFF, 0x00, 0x00, 0x03, 0xFF, 0x80,
    0x00, 0x01, 0xFF, 0xC0, 0x00, 0x00, 0xFF, 0xE0, 0x00, 0x00, 0x7F, 0xF8, 0x00, 0x00, 0x3F, 0xFE, 0x00, 0x00, 0x1F,
    0xFF, 0xC0, 0x00, 0x07, 0xFF, 0xF8, 0x00, 0x03, 0xFF, 0xFF, 0x00, 0x00, 0xFF, 0xFF, 0xE0, 0x00, 0x7F, 0xFF, 0xFC,
    0x00, 0x1F, 0xFF, 0xFF, 0x80, 0x07, 0xFF, 0xFF, 0xE0, 0x00, 0xFF, 0xFF, 0xF8, 0x00, 0x3F, 0xFF, 0xFE, 0x00, 0x07,
    0xFF, 0xFF, 0x80, 0x00, 0xFF, 0xFF, 0xE0, 0x00, 0x1F, 0xFF, 0xF0, 0x00, 0x03, 0xFF, 0xFC, 0x00, 0x00, 0x7F, 0xFE,
    0x00, 0x00, 0x1F, 0xFF, 0x00, 0x00, 0x07, 0xFF, 0xC0, 0x00, 0x01, 0xFF, 0xE0, 0x00, 0x00, 0x7F, 0xF0, 0x00, 0x00,
    0x3F, 0xFC, 0x00, 0x00, 0x3F, 0xFF, 0xC0, 0x00, 0x1F, 0xFD, 0xFC, 0x00, 0x1F, 0xFE, 0xFF, 0xC0, 0x1F, 0xFF, 0x7F,
    0xFF, 0xFF, 0xFF, 0x3F, 0xFF, 0xFF, 0xFF, 0x9F, 0xFF, 0xFF, 0xFF, 0x8F, 0xFF, 0xFF, 0xFF, 0x87, 0xFF, 0xFF, 0xFF,
    0x83, 0xFF, 0xFF, 0xFF, 0x80, 0xFF, 0xFF, 0xFF, 0x00, 0x0F, 0xFF, 0xFE, 0x00, 0x00, 0x3F, 0xF0, 0x00, 0x00, 0xFF,
    0xFF, 0xFF, 0xFF, 0xFF, 0xFF, 0xFF, 0xFF, 0xFF, 0xFF, 0xFF, 0xFF, 0xFF, 0xFF, 0xFF, 0xFF, 0xFF, 0xFF, 0xFF, 0xFF,
    0xFF, 0xFF, 0xFF, 0xFF, 0xFF, 0xFF, 0xFF, 0xFF, 0xFF, 0xFF, 0xFF, 0xFF, 0xFF, 0xFF, 0xFF, 0xFF, 0x00, 0x0F, 0xFE,
    0x00, 0x00, 0x00, 0xFF, 0xE0, 0x00, 0x00, 0x0F, 0xFE, 0x00, 0x00, 0x00, 0xFF, 0xE0, 0x00, 0x00, 0x0F, 0xFE, 0x00,
    0x00, 0x00, 0xFF, 0xE0, 0x00, 0x00, 0x0F, 0xFE, 0x00, 0x00, 0x00, 0xFF, 0xE0, 0x00, 0x00, 0x0F, 0xFE, 0x00, 0x00,
    0x00, 0xFF, 0xE0, 0x00, 0x00, 0x0F, 0xFE, 0x00, 0x00, 0x00, 0xFF, 0xE0, 0x00, 0x00, 0x0F, 0xFE, 0x00, 0x00, 0x00,
    0xFF, 0xE0, 0x00, 0x00, 0x0F, 0xFE, 0x00, 0x00, 0x00, 0xFF, 0xE0, 0x00, 0x00, 0x0F, 0xFE, 0x00, 0x00, 0x00, 0xFF,
    0xE0, 0x00, 0x00, 0x0F, 0xFE, 0x00, 0x00, 0x00, 0xFF, 0xE0, 0x00, 0x00, 0x0F, 0xFE, 0x00, 0x00, 0x00, 0xFF, 0xE0,
    0x00, 0x00, 0x0F, 0xFE, 0x00, 0x00, 0x00, 0xFF, 0xE0, 0x00, 0x00, 0x0F, 0xFE, 0x00, 0x00, 0x00, 0xFF, 0xE0, 0x00,
    0x00, 0x0F, 0xFE, 0x00, 0x00, 0x00, 0xFF, 0xE0, 0x00, 0x00, 0x0F, 0xFE, 0x00, 0x00, 0x00, 0xFF, 0xE0, 0x00, 0x00,
    0x0F, 0xFE, 0x00, 0x00, 0x00, 0xFF, 0xE0, 0x00, 0x00, 0x0F, 0xFE, 0x00, 0x00, 0x00, 0xFF, 0xE0, 0x00, 0x00, 0x0F,
    0xFE, 0x00, 0x00, 0x00, 0xFF, 0xE0, 0x00, 0x00, 0x0F, 0xFE, 0x00, 0x00, 0x00, 0xFF, 0xE0, 0x00, 0x00, 0x0F, 0xFE,
    0x00, 0x00, 0x00, 0xFF, 0xE0, 0x00, 0xFF, 0xE0, 0x00, 0x07, 0xFF, 0xFF, 0xE0, 0x00, 0x07, 0xFF, 0xFF, 0xE0, 0x00,
    0x07, 0xFF, 0xFF, 0xE0, 0x00, 0x07, 0xFF, 0xFF, 0xE0, 0x00, 0x07, 0xFF, 0xFF, 0xE0, 0x00, 0x07, 0xFF, 0xFF, 0xE0,
    0x00, 0x07, 0xFF, 0xFF, 0xE0, 0x00, 0x07, 0xFF, 0xFF, 0xE0, 0x00, 0x07, 0xFF, 0xFF, 0xE0, 0x00, 0x07, 0xFF, 0xFF,
    0xE0, 0x00, 0x07, 0xFF, 0xFF, 0xE0, 0x00, 0x07, 0xFF, 0xFF, 0xE0, 0x00, 0x07, 0xFF, 0xFF, 0xE0, 0x00, 0x07, 0xFF,
    0xFF, 0xE0, 0x00, 0x07, 0xFF, 0xFF, 0xE0, 0x00, 0x07, 0xFF, 0xFF, 0xE0, 0x00, 0x07, 0xFF, 0xFF, 0xE0, 0x00, 0x07,
    0xFF, 0xFF, 0xE0, 0x00, 0x07, 0xFF, 0xFF, 0xE0, 0x00, 0x07, 0xFF, 0xFF, 0xE0, 0x00, 0x07, 0xFF, 0xFF, 0xE0, 0x00,
    0x07, 0xFF, 0xFF, 0xE0, 0x00, 0x07, 0xFF, 0xFF, 0xE0, 0x00, 0x07, 0xFF, 0xFF, 0xE0, 0x00, 0x07, 0xFF, 0xFF, 0xE0,
    0x00, 0x07, 0xFF, 0xFF, 0xE0, 0x00, 0x07, 0xFF, 0xFF, 0xE0, 0x00, 0x07, 0xFF, 0xFF, 0xE0, 0x00, 0x07, 0xFF, 0xFF,
    0xE0, 0x00, 0x07, 0xFF, 0xFF, 0xE0, 0x00, 0x07, 0xFF, 0xFF, 0xE0, 0x00, 0x07, 0xFF, 0xFF, 0xE0, 0x00, 0x0F, 0xFF,
    0xFF, 0xE0, 0x00, 0x0F, 0xFE, 0xFF, 0xE0, 0x00, 0x0F, 0xFE, 0xFF, 0xE0, 0x00, 0x0F, 0xFE, 0xFF, 0xF0, 0x00, 0x1F,
    0xFE, 0x7F, 0xF8, 0x00, 0x1F, 0xFE, 0x7F, 0xFC, 0x00, 0x3F, 0xFC, 0x3F, 0xFF, 0x00, 0xFF, 0xFC, 0x3F, 0xFF, 0xFF,
    0xFF, 0xF8, 0x1F, 0xFF, 0xFF, 0xFF, 0xF8, 0x1F, 0xFF, 0xFF, 0xFF, 0xF0, 0x0F, 0xFF, 0xFF, 0xFF, 0xE0, 0x07, 0xFF,
    0xFF, 0xFF, 0xC0, 0x01, 0xFF, 0xFF, 0xFF, 0x00, 0x00, 0xFF, 0xFF, 0xFE, 0x00, 0x00, 0x1F, 0xFF, 0xF0, 0x00, 0x00,
    0x03, 0xFF, 0x00, 0x00, 0xFF, 0xE0, 0x00, 0x00, 0x7F, 0xFF, 0xFE, 0x00, 0x00, 0x0F, 0xFE, 0xFF, 0xE0, 0x00, 0x00,
    0xFF, 0xE7, 0xFF, 0x00, 0x00, 0x0F, 0xFE, 0x7F, 0xF0, 0x00, 0x01, 0xFF, 0xC7, 0xFF, 0x00, 0x00, 0x1F, 0xFC, 0x3F,
    0xF8, 0x00, 0x01, 0xFF, 0xC3, 0xFF, 0x80, 0x00, 0x3F, 0xF8, 0x3F, 0xF8, 0x00, 0x03, 0xFF, 0x81, 0xFF, 0xC0, 0x00,
    0x3F, 0xF8, 0x1F, 0xFC, 0x00, 0x07, 0xFF, 0x01, 0xFF, 0xC0, 0x00, 0x7F, 0xF0, 0x0F, 0xFC, 0x00, 0x07, 0xFF, 0x00,
    0xFF, 0xE0, 0x00, 0x7F, 0xE0, 0x0F, 0xFE, 0x00, 0x0F, 0xFE, 0x00, 0x7F, 0xE0, 0x00, 0xFF, 0xC0, 0x07, 0xFF, 0x00,
    0x0F, 0xFC, 0x00, 0x3F, 0xF0, 0x01, 0xFF, 0xC0, 0x03, 0xFF, 0x00, 0x1F, 0xF8, 0x00, 0x3F, 0xF8, 0x01, 0xFF, 0x80,
    0x01, 0xFF, 0x80, 0x3F, 0xF8, 0x00, 0x1F, 0xF8, 0x03, 0xFF, 0x00, 0x01, 0xFF, 0xC0, 0x3F, 0xF0, 0x00, 0x0F, 0xFC,
    0x07, 0xFF, 0x00, 0x00, 0xFF, 0xC0, 0x7F, 0xE0, 0x00, 0x0F, 0xFE, 0x07, 0xFE, 0x00, 0x00, 0x7F, 0xE0, 0xFF, 0xE0,
    0x00, 0x07, 0xFE, 0x0F, 0xFC, 0x00, 0x00, 0x7F, 0xE0, 0xFF, 0xC0, 0x00, 0x03, 0xFF, 0x0F, 0xFC, 0x00, 0x00, 0x3F,
    0xF1, 0xFF, 0x80, 0x00, 0x03, 0xFF, 0x1F, 0xF8, 0x00, 0x00, 0x1F, 0xF9, 0xFF, 0x80, 0x00, 0x01, 0xFF, 0xBF, 0xF0,
    0x00, 0x00, 0x1F, 0xFB, 0xFF, 0x00, 0x00, 0x00, 0xFF, 0xBF, 0xF0, 0x00, 0x00, 0x0F, 0xFF, 0xFE, 0x00, 0x00, 0x00,
    0xFF, 0xFF, 0xE0, 0x00, 0x00, 0x07, 0xFF, 0xFE, 0x00, 0x00, 0x00, 0x7F, 0xFF, 0xC0, 0x00, 0x00, 0x07, 0xFF, 0xFC,
    0x00, 0x00, 0x00, 0x3F, 0xFF, 0xC0, 0x00, 0x00, 0x03, 0xFF, 0xF8, 0x00, 0x00, 0x00, 0x3F, 0xFF, 0x80, 0x00, 0x00,
    0x01, 0xFF, 0xF8, 0x00, 0x00, 0x00, 0x1F, 0xFF, 0x00, 0x00, 0x00, 0x01, 0xFF, 0xF0, 0x00, 0x00, 0x00, 0x0F, 0xFF,
    0x00, 0x00, 0xFF, 0xC0, 0x00, 0x1F, 0xFC, 0x00, 0x03, 0xFF, 0xFF, 0xF0, 0x00, 0x0F, 0xFE, 0x00, 0x01, 0xFF, 0xBF,
    0xF8, 0x00, 0x0F, 0xFF, 0x00, 0x00, 0xFF, 0xCF, 0xFC, 0x00, 0x07, 0xFF, 0x80, 0x00, 0xFF, 0xE7, 0xFE, 0x00, 0x03,
    0xFF, 0xE0, 0x00, 0x7F, 0xF3, 0xFF, 0x80, 0x01, 0xFF, 0xF0, 0x00, 0x3F, 0xF1, 0xFF, 0xC0, 0x01, 0xFF, 0xF8, 0x00,
    0x1F, 0xF8, 0x7F, 0xE0, 0x00, 0xFF, 0xFC, 0x00, 0x1F, 0xFC, 0x3F, 0xF0, 0x00, 0x7F, 0xFF, 0x00, 0x0F, 0xFE, 0x1F,
    0xFC, 0x00, 0x3F, 0xFF, 0x80, 0x07, 0xFE, 0x0F, 0xFE, 0x00, 0x3F, 0xFF, 0xC0, 0x03, 0xFF, 0x03, 0xFF, 0x00, 0x1F,
    0xFF, 0xE0, 0x03, 0xFF, 0x81, 0xFF, 0x80, 0x0F, 0xFF, 0xF8, 0x01, 0xFF, 0xC0, 0xFF, 0xC0, 0x07, 0xFF, 0xFC, 0x00,
    0xFF, 0xC0, 0x7F, 0xF0, 0x07, 0xFF, 0xFE, 0x00, 0x7F, 0xE0, 0x1F, 0xF8, 0x03, 0xFF, 0xFF, 0x00, 0x3F, 0xF0, 0x0F,
    0xFC, 0x01, 0xFF, 0x7F, 0xC0, 0x3F, 0xF8, 0x07, 0xFE, 0x00, 0xFF, 0xBF, 0xE0, 0x1F, 0xF8, 0x03, 0xFF, 0x80, 0xFF,
    0x9F, 0xF0, 0x0F, 0xFC, 0x00, 0xFF, 0xC0, 0x7F, 0xCF, 0xF8, 0x07, 0xFE, 0x00, 0x7F, 0xE0, 0x3F, 0xE3, 0xFE, 0x07,
    0xFF, 0x00, 0x3F, 0xF0, 0x1F, 0xF1, 0xFF, 0x03, 0xFF, 0x00, 0x1F, 0xFC, 0x1F, 0xF0, 0xFF, 0x81, 0xFF, 0x80, 0x07,
    0xFE, 0x0F, 0xF8, 0x7F, 0xC0, 0xFF, 0xC0, 0x03, 0xFF, 0x07, 0xFC, 0x3F, 0xF0, 0xFF, 0xE0, 0x01, 0xFF, 0x83, 0xFE,
    0x0F, 0xF8, 0x7F, 0xE0, 0x00, 0xFF, 0xC3, 0xFE, 0x07, 0xFC, 0x3F, 0xF0, 0x00, 0x3F, 0xF1, 0xFF, 0x03, 0xFE, 0x1F,
    0xF8, 0x00, 0x1F, 0xF8, 0xFF, 0x81, 0xFF, 0x8F, 0xFC, 0x00, 0x0F, 0xFC, 0x7F, 0xC0, 0x7F, 0xCF, 0xFC, 0x00, 0x07,
    0xFE, 0x7F, 0xC0, 0x3F, 0xE7, 0xFE, 0x00, 0x01, 0xFF, 0x3F, 0xE0, 0x1F, 0xF3, 0xFF, 0x00, 0x00, 0xFF, 0xDF, 0xF0,
    0x07, 0xF9, 0xFF, 0x80, 0x00, 0x7F, 0xEF, 0xF8, 0x03, 0xFE, 0xFF, 0x80, 0x00, 0x3F, 0xF7, 0xF8, 0x01, 0xFF, 0xFF,
    0xC0, 0x00, 0x0F, 0xFF, 0xFC, 0x00, 0xFF, 0xFF, 0xE0, 0x00, 0x07, 0xFF, 0xFE, 0x00, 0x3F, 0xFF, 0xF0, 0x00, 0x03,
    0xFF, 0xFF, 0x00, 0x1F, 0xFF, 0xF0, 0x00, 0x01, 0xFF, 0xFF, 0x00, 0x0F, 0xFF, 0xF8, 0x00, 0x00, 0x7F, 0xFF, 0x80,
    0x07, 0xFF, 0xFC, 0x00, 0x00, 0x3F, 0xFF, 0xC0, 0x01, 0xFF, 0xFE, 0x00, 0x00, 0x1F, 0xFF, 0xE0, 0x00, 0xFF, 0xFE,
    0x00, 0x00, 0x0F, 0xFF, 0xE0, 0x00, 0x7F, 0xFF, 0x00, 0x00, 0x03, 0xFF, 0xF0, 0x00, 0x3F, 0xFF, 0x80, 0x00, 0x01,
    0xFF, 0xF8, 0x00, 0x0F, 0xFF, 0xC0, 0x00, 0x00, 0xFF, 0xFC, 0x00, 0x07, 0xFF, 0xC0, 0x00, 0x00, 0x7F, 0xFC, 0x00,
    0x03, 0xFF, 0xE0, 0x00, 0x00, 0x1F, 0xFE, 0x00, 0x01, 0xFF, 0xF0, 0x00, 0x7F, 0xF8, 0x00, 0x01, 0xFF, 0xE1, 0xFF,
    0xE0, 0x00, 0x0F, 0xFF, 0x0F, 0xFF, 0x00, 0x00, 0xFF, 0xF0, 0x3F, 0xFC, 0x00, 0x0F, 0xFF, 0x00, 0xFF, 0xF0, 0x00,
    0x7F, 0xF8, 0x07, 0xFF, 0x80, 0x07, 0xFF, 0x80, 0x1F, 0xFE, 0x00, 0x3F, 0xFC, 0x00, 0x7F, 0xF0, 0x03, 0xFF, 0xC0,
    0x03, 0xFF, 0xC0, 0x3F, 0xFC, 0x00, 0x0F, 0xFF, 0x01, 0xFF, 0xE0, 0x00, 0x7F, 0xF8, 0x1F, 0xFE, 0x00, 0x01, 0xFF,
    0xE0, 0xFF, 0xE0, 0x00, 0x07, 0xFF, 0x0F, 0xFF, 0x00, 0x00, 0x3F, 0xFC, 0x7F, 0xF0, 0x00, 0x00, 0xFF, 0xF7, 0xFF,
    0x80, 0x00, 0x03, 0xFF, 0xFF, 0xF8, 0x00, 0x00, 0x1F, 0xFF, 0xFF, 0x80, 0x00, 0x00, 0x7F, 0xFF, 0xFC, 0x00, 0x00,
    0x01, 0xFF, 0xFF, 0xC0, 0x00, 0x00, 0x0F, 0xFF, 0xFC, 0x00, 0x00, 0x00, 0x3F, 0xFF, 0xE0, 0x00, 0x00, 0x01, 0xFF,
    0xFE, 0x00, 0x00, 0x00, 0x07, 0xFF, 0xF0, 0x00, 0x00, 0x00, 0x3F, 0xFF, 0x00, 0x00, 0x00, 0x01, 0xFF, 0xF8, 0x00,
    0x00, 0x00, 0x1F, 0xFF, 0xE0, 0x00, 0x00, 0x00, 0xFF, 0xFF, 0x80, 0x00, 0x00, 0x0F, 0xFF, 0xFC, 0x00, 0x00, 0x00,
    0xFF, 0xFF, 0xF0, 0x00, 0x00, 0x07, 0xFF, 0xFF, 0xC0, 0x00, 0x00, 0x7F, 0xFF, 0xFE, 0x00, 0x00, 0x07, 0xFF, 0xFF,
    0xF8, 0x00, 0x00, 0x3F, 0xF9, 0xFF, 0xE0, 0x00, 0x03, 0xFF, 0xCF, 0xFF, 0x00, 0x00, 0x3F, 0xFC, 0x3F, 0xFC, 0x00,
    0x01, 0xFF, 0xE0, 0xFF, 0xF0, 0x00, 0x1F, 0xFE, 0x07, 0xFF, 0x80, 0x01, 0xFF, 0xE0, 0x1F, 0xFE, 0x00, 0x0F, 0xFF,
    0x00, 0xFF, 0xF8, 0x00, 0xFF, 0xF0, 0x03, 0xFF, 0xC0, 0x07, 0xFF, 0x80, 0x0F, 0xFF, 0x00, 0x7F, 0xF8, 0x00, 0x7F,
    0xFC, 0x07, 0xFF, 0x80, 0x01, 0xFF, 0xE0, 0x3F, 0xFC, 0x00, 0x07, 0xFF, 0x83, 0xFF, 0xC0, 0x00, 0x3F, 0xFE, 0x3F,
    0xFC, 0x00, 0x00, 0xFF, 0xF1, 0xFF, 0xE0, 0x00, 0x07, 0xFF, 0xDF, 0xFE, 0x00, 0x00, 0x1F, 0xFF, 0xFF, 0xF0, 0x00,
    0x03, 0xFF, 0xDF, 0xFC, 0x00, 0x00, 0xFF, 0xF7, 0xFF, 0x80, 0x00, 0x7F, 0xF8, 0xFF, 0xE0, 0x00, 0x1F, 0xFE, 0x3F,
    0xFC, 0x00, 0x0F, 0xFF, 0x07, 0xFF, 0x00, 0x03, 0xFF, 0x81, 0xFF, 0xE0, 0x01, 0xFF, 0xE0, 0x3F, 0xF8, 0x00, 0x7F,
    0xF0, 0x0F, 0xFF, 0x00, 0x3F, 0xFC, 0x01, 0xFF, 0xC0, 0x0F, 0xFE, 0x00, 0x7F, 0xF8, 0x07, 0xFF, 0x80, 0x0F, 0xFE,
    0x01, 0xFF, 0xC0, 0x03, 0xFF, 0xC0, 0xFF, 0xF0, 0x00, 0x7F, 0xF0, 0x3F, 0xF8, 0x00, 0x0F, 0xFE, 0x1F, 0xFE, 0x00,
    0x03, 0xFF, 0x87, 0xFF, 0x00, 0x00, 0x7F, 0xF3, 0xFF, 0xC0, 0x00, 0x1F, 0xFC, 0xFF, 0xE0, 0x00, 0x03, 0xFF, 0xFF,
    0xF0, 0x00, 0x00, 0xFF, 0xFF, 0xFC, 0x00, 0x00, 0x1F, 0xFF, 0xFE, 0x00, 0x00, 0x07, 0xFF, 0xFF, 0x80, 0x00, 0x00,
    0xFF, 0xFF, 0xC0, 0x00, 0x00, 0x3F, 0xFF, 0xF0, 0x00, 0x00, 0x07, 0xFF, 0xF8, 0x00, 0x00, 0x01, 0xFF, 0xFE, 0x00,
    0x00, 0x00, 0x3F, 0xFF, 0x00, 0x00, 0x00, 0x0F, 0xFF, 0xC0, 0x00, 0x00, 0x01, 0xFF, 0xE0, 0x00, 0x00, 0x00, 0x3F,
    0xF8, 0x00, 0x00, 0x00, 0x0F, 0xFE, 0x00, 0x00, 0x00, 0x03, 0xFF, 0x80, 0x00, 0x00, 0x00, 0xFF, 0xE0, 0x00, 0x00,
    0x00, 0x3F, 0xF8, 0x00, 0x00, 0x00, 0x0F, 0xFE, 0x00, 0x00, 0x00, 0x03, 0xFF, 0x80, 0x00, 0x00, 0x00, 0xFF, 0xE0,
    0x00, 0x00, 0x00, 0x3F, 0xF8, 0x00, 0x00, 0x00, 0x0F, 0xFE, 0x00, 0x00, 0x00, 0x03, 0xFF, 0x80, 0x00, 0x00, 0x00,
    0xFF, 0xE0, 0x00, 0x00, 0x00, 0x3F, 0xF8, 0x00, 0x00, 0x00, 0x0F, 0xFE, 0x00, 0x00, 0x00, 0x03, 0xFF, 0x80, 0x00,
    0x00, 0x00, 0xFF, 0xE0, 0x00, 0x00, 0x00, 0x3F, 0xF8, 0x00, 0x00, 0x00, 0x0F, 0xFE, 0x00, 0x00, 0x00, 0x03, 0xFF,
    0x80, 0x00, 0x7F, 0xFF, 0xFF, 0xFF, 0xEF, 0xFF, 0xFF, 0xFF, 0xFD, 0xFF, 0xFF, 0xFF, 0xFF, 0xBF, 0xFF, 0xFF, 0xFF,
    0xF7, 0xFF, 0xFF, 0xFF, 0xFE, 0xFF, 0xFF, 0xFF, 0xFF, 0xDF, 0xFF, 0xFF, 0xFF, 0xFB, 0xFF, 0xFF, 0xFF, 0xFF, 0x00,
    0x00, 0x03, 0xFF, 0xC0, 0x00, 0x00, 0x7F, 0xF0, 0x00, 0x00, 0x1F, 0xFE, 0x00, 0x00, 0x07, 0xFF, 0x80, 0x00, 0x00,
    0xFF, 0xE0, 0x00, 0x00, 0x3F, 0xFC, 0x00, 0x00, 0x0F, 0xFF, 0x00, 0x00, 0x03, 0xFF, 0xC0, 0x00, 0x00, 0x7F, 0xF8,
    0x00, 0x00, 0x1F, 0xFE, 0x00, 0x00, 0x07, 0xFF, 0x80, 0x00, 0x00, 0xFF, 0xF0, 0x00, 0x00, 0x3F, 0xFC, 0x00, 0x00,
    0x0F, 0xFF, 0x00, 0x00, 0x01, 0xFF, 0xE0, 0x00, 0x00, 0x7F, 0xF8, 0x00, 0x00, 0x1F, 0xFE, 0x00, 0x00, 0x03, 0xFF,
    0xC0, 0x00, 0x00, 0xFF, 0xF0, 0x00, 0x00, 0x3F, 0xFC, 0x00, 0x00, 0x07, 0xFF, 0x00, 0x00, 0x01, 0xFF, 0xE0, 0x00,
    0x00, 0x7F, 0xF8, 0x00, 0x00, 0x0F, 0xFE, 0x00, 0x00, 0x03, 0xFF, 0xC0, 0x00, 0x00, 0xFF, 0xF0, 0x00, 0x00, 0x1F,
    0xFC, 0x00, 0x00, 0x07, 0xFF, 0x80, 0x00, 0x01, 0xFF, 0xE0, 0x00, 0x00, 0x7F, 0xF8, 0x00, 0x00, 0x0F, 0xFF, 0x00,
    0x00, 0x03, 0xFF, 0xC0, 0x00, 0x00, 0xFF, 0xFF, 0xFF, 0xFF, 0xFF, 0xFF, 0xFF, 0xFF, 0xFF, 0xFF, 0xFF, 0xFF, 0xFF,
    0xFF, 0xFF, 0xFF, 0xFF, 0xFF, 0xFF, 0xFF, 0xFF, 0xFF, 0xFF, 0xFF, 0xFF, 0xFF, 0xFF, 0xFF, 0xFF, 0xFF, 0xFF, 0xFF,
    0xFF, 0xFF, 0xFF, 0xFF, 0xFF, 0xFF, 0xFF, 0xFF, 0xFF, 0xFF, 0xFF, 0xFF, 0xFF, 0xFF, 0xFF, 0xFF, 0xFF, 0xFF, 0x00,
    0xFF, 0x00, 0xFF, 0x00, 0xFF, 0x00, 0xFF, 0x00, 0xFF, 0x00, 0xFF, 0x00, 0xFF, 0x00, 0xFF, 0x00, 0xFF, 0x00, 0xFF,
    0x00, 0xFF, 0x00, 0xFF, 0x00, 0xFF, 0x00, 0xFF, 0x00, 0xFF, 0x00, 0xFF, 0x00, 0xFF, 0x00, 0xFF, 0x00, 0xFF, 0x00,
    0xFF, 0x00, 0xFF, 0x00, 0xFF, 0x00, 0xFF, 0x00, 0xFF, 0x00, 0xFF, 0x00, 0xFF, 0x00, 0xFF, 0x00, 0xFF, 0x00, 0xFF,
    0x00, 0xFF, 0x00, 0xFF, 0x00, 0xFF, 0x00, 0xFF, 0x00, 0xFF, 0x00, 0xFF, 0x00, 0xFF, 0x00, 0xFF, 0x00, 0xFF, 0x00,
    0xFF, 0x00, 0xFF, 0x00, 0xFF, 0x00, 0xFF, 0x00, 0xFF, 0x00, 0xFF, 0xFF, 0xFF, 0xFF, 0xFF, 0xFF, 0xFF, 0xFF, 0xFF,
    0xFF, 0xFF, 0xFF, 0xFF, 0xFF, 0xFF, 0xC0, 0x00, 0x07, 0xFC, 0x00, 0x00, 0x7F, 0xE0, 0x00, 0x07, 0xFE, 0x00, 0x00,
    0x3F, 0xF0, 0x00, 0x03, 0xFF, 0x00, 0x00, 0x3F, 0xF0, 0x00, 0x01, 0xFF, 0x80, 0x00, 0x1F, 0xF8, 0x00, 0x00, 0xFF,
    0x80, 0x00, 0x0F, 0xFC, 0x00, 0x00, 0xFF, 0xC0, 0x00, 0x07, 0xFC, 0x00, 0x00, 0x7F, 0xE0, 0x00, 0x07, 0xFE, 0x00,
    0x00, 0x3F, 0xF0, 0x00, 0x03, 0xFF, 0x00, 0x00, 0x3F, 0xF0, 0x00, 0x01, 0xFF, 0x80, 0x00, 0x1F, 0xF8, 0x00, 0x00,
    0xFF, 0x80, 0x00, 0x0F, 0xFC, 0x00, 0x00, 0xFF, 0xC0, 0x00, 0x07, 0xFE, 0x00, 0x00, 0x7F, 0xE0, 0x00, 0x07, 0xFE,
    0x00, 0x00, 0x3F, 0xF0, 0x00, 0x03, 0xFF, 0x00, 0x00, 0x1F, 0xF0, 0x00, 0x01, 0xFF, 0x80, 0x00, 0x1F, 0xF8, 0x00,
    0x00, 0xFF, 0xC0, 0x00, 0x0F, 0xFC, 0x00, 0x00, 0xFF, 0xC0, 0x00, 0x07, 0xFE, 0x00, 0x00, 0x7F, 0xE0, 0x00, 0x03,
    0xFE, 0x00, 0x00, 0x3F, 0xF0, 0x00, 0x03, 0xFF, 0x00, 0x00, 0x1F, 0xF0, 0x00, 0x01, 0xFF, 0x80, 0x00, 0x1F, 0xF8,
    0x00, 0x00, 0xFF, 0xC0, 0x00, 0x0F, 0xFC, 0x00, 0x00, 0xFF, 0xC0, 0x00, 0x07, 0xFE, 0x00, 0x00, 0x7F, 0xE0, 0x00,
    0x03, 0xFE, 0xFF, 0xFF, 0xFF, 0xFF, 0xFF, 0xFF, 0xFF, 0xFF, 0xFF, 0xFF, 0xFF, 0xFF, 0xFF, 0xFF, 0x00, 0xFF, 0x00,
    0xFF, 0x00, 0xFF, 0x00, 0xFF, 0x00, 0xFF, 0x00, 0xFF, 0x00, 0xFF, 0x00, 0xFF, 0x00, 0xFF, 0x00, 0xFF, 0x00, 0xFF,
    0x00, 0xFF, 0x00, 0xFF, 0x00, 0xFF, 0x00, 0xFF, 0x00, 0xFF, 0x00, 0xFF, 0x00, 0xFF, 0x00, 0xFF, 0x00, 0xFF, 0x00,
    0xFF, 0x00, 0xFF, 0x00, 0xFF, 0x00, 0xFF, 0x00, 0xFF, 0x00, 0xFF, 0x00, 0xFF, 0x00, 0xFF, 0x00, 0xFF, 0x00, 0xFF,
    0x00, 0xFF, 0x00, 0xFF, 0x00, 0xFF, 0x00, 0xFF, 0x00, 0xFF, 0x00, 0xFF, 0x00, 0xFF, 0x00, 0xFF, 0x00, 0xFF, 0x00,
    0xFF, 0x00, 0xFF, 0x00, 0xFF, 0x00, 0xFF, 0x00, 0xFF, 0xFF, 0xFF, 0xFF, 0xFF, 0xFF, 0xFF, 0xFF, 0xFF, 0xFF, 0xFF,
    0xFF, 0xFF, 0xFF, 0xFF, 0x00, 0x03, 0xF0, 0x00, 0x00, 0x00, 0x3F, 0x80, 0x00, 0x00, 0x07, 0xF8, 0x00, 0x00, 0x00,
    0x7F, 0xC0, 0x00, 0x00, 0x0F, 0xFC, 0x00, 0x00, 0x00, 0xFF, 0xE0, 0x00, 0x00, 0x1F, 0xFE, 0x00, 0x00, 0x01, 0xFF,
    0xF0, 0x00, 0x00, 0x3F, 0xFF, 0x00, 0x00, 0x03, 0xFF, 0xF8, 0x00, 0x00, 0x3F, 0xFF, 0x80, 0x00, 0x07, 0xFB, 0xFC,
    0x00, 0x00, 0x7F, 0xBF, 0xC0, 0x00, 0x0F, 0xF1, 0xFE, 0x00, 0x00, 0xFF, 0x1F, 0xE0, 0x00, 0x1F, 0xE0, 0xFF, 0x00,
    0x01, 0xFE, 0x0F, 0xF0, 0x00, 0x3F, 0xC0, 0x7F, 0x80, 0x03, 0xFC, 0x07, 0xFC, 0x00, 0x7F, 0xC0, 0x3F, 0xC0, 0x07,
    0xF8, 0x03, 0xFE, 0x00, 0x7F, 0x80, 0x1F, 0xE0, 0x0F, 0xF0, 0x01, 0xFF, 0x00, 0xFF, 0x00, 0x0F, 0xF0, 0x1F, 0xE0,
    0x00, 0xFF, 0x81, 0xFE, 0x00, 0x07, 0xF8, 0x3F, 0xE0, 0x00, 0x7F, 0xC3, 0xFC, 0x00, 0x03, 0xFC, 0x7F, 0xC0, 0x00,
    0x3F, 0xE7, 0xF8, 0x00, 0x01, 0xFE, 0xFF, 0x80, 0x00, 0x1F, 0xF0, 0xFF, 0xFF, 0xFF, 0xFF, 0xFF, 0xFF, 0xFF, 0xFF,
    0xFF, 0xFF, 0xFF, 0xFF, 0xFF, 0xFF, 0xFF, 0xFF, 0xFF, 0xF0, 0xFF, 0xF0, 0x1F, 0xFE, 0x01, 0xFF, 0xE0, 0x1F, 0xFE,
    0x01, 0xFF, 0xE0, 0x1F, 0xFE, 0x00, 0xFF, 0xC0, 0x0F, 0xFC, 0x00, 0xFF, 0xC0, 0x07, 0xFC, 0x00, 0x7F, 0x80, 0x00,
    0x07, 0xFE, 0x00, 0x00, 0x3F, 0xFF, 0xE0, 0x00, 0xFF, 0xFF, 0xFC, 0x01, 0xFF, 0xFF, 0xFF, 0x80, 0xFF, 0xFF, 0xFF,
    0xE0, 0x7F, 0xFF, 0xFF, 0xF0, 0x1F, 0xFF, 0xFF, 0xFC, 0x0F, 0xFF, 0xFF, 0xFE, 0x03, 0xFF, 0xFF, 0xFF, 0x81, 0xF0,
    0x03, 0xFF, 0xC0, 0x00, 0x00, 0xFF, 0xE0, 0x00, 0x00, 0x7F, 0xF0, 0x00, 0x00, 0x3F, 0xF8, 0x00, 0x00, 0x1F, 0xFC,
    0x01, 0xFF, 0xFF, 0xFE, 0x07, 0xFF, 0xFF, 0xFF, 0x0F, 0xFF, 0xFF, 0xFF, 0x8F, 0xFF, 0xFF, 0xFF, 0xCF, 0xFF, 0xFF,
    0xFF, 0xEF, 0xFF, 0xFF, 0xFF, 0xF7, 0xFF, 0xF0, 0x3F, 0xFF, 0xFF, 0xC0, 0x1F, 0xFF, 0xFF, 0xC0, 0x0F, 0xFF, 0xFF,
    0xC0, 0x07, 0xFF, 0xFF, 0xE0, 0x03, 0xFF, 0xFF, 0xF0, 0x01, 0xFF, 0xFF, 0xF8, 0x01, 0xFF, 0xFF, 0xFC, 0x00, 0xFF,
    0xFF, 0xFF, 0x01, 0xFF, 0xFF, 0xFF, 0xFF, 0xFF, 0xFF, 0xFF, 0xFF, 0xFF, 0xFE, 0xFF, 0xFF, 0xFF, 0xFF, 0x7F, 0xFF,
    0xFE, 0xFF, 0x9F, 0xFF, 0xFE, 0x7F, 0xC7, 0xFF, 0xFE, 0x3F, 0xE1, 0xFF, 0xFE, 0x0F, 0xF0, 0x7F, 0xFE, 0x07, 0xF8,
    0x07, 0xF8, 0x00, 0x00, 0xFF, 0xE0, 0x00, 0x00, 0x3F, 0xF8, 0x00, 0x00, 0x0F, 0xFE, 0x00, 0x00, 0x03, 0xFF, 0x80,
    0x00, 0x00, 0xFF, 0xE0, 0x00, 0x00, 0x3F, 0xF8, 0x00, 0x00, 0x0F, 0xFE, 0x00, 0x00, 0x03, 0xFF, 0x80, 0x00, 0x00,
    0xFF, 0xE0, 0x00, 0x00, 0x3F, 0xF8, 0x00, 0x00, 0x0F, 0xFE, 0x00, 0x00, 0x03, 0xFF, 0x80, 0x00, 0x00, 0xFF, 0xE0,
    0x00, 0x00, 0x3F, 0xF8, 0x00, 0x00, 0x0F, 0xFE, 0x07, 0xF0, 0x03, 0xFF, 0x8F, 0xFF, 0x00, 0xFF, 0xE7, 0xFF, 0xF0,
    0x3F, 0xFB, 0xFF, 0xFE, 0x0F, 0xFF, 0xFF, 0xFF, 0xC3, 0xFF, 0xFF, 0xFF, 0xF8, 0xFF, 0xFF, 0xFF, 0xFF, 0x3F, 0xFF,
    0xFF, 0xFF, 0xCF, 0xFF, 0xFF, 0xFF, 0xFB, 0xFF, 0xE0, 0x3F, 0xFE, 0xFF, 0xF0, 0x07, 0xFF, 0xBF, 0xFC, 0x00, 0xFF,
    0xFF, 0xFE, 0x00, 0x3F, 0xFF, 0xFF, 0x80, 0x07, 0xFF, 0xFF, 0xE0, 0x01, 0xFF, 0xFF, 0xF8, 0x00, 0x7F, 0xFF, 0xFE,
    0x00, 0x1F, 0xFF, 0xFF, 0x80, 0x07, 0xFF, 0xFF, 0xE0, 0x01, 0xFF, 0xFF, 0xF8, 0x00, 0x7F, 0xFF, 0xFE, 0x00, 0x1F,
    0xFF, 0xFF, 0x80, 0x07, 0xFF, 0xFF, 0xE0, 0x01, 0xFF, 0xFF, 0xF8, 0x00, 0x7F, 0xFF, 0xFE, 0x00, 0x1F, 0xFF, 0xFF,
    0x80, 0x0F, 0xFF, 0xFF, 0xF0, 0x03, 0xFF, 0xFF, 0xFC, 0x01, 0xFF, 0xEF, 0xFF, 0x80, 0xFF, 0xFB, 0xFF, 0xFF, 0xFF,
    0xFE, 0xFF, 0xFF, 0xFF, 0xFF, 0x3F, 0xFF, 0xFF, 0xFF, 0xCF, 0xFF, 0xFF, 0xFF, 0xE3, 0xFF, 0xFF, 0xFF, 0xF0, 0xFF,
    0x9F, 0xFF, 0xF8, 0x3F, 0xE1, 0xFF, 0xFC, 0x0F, 0xF8, 0x3F, 0xFC, 0x00, 0x00, 0x01, 0xFC, 0x00, 0x00, 0x03, 0xFE,
    0x00, 0x00, 0xFF, 0xFF, 0x80, 0x0F, 0xFF, 0xFF, 0xC0, 0xFF, 0xFF, 0xFF, 0x07, 0xFF, 0xFF, 0xF8, 0x3F, 0xFF, 0xFF,
    0xE1, 0xFF, 0xFF, 0xFF, 0x07, 0xFF, 0xFF, 0xFC, 0x3F, 0xFF, 0xFF, 0xF1, 0xFF, 0xF0, 0x03, 0x87, 0xFF, 0x80, 0x00,
    0x1F, 0xFC, 0x00, 0x00, 0xFF, 0xF0, 0x00, 0x03, 0xFF, 0x80, 0x00, 0x0F, 0xFE, 0x00, 0x00, 0x3F, 0xF8, 0x00, 0x00,
    0xFF, 0xE0, 0x00, 0x03, 0xFF, 0x80, 0x00, 0x0F, 0xFE, 0x00, 0x00, 0x3F, 0xF8, 0x00, 0x00, 0xFF, 0xE0, 0x00, 0x03,
    0xFF, 0x80, 0x00, 0x0F, 0xFE, 0x00, 0x00, 0x3F, 0xF8, 0x00, 0x00, 0xFF, 0xE0, 0x00, 0x03, 0xFF, 0xC0, 0x00, 0x07,
    0xFF, 0x00, 0x00, 0x1F, 0xFE, 0x00, 0x06, 0x7F, 0xFC, 0x00, 0xF8, 0xFF, 0xFF, 0xFF, 0xE3, 0xFF, 0xFF, 0xFF, 0x87,
    0xFF, 0xFF, 0xFE, 0x0F, 0xFF, 0xFF, 0xF8, 0x1F, 0xFF, 0xFF, 0xE0, 0x3F, 0xFF, 0xFF, 0x80, 0x3F, 0xFF, 0xFC, 0x00,
    0x3F, 0xFF, 0xC0, 0x00, 0x1F, 0xF0, 0x00, 0x00, 0x00, 0x00, 0xFF, 0xE0, 0x00, 0x00, 0x1F, 0xFC, 0x00, 0x00, 0x03,
    0xFF, 0x80, 0x00, 0x00, 0x7F, 0xF0, 0x00, 0x00, 0x0F, 0xFE, 0x00, 0x00, 0x01, 0xFF, 0xC0, 0x00, 0x00, 0x3F, 0xF8,
    0x00, 0x00, 0x07, 0xFF, 0x00, 0x00, 0x00, 0xFF, 0xE0, 0x00, 0x00, 0x1F, 0xFC, 0x00, 0x00, 0x03, 0xFF, 0x80, 0x00,
    0x00, 0x7F, 0xF0, 0x00, 0x00, 0x0F, 0xFE, 0x00, 0x00, 0x01, 0xFF, 0xC0, 0x07, 0xE0, 0x3F, 0xF8, 0x07, 0xFF, 0x87,
    0xFF, 0x03, 0xFF, 0xFC, 0xFF, 0xE0, 0xFF, 0xFF, 0xDF, 0xFC, 0x3F, 0xFF, 0xFF, 0xFF, 0x8F, 0xFF, 0xFF, 0xFF, 0xF3,
    0xFF, 0xFF, 0xFF, 0xFE, 0x7F, 0xFF, 0xFF, 0xFF, 0xDF, 0xFF, 0xFF, 0xFF, 0xFB, 0xFF, 0xE0, 0x3F, 0xFF, 0x7F, 0xF8,
    0x03, 0xFF, 0xFF, 0xFE, 0x00, 0x3F, 0xFF, 0xFF, 0xC0, 0x07, 0xFF, 0xFF, 0xF0, 0x00, 0x7F, 0xFF, 0xFE, 0x00, 0x0F,
    0xFF, 0xFF, 0xC0, 0x01, 0xFF, 0xFF, 0xF8, 0x00, 0x3F, 0xFF, 0xFF, 0x00, 0x07, 0xFF, 0xFF, 0xE0, 0x00, 0xFF, 0xFF,
    0xFC, 0x00, 0x1F, 0xFF, 0xFF, 0x80, 0x03, 0xFF, 0xFF, 0xF0, 0x00, 0x7F, 0xFF, 0xFE, 0x00, 0x0F, 0xFF, 0xFF, 0xC0,
    0x01, 0xFF, 0xFF, 0xF8, 0x00, 0x3F, 0xFF, 0xFF, 0x80, 0x07, 0xFF, 0xFF, 0xF0, 0x01, 0xFF, 0xEF, 0xFF, 0x00, 0x3F,
    0xFD, 0xFF, 0xF0, 0x1F, 0xFF, 0xBF, 0xFF, 0xFF, 0xFF, 0xF3, 0xFF, 0xFF, 0xFF, 0xFE, 0x7F, 0xFF, 0xFF, 0xFF, 0xC7,
    0xFF, 0xFF, 0xFF, 0xF8, 0x7F, 0xFF, 0xFF, 0xFF, 0x07, 0xFF, 0xFE, 0x7F, 0xE0, 0x7F, 0xFF, 0x8F, 0xFC, 0x03, 0xFF,
    0xC0, 0xFF, 0x80, 0x1F, 0xC0, 0x00, 0x00, 0x00, 0x07, 0xF8, 0x00, 0x00, 0x1F, 0xFF, 0xC0, 0x00, 0x3F, 0xFF, 0xF8,
    0x00, 0x7F, 0xFF, 0xFE, 0x00, 0x7F, 0xFF, 0xFF, 0x80, 0x7F, 0xFF, 0xFF, 0xE0, 0x7F, 0xFF, 0xFF, 0xF8, 0x7F, 0xFF,
    0xFF, 0xFC, 0x3F, 0xFF, 0xFF, 0xFF, 0x3F, 0xFC, 0x03, 0xFF, 0x9F, 0xFC, 0x00, 0xFF, 0xEF, 0xFE, 0x00, 0x3F, 0xFF,
    0xFE, 0x00, 0x1F, 0xFF, 0xFF, 0x00, 0x07, 0xFF, 0xFF, 0xFF, 0xFF, 0xFF, 0xFF, 0xFF, 0xFF, 0xFF, 0xFF, 0xFF, 0xFF,
    0xFF, 0xFF, 0xFF, 0xFF, 0xFF, 0xFF, 0xFF, 0xFF, 0xFF, 0xFF, 0xFF, 0xFF, 0xFF, 0xFF, 0xFF, 0xFF, 0xFF, 0xFF, 0xFF,
    0x00, 0x00, 0x03, 0xFF, 0x80, 0x00, 0x01, 0xFF, 0xC0, 0x00, 0x00, 0xFF, 0xE0, 0x00, 0x00, 0x7F, 0xF8, 0x00, 0x00,
    0x1F, 0xFC, 0x00, 0x00, 0x0F, 0xFF, 0x00, 0x00, 0xC7, 0xFF, 0xE0, 0x01, 0xE1, 0xFF, 0xFF, 0xFF, 0xF0, 0x7F, 0xFF,
    0xFF, 0xF8, 0x3F, 0xFF, 0xFF, 0xFC, 0x0F, 0xFF, 0xFF, 0xFE, 0x03, 0xFF, 0xFF, 0xFF, 0x00, 0xFF, 0xFF, 0xFF, 0x80,
    0x1F, 0xFF, 0xFF, 0x80, 0x03, 0xFF, 0xFF, 0x00, 0x00, 0x1F, 0xF8, 0x00, 0x00, 0x0F, 0xFF, 0x80, 0x03, 0xFF, 0xFF,
    0x00, 0xFF, 0xFF, 0xE0, 0x1F, 0xFF, 0xFE, 0x03, 0xFF, 0xFF, 0xE0, 0x3F, 0xFF, 0xFC, 0x07, 0xFF, 0xFF, 0xC0, 0x7F,
    0xFF, 0xFC, 0x07, 0xFF, 0x81, 0x80, 0x7F, 0xF0, 0x00, 0x07, 0xFF, 0x00, 0x00, 0x7F, 0xF0, 0x00, 0x07, 0xFF, 0x00,
    0x00, 0x7F, 0xF0, 0x00, 0x07, 0xFF, 0x00, 0x01, 0xFF, 0xFF, 0xF0, 0x3F, 0xFF, 0xFF, 0x0F, 0xFF, 0xFF, 0xF0, 0xFF,
    0xFF, 0xFF, 0x0F, 0xFF, 0xFF, 0xF0, 0xFF, 0xFF, 0xFF, 0x0F, 0xFF, 0xFF, 0xF0, 0xFF, 0xFF, 0xFF, 0x00, 0x7F, 0xF0,
    0x00, 0x07, 0xFF, 0x00, 0x00, 0x7F, 0xF0, 0x00, 0x07, 0xFF, 0x00, 0x00, 0x7F, 0xF0, 0x00, 0x07, 0xFF, 0x00, 0x00,
    0x7F, 0xF0, 0x00, 0x07, 0xFF, 0x00, 0x00, 0x7F, 0xF0, 0x00, 0x07, 0xFF, 0x00, 0x00, 0x7F, 0xF0, 0x00, 0x07, 0xFF,
    0x00, 0x00, 0x7F, 0xF0, 0x00, 0x07, 0xFF, 0x00, 0x00, 0x7F, 0xF0, 0x00, 0x07, 0xFF, 0x00, 0x00, 0x7F, 0xF0, 0x00,
    0x07, 0xFF, 0x00, 0x00, 0x7F, 0xF0, 0x00, 0x07, 0xFF, 0x00, 0x00, 0x7F, 0xF0, 0x00, 0x07, 0xFF, 0x00, 0x00, 0x7F,
    0xF0, 0x00, 0x07, 0xFF, 0x00, 0x00, 0x7F, 0xF0, 0x00, 0x07, 0xFF, 0x00, 0x00, 0x7F, 0xF0, 0x00, 0x07, 0xFF, 0x00,
    0x00, 0x00, 0x1F, 0xC0, 0x00, 0x00, 0x3F, 0xFC, 0x1F, 0xF0, 0x3F, 0xFF, 0xC7, 0xFC, 0x1F, 0xFF, 0xF9, 0xFF, 0x0F,
    0xFF, 0xFF, 0x7F, 0xC7, 0xFF, 0xFF, 0xFF, 0xF1, 0xFF, 0xFF, 0xFF, 0xFC, 0xFF, 0xFF, 0xFF, 0xFF, 0x3F, 0xFF, 0xFF,
    0xFF, 0xDF, 0xFF, 0x01, 0xFF, 0xF7, 0xFF, 0x80, 0x1F, 0xFD, 0xFF, 0xC0, 0x07, 0xFF, 0xFF, 0xF0, 0x00, 0xFF, 0xFF,
    0xF8, 0x00, 0x3F, 0xFF, 0xFE, 0x00, 0x0F, 0xFF, 0xFF, 0x80, 0x03, 0xFF, 0xFF, 0xE0, 0x00, 0x7F, 0xFF, 0xF8, 0x00,
    0x1F, 0xFF, 0xFE, 0x00, 0x07, 0xFF, 0xFF, 0x80, 0x01, 0xFF, 0xFF, 0xE0, 0x00, 0x7F, 0xFF, 0xF8, 0x00, 0x1F, 0xFF,
    0xFE, 0x00, 0x07, 0xFF, 0xFF, 0x80, 0x03, 0xFF, 0xFF, 0xE0, 0x00, 0xFF, 0xFF, 0xFC, 0x00, 0x3F, 0xFF, 0xFF, 0x00,
    0x1F, 0xFD, 0xFF, 0xE0, 0x07, 0xFF, 0x7F, 0xFC, 0x03, 0xFF, 0xDF, 0xFF, 0xFF, 0xFF, 0xF3, 0xFF, 0xFF, 0xFF, 0xFC,
    0x7F, 0xFF, 0xFF, 0xFF, 0x1F, 0xFF, 0xFF, 0xFF, 0xC3, 0xFF, 0xFF, 0xFF, 0xF0, 0x7F, 0xFF, 0xEF, 0xFC, 0x0F, 0xFF,
    0xF3, 0xFF, 0x00, 0xFF, 0xF0, 0xFF, 0xC0, 0x07, 0xE0, 0x3F, 0xF0, 0x00, 0x00, 0x0F, 0xFC, 0x00, 0x00, 0x03, 0xFF,
    0x00, 0x00, 0x00, 0xFF, 0xC0, 0x00, 0x00, 0x7F, 0xF2, 0x00, 0x00, 0x3F, 0xFC, 0xF0, 0x00, 0x1F, 0xFE, 0x3F, 0xC0,
    0x1F, 0xFF, 0x8F, 0xFF, 0xFF, 0xFF, 0xE3, 0xFF, 0xFF, 0xFF, 0xF0, 0xFF, 0xFF, 0xFF, 0xF8, 0x3F, 0xFF, 0xFF, 0xFE,
    0x0F, 0xFF, 0xFF, 0xFE, 0x03, 0xFF, 0xFF, 0xFF, 0x00, 0x7F, 0xFF, 0xFF, 0x00, 0x03, 0xFF, 0xFE, 0x00, 0x00, 0xFF,
    0xE0, 0x00, 0x00, 0x3F, 0xF8, 0x00, 0x00, 0x0F, 0xFE, 0x00, 0x00, 0x03, 0xFF, 0x80, 0x00, 0x00, 0xFF, 0xE0, 0x00,
    0x00, 0x3F, 0xF8, 0x00, 0x00, 0x0F, 0xFE, 0x00, 0x00, 0x03, 0xFF, 0x80, 0x00, 0x00, 0xFF, 0xE0, 0x00, 0x00, 0x3F,
    0xF8, 0x00, 0x00, 0x0F, 0xFE, 0x00, 0x00, 0x03, 0xFF, 0x80, 0x00, 0x00, 0xFF, 0xE0, 0x00, 0x00, 0x3F, 0xF8, 0x00,
    0x00, 0x0F, 0xFE, 0x07, 0xF8, 0x03, 0xFF, 0x0F, 0xFF, 0xC0, 0xFF, 0xC7, 0xFF, 0xFC, 0x3F, 0xF3, 0xFF, 0xFF, 0x8F,
    0xFD, 0xFF, 0xFF, 0xF3, 0xFF, 0xFF, 0xFF, 0xFC, 0xFF, 0xFF, 0xFF, 0xFF, 0xBF, 0xFF, 0xFF, 0xFF, 0xEF, 0xFF, 0xFF,
    0xFF, 0xFF, 0xFF, 0xF0, 0x1F, 0xFF, 0xFF, 0xF8, 0x03, 0xFF, 0xFF, 0xFC, 0x00, 0x7F, 0xFF, 0xFF, 0x00, 0x1F, 0xFF,
    0xFF, 0x80, 0x07, 0xFF, 0xFF, 0xE0, 0x01, 0xFF, 0xFF, 0xF8, 0x00, 0x7F, 0xFF, 0xFE, 0x00, 0x1F, 0xFF, 0xFF, 0x80,
    0x07, 0xFF, 0xFF, 0xE0, 0x01, 0xFF, 0xFF, 0xF8, 0x00, 0x7F, 0xFF, 0xFE, 0x00, 0x1F, 0xFF, 0xFF, 0x80, 0x07, 0xFF,
    0xFF, 0xE0, 0x01, 0xFF, 0xFF, 0xF8, 0x00, 0x7F, 0xFF, 0xFE, 0x00, 0x1F, 0xFF, 0xFF, 0x80, 0x07, 0xFF, 0xFF, 0xE0,
    0x01, 0xFF, 0xFF, 0xF8, 0x00, 0x7F, 0xFF, 0xFE, 0x00, 0x1F, 0xFF, 0xFF, 0x80, 0x07, 0xFF, 0xFF, 0xE0, 0x01, 0xFF,
    0xFF, 0xF8, 0x00, 0x7F, 0xFF, 0xFE, 0x00, 0x1F, 0xFF, 0xFF, 0x80, 0x07, 0xFF, 0xFF, 0xE0, 0x01, 0xFF, 0xFF, 0xF8,
    0x00, 0x7F, 0xFF, 0xFE, 0x00, 0x1F, 0xFC, 0x3F, 0x8F, 0xFB, 0xFF, 0xFF, 0xFF, 0xFF, 0xFF, 0xFF, 0xFF, 0xFF, 0x7F,
    0xC7, 0xF0, 0x00, 0x00, 0x00, 0x00, 0x00, 0x00, 0x07, 0xFF, 0xFF, 0xFF, 0xFF, 0xFF, 0xFF, 0xFF, 0xFF, 0xFF, 0xFF,
    0xFF, 0xFF, 0xFF, 0xFF, 0xFF, 0xFF, 0xFF, 0xFF, 0xFF, 0xFF, 0xFF, 0xFF, 0xFF, 0xFF, 0xFF, 0xFF, 0xFF, 0xFF, 0xFF,
    0xFF, 0xFF, 0xFF, 0xFF, 0xFF, 0xFF, 0xFF, 0xFF, 0xFF, 0xFF, 0xFF, 0xFF, 0xFF, 0xFF, 0xFF, 0xFF, 0xFF, 0xFF, 0xFF,
    0xFF, 0x80, 0x00, 0x3F, 0x80, 0x0F, 0xF8, 0x03, 0xFF, 0x80, 0x7F, 0xF0, 0x0F, 0xFE, 0x01, 0xFF, 0xC0, 0x3F, 0xF8,
    0x07, 0xFF, 0x00, 0x7F, 0xC0, 0x07, 0xF0, 0x00, 0x00, 0x00, 0x00, 0x00, 0x00, 0x00, 0x00, 0x00, 0x00, 0x00, 0x00,
    0x07, 0xFF, 0x00, 0xFF, 0xE0, 0x1F, 0xFC, 0x03, 0xFF, 0x80, 0x7F, 0xF0, 0x0F, 0xFE, 0x01, 0xFF, 0xC0, 0x3F, 0xF8,
    0x07, 0xFF, 0x00, 0xFF, 0xE0, 0x1F, 0xFC, 0x03, 0xFF, 0x80, 0x7F, 0xF0, 0x0F, 0xFE, 0x01, 0xFF, 0xC0, 0x3F, 0xF8,
    0x07, 0xFF, 0x00, 0xFF, 0xE0, 0x1F, 0xFC, 0x03, 0xFF, 0x80, 0x7F, 0xF0, 0x0F, 0xFE, 0x01, 0xFF, 0xC0, 0x3F, 0xF8,
    0x07, 0xFF, 0x00, 0xFF, 0xE0, 0x1F, 0xFC, 0x03, 0xFF, 0x80, 0x7F, 0xF0, 0x0F, 0xFE, 0x01, 0xFF, 0xC0, 0x3F, 0xF8,
    0x07, 0xFF, 0x00, 0xFF, 0xE0, 0x1F, 0xFC, 0x03, 0xFF, 0x80, 0x7F, 0xF0, 0x0F, 0xFE, 0x01, 0xFF, 0xC0, 0x3F, 0xF8,
    0x07, 0xFF, 0x01, 0xFF, 0xE0, 0x3F, 0xFA, 0x0F, 0xFF, 0x7F, 0xFF, 0xEF, 0xFF, 0xFD, 0xFF, 0xFF, 0x3F, 0xFF, 0xE7,
    0xFF, 0xF8, 0xFF, 0xFE, 0x1F, 0xFF, 0x83, 0xFF, 0xC0, 0x00, 0xFF, 0xE0, 0x00, 0x00, 0x07, 0xFF, 0x00, 0x00, 0x00,
    0x3F, 0xF8, 0x00, 0x00, 0x01, 0xFF, 0xC0, 0x00, 0x00, 0x0F, 0xFE, 0x00, 0x00, 0x00, 0x7F, 0xF0, 0x00, 0x00, 0x03,
    0xFF, 0x80, 0x00, 0x00, 0x1F, 0xFC, 0x00, 0x00, 0x00, 0xFF, 0xE0, 0x00, 0x00, 0x07, 0xFF, 0x00, 0x00, 0x00, 0x3F,
    0xF8, 0x00, 0x00, 0x01, 0xFF, 0xC0, 0x00, 0x00, 0x0F, 0xFE, 0x00, 0x00, 0x00, 0x7F, 0xF0, 0x00, 0x00, 0x03, 0xFF,
    0x80, 0x00, 0x00, 0x1F, 0xFC, 0x00, 0x3F, 0xFE, 0xFF, 0xE0, 0x01, 0xFF, 0xE7, 0xFF, 0x00, 0x1F, 0xFE, 0x3F, 0xF8,
    0x01, 0xFF, 0xE1, 0xFF, 0xC0, 0x1F, 0xFE, 0x0F, 0xFE, 0x01, 0xFF, 0xE0, 0x7F, 0xF0, 0x1F, 0xFE, 0x03, 0xFF, 0x81,
    0xFF, 0xE0, 0x1F, 0xFC, 0x1F, 0xFE, 0x00, 0xFF, 0xE1, 0xFF, 0xE0, 0x07, 0xFF, 0x1F, 0xFE, 0x00, 0x3F, 0xF9, 0xFF,
    0xE0, 0x01, 0xFF, 0x9F, 0xFF, 0x00, 0x0F, 0xFC, 0xFF, 0xF0, 0x00, 0x7F, 0xEF, 0xFF, 0x00, 0x03, 0xFF, 0xFF, 0xF0,
    0x00, 0x1F, 0xFF, 0xFF, 0x80, 0x00, 0xFF, 0xFF, 0xFE, 0x00, 0x07, 0xFF, 0xFF, 0xF8, 0x00, 0x3F, 0xFF, 0xFF, 0xC0,
    0x01, 0xFF, 0xFF, 0xFF, 0x00, 0x0F, 0xFF, 0xFF, 0xFC, 0x00, 0x7F, 0xFE, 0xFF, 0xF0, 0x03, 0xFF, 0xC3, 0xFF, 0xC0,
    0x1F, 0xFC, 0x1F, 0xFE, 0x00, 0xFF, 0xE0, 0x7F, 0xF8, 0x07, 0xFF, 0x01, 0xFF, 0xE0, 0x3F, 0xF8, 0x0F, 0xFF, 0x81,
    0xFF, 0xC0, 0x3F, 0xFC, 0x0F, 0xFE, 0x00, 0xFF, 0xF0, 0x7F, 0xF0, 0x03, 0xFF, 0xC3, 0xFF, 0x80, 0x1F, 0xFF, 0x1F,
    0xFC, 0x00, 0x7F, 0xF8, 0xFF, 0xE0, 0x01, 0xFF, 0xE7, 0xFF, 0x00, 0x0F, 0xFF, 0xBF, 0xF8, 0x00, 0x3F, 0xFE, 0xFF,
    0xFF, 0xFF, 0xFF, 0xFF, 0xFF, 0xFF, 0xFF, 0xFF, 0xFF, 0xFF, 0xFF, 0xFF, 0xFF, 0xFF, 0xFF, 0xFF, 0xFF, 0xFF, 0xFF,
    0xFF, 0xFF, 0xFF, 0xFF, 0xFF, 0xFF, 0xFF, 0xFF, 0xFF, 0xFF, 0xFF, 0xFF, 0xFF, 0xFF, 0xFF, 0xFF, 0xFF, 0xFF, 0xFF,
    0xFF, 0xFF, 0xFF, 0xFF, 0xFF, 0xFF, 0xFF, 0xFF, 0xFF, 0xFF, 0xFF, 0xFF, 0xFF, 0xFF, 0xFF, 0xFF, 0xFF, 0xFF, 0xFF,
    0xFF, 0xFF, 0xFF, 0xFF, 0xFF, 0xFF, 0xFF, 0xFF, 0xFF, 0xFF, 0xFF, 0xFF, 0x80, 0x00, 0x00, 0x7F, 0x80, 0x01, 0xFE,
    0x00, 0xFF, 0x03, 0xFF, 0xF0, 0x0F, 0xFF, 0xC0, 0xFF, 0x8F, 0xFF, 0xF8, 0x1F, 0xFF, 0xF0, 0xFF, 0x9F, 0xFF, 0xFC,
    0x7F, 0xFF, 0xF8, 0xFF, 0xBF, 0xFF, 0xFE, 0xFF, 0xFF, 0xFC, 0xFF, 0xFF, 0xFF, 0xFF, 0xFF, 0xFF, 0xFC, 0xFF, 0xFF,
    0xFF, 0xFF, 0xFF, 0xFF, 0xFE, 0xFF, 0xFF, 0xFF, 0xFF, 0xFF, 0xFF, 0xFE, 0xFF, 0xFF, 0xFF, 0xFF, 0xFF, 0xFF, 0xFF,
    0xFF, 0xFC, 0x0F, 0xFF, 0xF0, 0x1F, 0xFF, 0xFF, 0xF8, 0x07, 0xFF, 0xE0, 0x0F, 0xFF, 0xFF, 0xF0, 0x03, 0xFF, 0xE0,
    0x0F, 0xFF, 0xFF, 0xF0, 0x03, 0xFF, 0xC0, 0x07, 0xFF, 0xFF, 0xE0, 0x03, 0xFF, 0xC0, 0x07, 0xFF, 0xFF, 0xE0, 0x03,
    0xFF, 0xC0, 0x07, 0xFF, 0xFF, 0xE0, 0x03, 0xFF, 0xC0, 0x07, 0xFF, 0xFF, 0xE0, 0x03, 0xFF, 0x80, 0x07, 0xFF, 0xFF,
    0xE0, 0x03, 0xFF, 0x80, 0x07, 0xFF, 0xFF, 0xE0, 0x03, 0xFF, 0x80, 0x07, 0xFF, 0xFF, 0xE0, 0x03, 0xFF, 0x80, 0x07,
    0xFF, 0xFF, 0xE0, 0x03, 0xFF, 0x80, 0x07, 0xFF, 0xFF, 0xE0, 0x03, 0xFF, 0x80, 0x07, 0xFF, 0xFF, 0xE0, 0x03, 0xFF,
    0x80, 0x07, 0xFF, 0xFF, 0xE0, 0x03, 0xFF, 0x80, 0x07, 0xFF, 0xFF, 0xE0, 0x03, 0xFF, 0x80, 0x07, 0xFF, 0xFF, 0xE0,
    0x03, 0xFF, 0x80, 0x07, 0xFF, 0xFF, 0xE0, 0x03, 0xFF, 0x80, 0x07, 0xFF, 0xFF, 0xE0, 0x03, 0xFF, 0x80, 0x07, 0xFF,
    0xFF, 0xE0, 0x03, 0xFF, 0x80, 0x07, 0xFF, 0xFF, 0xE0, 0x03, 0xFF, 0x80, 0x07, 0xFF, 0xFF, 0xE0, 0x03, 0xFF, 0x80,
    0x07, 0xFF, 0xFF, 0xE0, 0x03, 0xFF, 0x80, 0x07, 0xFF, 0xFF, 0xE0, 0x03, 0xFF, 0x80, 0x07, 0xFF, 0xFF, 0xE0, 0x03,
    0xFF, 0x80, 0x07, 0xFF, 0xFF, 0xE0, 0x03, 0xFF, 0x80, 0x07, 0xFF, 0xFF, 0xE0, 0x03, 0xFF, 0x80, 0x07, 0xFF, 0xFF,
    0xE0, 0x03, 0xFF, 0x80, 0x07, 0xFF, 0x00, 0x00, 0x7F, 0x80, 0x3F, 0xC0, 0xFF, 0xFC, 0x0F, 0xF8, 0x7F, 0xFF, 0xC3,
    0xFE, 0x7F, 0xFF, 0xF8, 0xFF, 0xBF, 0xFF, 0xFF, 0x3F, 0xFF, 0xFF, 0xFF, 0xEF, 0xFF, 0xFF, 0xFF, 0xFB, 0xFF, 0xFF,
    0xFF, 0xFE, 0xFF, 0xFF, 0xFF, 0xFF, 0xFF, 0xFF, 0x01, 0xFF, 0xFF, 0xFF, 0x80, 0x3F, 0xFF, 0xFF, 0xC0, 0x07, 0xFF,
    0xFF, 0xF0, 0x01, 0xFF, 0xFF, 0xF8, 0x00, 0x7F, 0xFF, 0xFE, 0x00, 0x1F, 0xFF, 0xFF, 0x80, 0x07, 0xFF, 0xFF, 0xE0,
    0x01, 0xFF, 0xFF, 0xF8, 0x00, 0x7F, 0xFF, 0xFE, 0x00, 0x1F, 0xFF, 0xFF, 0x80, 0x07, 0xFF, 0xFF, 0xE0, 0x01, 0xFF,
    0xFF, 0xF8, 0x00, 0x7F, 0xFF, 0xFE, 0x00, 0x1F, 0xFF, 0xFF, 0x80, 0x07, 0xFF, 0xFF, 0xE0, 0x01, 0xFF, 0xFF, 0xF8,
    0x00, 0x7F, 0xFF, 0xFE, 0x00, 0x1F, 0xFF, 0xFF, 0x80, 0x07, 0xFF, 0xFF, 0xE0, 0x01, 0xFF, 0xFF, 0xF8, 0x00, 0x7F,
    0xFF, 0xFE, 0x00, 0x1F, 0xFF, 0xFF, 0x80, 0x07, 0xFF, 0xFF, 0xE0, 0x01, 0xFF, 0xFF, 0xF8, 0x00, 0x7F, 0xFF, 0xFE,
    0x00, 0x1F, 0xFF, 0xFF, 0x80, 0x07, 0xFF, 0xFF, 0xE0, 0x01, 0xFF, 0xC0, 0x00, 0x07, 0xFC, 0x00, 0x00, 0x03, 0xFF,
    0xF8, 0x00, 0x00, 0xFF, 0xFF, 0xE0, 0x00, 0x3F, 0xFF, 0xFF, 0x80, 0x07, 0xFF, 0xFF, 0xFC, 0x00, 0xFF, 0xFF, 0xFF,
    0xE0, 0x1F, 0xFF, 0xFF, 0xFF, 0x01, 0xFF, 0xFF, 0xFF, 0xF8, 0x3F, 0xFF, 0xFF, 0xFF, 0x87, 0xFF, 0xC0, 0x7F, 0xFC,
    0x7F, 0xF8, 0x03, 0xFF, 0xC7, 0xFF, 0x00, 0x1F, 0xFE, 0xFF, 0xF0, 0x00, 0xFF, 0xEF, 0xFE, 0x00, 0x0F, 0xFE, 0xFF,
    0xE0, 0x00, 0xFF, 0xEF, 0xFE, 0x00, 0x0F, 0xFE, 0xFF, 0xE0, 0x00, 0x7F, 0xFF, 0xFE, 0x00, 0x07, 0xFF, 0xFF, 0xE0,
    0x00, 0x7F, 0xFF, 0xFE, 0x00, 0x07, 0xFF, 0xFF, 0xE0, 0x00, 0x7F, 0xFF, 0xFE, 0x00, 0x0F, 0xFF, 0xFF, 0xE0, 0x00,
    0xFF, 0xEF, 0xFE, 0x00, 0x0F, 0xFE, 0xFF, 0xE0, 0x00, 0xFF, 0xE7, 0xFF, 0x00, 0x0F, 0xFE, 0x7F, 0xF0, 0x01, 0xFF,
    0xE7, 0xFF, 0x80, 0x3F, 0xFC, 0x3F, 0xFC, 0x07, 0xFF, 0xC3, 0xFF, 0xFF, 0xFF, 0xF8, 0x1F, 0xFF, 0xFF, 0xFF, 0x80,
    0xFF, 0xFF, 0xFF, 0xF0, 0x0F, 0xFF, 0xFF, 0xFE, 0x00, 0x7F, 0xFF, 0xFF, 0xC0, 0x01, 0xFF, 0xFF, 0xF8, 0x00, 0x0F,
    0xFF, 0xFE, 0x00, 0x00, 0x3F, 0xFF, 0x80, 0x00, 0x00, 0x3F, 0xC0, 0x00, 0x00, 0x00, 0x7F, 0x00, 0x3F, 0xE0, 0xFF,
    0xF8, 0x0F, 0xF8, 0x7F, 0xFF, 0x03, 0xFF, 0x3F, 0xFF, 0xE0, 0xFF, 0xDF, 0xFF, 0xFC, 0x3F, 0xFF, 0xFF, 0xFF, 0x8F,
    0xFF, 0xFF, 0xFF, 0xF3, 0xFF, 0xFF, 0xFF, 0xFC, 0xFF, 0xFF, 0xFF, 0xFF, 0xBF, 0xFE, 0x03, 0xFF, 0xEF, 0xFF, 0x00,
    0x7F, 0xFB, 0xFF, 0xC0, 0x0F, 0xFF, 0xFF, 0xE0, 0x03, 0xFF, 0xFF, 0xF8, 0x00, 0x7F, 0xFF, 0xFE, 0x00, 0x1F, 0xFF,
    0xFF, 0x80, 0x07, 0xFF, 0xFF, 0xE0, 0x01, 0xFF, 0xFF, 0xF8, 0x00, 0x7F, 0xFF, 0xFE, 0x00, 0x1F, 0xFF, 0xFF, 0x80,
    0x07, 0xFF, 0xFF, 0xE0, 0x01, 0xFF, 0xFF, 0xF8, 0x00, 0x7F, 0xFF, 0xFE, 0x00, 0x1F, 0xFF, 0xFF, 0x80, 0x07, 0xFF,
    0xFF, 0xE0, 0x01, 0xFF, 0xFF, 0xF8, 0x00, 0xFF, 0xFF, 0xFF, 0x00, 0x3F, 0xFF, 0xFF, 0xC0, 0x1F, 0xFE, 0xFF, 0xFC,
    0x0F, 0xFF, 0xBF, 0xFF, 0xFF, 0xFF, 0xCF, 0xFF, 0xFF, 0xFF, 0xF3, 0xFF, 0xFF, 0xFF, 0xF8, 0xFF, 0xFF, 0xFF, 0xFE,
    0x3F, 0xFF, 0xFF, 0xFF, 0x0F, 0xFD, 0xFF, 0xFF, 0x83, 0xFF, 0x3F, 0xFF, 0xC0, 0xFF, 0xE3, 0xFF, 0xC0, 0x3F, 0xF8,
    0x1F, 0x80, 0x0F, 0xFE, 0x00, 0x00, 0x03, 0xFF, 0x80, 0x00, 0x00, 0xFF, 0xE0, 0x00, 0x00, 0x3F, 0xF8, 0x00, 0x00,
    0x0F, 0xFE, 0x00, 0x00, 0x03, 0xFF, 0x80, 0x00, 0x00, 0xFF, 0xE0, 0x00, 0x00, 0x3F, 0xF8, 0x00, 0x00, 0x0F, 0xFE,
    0x00, 0x00, 0x03, 0xFF, 0x80, 0x00, 0x00, 0xFF, 0xE0, 0x00, 0x00, 0x3F, 0xF8, 0x00, 0x00, 0x0F, 0xFE, 0x00, 0x00,
    0x03, 0xFF, 0x80, 0x00, 0x00, 0xFF, 0xE0, 0x00, 0x00, 0x00, 0x00, 0x1F, 0x80, 0x00, 0x00, 0x1F, 0xFE, 0x0F, 0xFC,
    0x0F, 0xFF, 0xF1, 0xFF, 0x83, 0xFF, 0xFF, 0x3F, 0xF0, 0xFF, 0xFF, 0xFF, 0xFE, 0x3F, 0xFF, 0xFF, 0xFF, 0xC7, 0xFF,
    0xFF, 0xFF, 0xF9, 0xFF, 0xFF, 0xFF, 0xFF, 0x3F, 0xFF, 0xFF, 0xFF, 0xEF, 0xFF, 0x80, 0xFF, 0xFD, 0xFF, 0xE0, 0x0F,
    0xFF, 0xFF, 0xF8, 0x00, 0xFF, 0xFF, 0xFF, 0x00, 0x1F, 0xFF, 0xFF, 0xC0, 0x01, 0xFF, 0xFF, 0xF8, 0x00, 0x3F, 0xFF,
    0xFF, 0x00, 0x07, 0xFF, 0xFF, 0xE0, 0x00, 0xFF, 0xFF, 0xFC, 0x00, 0x1F, 0xFF, 0xFF, 0x80, 0x03, 0xFF, 0xFF, 0xF0,
    0x00, 0x7F, 0xFF, 0xFE, 0x00, 0x0F, 0xFF, 0xFF, 0xC0, 0x01, 0xFF, 0xFF, 0xF8, 0x00, 0x3F, 0xFF, 0xFF, 0x00, 0x07,
    0xFF, 0xFF, 0xE0, 0x00, 0xFF, 0xFF, 0xFE, 0x00, 0x1F, 0xFF, 0xFF, 0xC0, 0x07, 0xFF, 0xBF, 0xFC, 0x01, 0xFF, 0xF7,
    0xFF, 0xC0, 0x7F, 0xFE, 0xFF, 0xFF, 0xFF, 0xFF, 0xCF, 0xFF, 0xFF, 0xFF, 0xF9, 0xFF, 0xFF, 0xFF, 0xFF, 0x1F, 0xFF,
    0xFF, 0xFF, 0xE1, 0xFF, 0xFF, 0xDF, 0xFC, 0x1F, 0xFF, 0xFB, 0xFF, 0x81, 0xFF, 0xFC, 0x7F, 0xF0, 0x0F, 0xFF, 0x0F,
    0xFE, 0x00, 0x7F, 0x01, 0xFF, 0xC0, 0x00, 0x00, 0x3F, 0xF8, 0x00, 0x00, 0x07, 0xFF, 0x00, 0x00, 0x00, 0xFF, 0xE0,
    0x00, 0x00, 0x1F, 0xFC, 0x00, 0x00, 0x03, 0xFF, 0x80, 0x00, 0x00, 0x7F, 0xF0, 0x00, 0x00, 0x0F, 0xFE, 0x00, 0x00,
    0x01, 0xFF, 0xC0, 0x00, 0x00, 0x3F, 0xF8, 0x00, 0x00, 0x07, 0xFF, 0x00, 0x00, 0x00, 0xFF, 0xE0, 0x00, 0x00, 0x1F,
    0xFC, 0x00, 0x00, 0x03, 0xFF, 0x80, 0x00, 0x00, 0x7F, 0xF0, 0x00, 0x00, 0x0F, 0xFE, 0x00, 0x00, 0x7F, 0x7F, 0x80,
    0xFF, 0xFF, 0xE1, 0xFF, 0xFF, 0xF1, 0xFF, 0xEF, 0xF9, 0xFF, 0xF7, 0xFD, 0xFF, 0xFB, 0xFF, 0xFF, 0xFD, 0xFF, 0xFF,
    0xFE, 0xFF, 0xFF, 0xFF, 0x7F, 0xFF, 0xFF, 0xBF, 0xFF, 0xC0, 0x1F, 0xFF, 0x80, 0x0F, 0xFF, 0x80, 0x07, 0xFF, 0x80,
    0x03, 0xFF, 0x80, 0x01, 0xFF, 0xC0, 0x00, 0xFF, 0xE0, 0x00, 0x7F, 0xF0, 0x00, 0x3F, 0xF8, 0x00, 0x1F, 0xFC, 0x00,
    0x0F, 0xFE, 0x00, 0x07, 0xFF, 0x00, 0x03, 0xFF, 0x80, 0x01, 0xFF, 0xC0, 0x00, 0xFF, 0xE0, 0x00, 0x7F, 0xF0, 0x00,
    0x3F, 0xF8, 0x00, 0x1F, 0xFC, 0x00, 0x0F, 0xFE, 0x00, 0x07, 0xFF, 0x00, 0x03, 0xFF, 0x80, 0x01, 0xFF, 0xC0, 0x00,
    0xFF, 0xE0, 0x00, 0x7F, 0xF0, 0x00, 0x3F, 0xF8, 0x00, 0x1F, 0xFC, 0x00, 0x0F, 0xFE, 0x00, 0x00, 0x00, 0x3F, 0xE0,
    0x00, 0x3F, 0xFF, 0xE0, 0x0F, 0xFF, 0xFF, 0xC1, 0xFF, 0xFF, 0xFF, 0x3F, 0xFF, 0xFF, 0xF7, 0xFF, 0xFF, 0xFE, 0xFF,
    0xFF, 0xFF, 0xEF, 0xFF, 0xFF, 0xFC, 0xFF, 0xFF, 0xFF, 0xCF, 0xFC, 0x00, 0xF8, 0xFF, 0x80, 0x01, 0x8F, 0xFC, 0x00,
    0x00, 0xFF, 0xE0, 0x00, 0x0F, 0xFF, 0x80, 0x00, 0xFF, 0xFE, 0x00, 0x07, 0xFF, 0xFC, 0x00, 0x7F, 0xFF, 0xF0, 0x03,
    0xFF, 0xFF, 0xE0, 0x0F, 0xFF, 0xFF, 0x00, 0x7F, 0xFF, 0xFC, 0x01, 0xFF, 0xFF, 0xC0, 0x07, 0xFF, 0xFE, 0x00, 0x0F,
    0xFF, 0xF0, 0x00, 0x3F, 0xFF, 0x00, 0x00, 0xFF, 0xF0, 0x00, 0x07, 0xFF, 0x00, 0x00, 0x3F, 0xFC, 0x00, 0x07, 0xFF,
    0xF8, 0x00, 0x7F, 0xFF, 0xFF, 0xFF, 0xFF, 0xFF, 0xFF, 0xFF, 0xFF, 0xFF, 0xFF, 0xFE, 0xFF, 0xFF, 0xFF, 0xEF, 0xFF,
    0xFF, 0xFC, 0xFF, 0xFF, 0xFF, 0x8F, 0xFF, 0xFF, 0xE0, 0x3F, 0xFF, 0xF8, 0x00, 0x1F, 0xFC, 0x00, 0x00, 0xFE, 0x00,
    0x00, 0x3F, 0x80, 0x00, 0x1F, 0xE0, 0x00, 0x07, 0xF8, 0x00, 0x03, 0xFE, 0x00, 0x00, 0xFF, 0x80, 0x00, 0x3F, 0xE0,
    0x00, 0x1F, 0xF8, 0x00, 0x0F, 0xFF, 0xFF, 0x8F, 0xFF, 0xFF, 0xE7, 0xFF, 0xFF, 0xFB, 0xFF, 0xFF, 0xFE, 0xFF, 0xFF,
    0xFF, 0xBF, 0xFF, 0xFF, 0xEF, 0xFF, 0xFF, 0xFB, 0xFF, 0xFF, 0xFE, 0x0F, 0xFE, 0x00, 0x03, 0xFF, 0x80, 0x00, 0xFF,
    0xE0, 0x00, 0x3F, 0xF8, 0x00, 0x0F, 0xFE, 0x00, 0x03, 0xFF, 0x80, 0x00, 0xFF, 0xE0, 0x00, 0x3F, 0xF8, 0x00, 0x0F,
    0xFE, 0x00, 0x03, 0xFF, 0x80, 0x00, 0xFF, 0xE0, 0x00, 0x3F, 0xF8, 0x00, 0x0F, 0xFE, 0x00, 0x03, 0xFF, 0x80, 0x00,
    0xFF, 0xE0, 0x00, 0x3F, 0xF8, 0x00, 0x0F, 0xFE, 0x00, 0x03, 0xFF, 0x80, 0x00, 0xFF, 0xF0, 0x00, 0x1F, 0xFC, 0x00,
    0x07, 0xFF, 0xFF, 0xC1, 0xFF, 0xFF, 0xF0, 0x7F, 0xFF, 0xFC, 0x0F, 0xFF, 0xFF, 0x03, 0xFF, 0xFF, 0xC0, 0x7F, 0xFF,
    0xF0, 0x0F, 0xFF, 0xFC, 0x00, 0xFF, 0xFE, 0x00, 0x07, 0xF8, 0x00, 0xFF, 0xE0, 0x01, 0xFF, 0xFF, 0xF8, 0x00, 0x7F,
    0xFF, 0xFE, 0x00, 0x1F, 0xFF, 0xFF, 0x80, 0x07, 0xFF, 0xFF, 0xE0, 0x01, 0xFF, 0xFF, 0xF8, 0x00, 0x7F, 0xFF, 0xFE,
    0x00, 0x1F, 0xFF, 0xFF, 0x80, 0x07, 0xFF, 0xFF, 0xE0, 0x01, 0xFF, 0xFF, 0xF8, 0x00, 0x7F, 0xFF, 0xFE, 0x00, 0x1F,
    0xFF, 0xFF, 0x80, 0x07, 0xFF, 0xFF, 0xE0, 0x01, 0xFF, 0xFF, 0xF8, 0x00, 0x7F, 0xFF, 0xFE, 0x00, 0x1F, 0xFF, 0xFF,
    0x80, 0x07, 0xFF, 0xFF, 0xE0, 0x01, 0xFF, 0xFF, 0xF8, 0x00, 0x7F, 0xFF, 0xFE, 0x00, 0x1F, 0xFF, 0xFF, 0x80, 0x07,
    0xFF, 0xFF, 0xE0, 0x01, 0xFF, 0xFF, 0xF8, 0x00, 0x7F, 0xFF, 0xFE, 0x00, 0x1F, 0xFF, 0xFF, 0x80, 0x07, 0xFF, 0xFF,
    0xE0, 0x03, 0xFF, 0xFF, 0xF8, 0x00, 0xFF, 0xFF, 0xFF, 0x00, 0x7F, 0xFF, 0xFF, 0xE0, 0x3F, 0xFF, 0xFF, 0xFF, 0xFF,
    0xFF, 0xDF, 0xFF, 0xFF, 0xFF, 0xF7, 0xFF, 0xFF, 0xFF, 0xFC, 0xFF, 0xFF, 0xFF, 0xFF, 0x3F, 0xFF, 0xFF, 0x7F, 0xC7,
    0xFF, 0xFF, 0x9F, 0xF0, 0xFF, 0xFF, 0xC7, 0xFC, 0x0F, 0xFF, 0xC0, 0xFF, 0x00, 0x7F, 0x80, 0x00, 0x00, 0xFF, 0xE0,
    0x00, 0x1F, 0xFD, 0xFF, 0xC0, 0x00, 0x3F, 0xF9, 0xFF, 0xC0, 0x00, 0xFF, 0xE3, 0xFF, 0x80, 0x01, 0xFF, 0xC7, 0xFF,
    0x00, 0x03, 0xFF, 0x87, 0xFF, 0x00, 0x0F, 0xFE, 0x0F, 0xFE, 0x00, 0x1F, 0xFC, 0x0F, 0xFC, 0x00, 0x3F, 0xF8, 0x1F,
    0xFC, 0x00, 0xFF, 0xE0, 0x3F, 0xF8, 0x01, 0xFF, 0xC0, 0x3F, 0xF0, 0x03, 0xFF, 0x00, 0x7F, 0xF0, 0x0F, 0xFE, 0x00,
    0xFF, 0xE0, 0x1F, 0xFC, 0x00, 0xFF, 0xC0, 0x3F, 0xF0, 0x01, 0xFF, 0xC0, 0xFF, 0xE0, 0x01, 0xFF, 0x81, 0xFF, 0x80,
    0x03, 0xFF, 0x03, 0xFF, 0x00, 0x07, 0xFF, 0x0F, 0xFE, 0x00, 0x07, 0xFE, 0x1F, 0xF8, 0x00, 0x0F, 0xFC, 0x3F, 0xF0,
    0x00, 0x0F, 0xF8, 0xFF, 0xE0, 0x00, 0x1F, 0xF9, 0xFF, 0x80, 0x00, 0x3F, 0xF3, 0xFF, 0x00, 0x00, 0x3F, 0xE7, 0xFC,
    0x00, 0x00, 0x7F, 0xFF, 0xF8, 0x00, 0x00, 0xFF, 0xFF, 0xF0, 0x00, 0x00, 0xFF, 0xFF, 0xC0, 0x00, 0x01, 0xFF, 0xFF,
    0x80, 0x00, 0x01, 0xFF, 0xFE, 0x00, 0x00, 0x03, 0xFF, 0xFC, 0x00, 0x00, 0x07, 0xFF, 0xF8, 0x00, 0x00, 0x07, 0xFF,
    0xE0, 0x00, 0x00, 0x0F, 0xFF, 0xC0, 0x00, 0x00, 0x0F, 0xFF, 0x80, 0x00, 0x00, 0x1F, 0xFE, 0x00, 0x00, 0x00, 0x3F,
    0xFC, 0x00, 0x00, 0xFF, 0xE0, 0x01, 0xFF, 0xE0, 0x03, 0xFF, 0xBF, 0xF0, 0x01, 0xFF, 0xF0, 0x01, 0xFF, 0x9F, 0xFC,
    0x00, 0xFF, 0xF8, 0x00, 0xFF, 0xCF, 0xFE, 0x00, 0x7F, 0xFC, 0x00, 0xFF, 0xE3, 0xFF, 0x00, 0x3F, 0xFF, 0x00, 0x7F,
    0xF1, 0xFF, 0x80, 0x3F, 0xFF, 0x80, 0x3F, 0xF0, 0xFF, 0xE0, 0x1F, 0xFF, 0xC0, 0x1F, 0xF8, 0x3F, 0xF0, 0x0F, 0xFF,
    0xE0, 0x1F, 0xFC, 0x1F, 0xF8, 0x07, 0xFF, 0xF8, 0x0F, 0xFC, 0x0F, 0xFC, 0x07, 0xFB, 0xFC, 0x07, 0xFE, 0x07, 0xFF,
    0x03, 0xFD, 0xFE, 0x03, 0xFF, 0x01, 0xFF, 0x81, 0xFE, 0xFF, 0x03, 0xFF, 0x80, 0xFF, 0xC0, 0xFF, 0x7F, 0xC1, 0xFF,
    0x80, 0x7F, 0xF0, 0xFF, 0x1F, 0xE0, 0xFF, 0xC0, 0x1F, 0xF8, 0x7F, 0x8F, 0xF0, 0xFF, 0xE0, 0x0F, 0xFC, 0x3F, 0xC7,
    0xF8, 0x7F, 0xE0, 0x07, 0xFE, 0x1F, 0xE3, 0xFE, 0x3F, 0xF0, 0x03, 0xFF, 0x9F, 0xE0, 0xFF, 0x1F, 0xF8, 0x00, 0xFF,
    0xCF, 0xF0, 0x7F, 0x9F, 0xF8, 0x00, 0x7F, 0xE7, 0xF8, 0x3F, 0xCF, 0xFC, 0x00, 0x3F, 0xF3, 0xFC, 0x1F, 0xE7, 0xFE,
    0x00, 0x0F, 0xF9, 0xFE, 0x07, 0xFB, 0xFF, 0x00, 0x07, 0xFD, 0xFE, 0x03, 0xFD, 0xFF, 0x00, 0x03, 0xFF, 0xFF, 0x01,
    0xFE, 0xFF, 0x80, 0x01, 0xFF, 0xFF, 0x80, 0xFF, 0xFF, 0xC0, 0x00, 0x7F, 0xFF, 0xC0, 0x7F, 0xFF, 0xC0, 0x00, 0x3F,
    0xFF, 0xC0, 0x1F, 0xFF, 0xE0, 0x00, 0x1F, 0xFF, 0xE0, 0x0F, 0xFF, 0xF0, 0x00, 0x07, 0xFF, 0xF0, 0x07, 0xFF, 0xF8,
    0x00, 0x03, 0xFF, 0xF8, 0x03, 0xFF, 0xF8, 0x00, 0x01, 0xFF, 0xF8, 0x00, 0xFF, 0xFC, 0x00, 0x00, 0xFF, 0xFC, 0x00,
    0x7F, 0xFE, 0x00, 0x00, 0x3F, 0xFE, 0x00, 0x3F, 0xFE, 0x00, 0x00, 0x1F, 0xFF, 0x00, 0x1F, 0xFF, 0x00, 0x00, 0x0F,
    0xFF, 0x00, 0x0F, 0xFF, 0x80, 0x00, 0x03, 0xFF, 0x80, 0x03, 0xFF, 0xC0, 0x00, 0x7F, 0xF8, 0x00, 0x3F, 0xFC, 0x7F,
    0xF8, 0x00, 0xFF, 0xF0, 0xFF, 0xF0, 0x03, 0xFF, 0xC0, 0xFF, 0xF0, 0x07, 0xFF, 0x80, 0xFF, 0xE0, 0x1F, 0xFE, 0x01,
    0xFF, 0xE0, 0x3F, 0xF8, 0x01, 0xFF, 0xE0, 0xFF, 0xF0, 0x01, 0xFF, 0xC3, 0xFF, 0xC0, 0x03, 0xFF, 0xC7, 0xFF, 0x00,
    0x03, 0xFF, 0x9F, 0xFE, 0x00, 0x03, 0xFF, 0xFF, 0xF8, 0x00, 0x07, 0xFF, 0xFF, 0xE0, 0x00, 0x07, 0xFF, 0xFF, 0xC0,
    0x00, 0x07, 0xFF, 0xFF, 0x00, 0x00, 0x0F, 0xFF, 0xFC, 0x00, 0x00, 0x0F, 0xFF, 0xF8, 0x00, 0x00, 0x0F, 0xFF, 0xE0,
    0x00, 0x00, 0x1F, 0xFF, 0x80, 0x00, 0x00, 0x3F, 0xFF, 0x80, 0x00, 0x00, 0xFF, 0xFF, 0x80, 0x00, 0x03, 0xFF, 0xFF,
    0x00, 0x00, 0x07, 0xFF, 0xFF, 0x00, 0x00, 0x1F, 0xFF, 0xFF, 0x00, 0x00, 0x7F, 0xFF, 0xFE, 0x00, 0x00, 0xFF, 0xFF,
    0xFE, 0x00, 0x03, 0xFF, 0xDF, 0xFE, 0x00, 0x0F, 0xFF, 0x1F, 0xFC, 0x00, 0x1F, 0xFC, 0x3F, 0xFC, 0x00, 0x7F, 0xF8,
    0x3F, 0xFC, 0x01, 0xFF, 0xE0, 0x7F, 0xF8, 0x03, 0xFF, 0x80, 0x7F, 0xF8, 0x0F, 0xFF, 0x00, 0x7F, 0xF8, 0x3F, 0xFC,
    0x00, 0xFF, 0xF0, 0x7F, 0xF8, 0x00, 0xFF, 0xF1, 0xFF, 0xE0, 0x00, 0xFF, 0xF7, 0xFF, 0x80, 0x01, 0xFF, 0xE0, 0xFF,
    0xF0, 0x00, 0x0F, 0xFE, 0xFF, 0xE0, 0x00, 0x3F, 0xFD, 0xFF, 0xC0, 0x00, 0x7F, 0xF1, 0xFF, 0xC0, 0x00, 0xFF, 0xE3,
    0xFF, 0x80, 0x01, 0xFF, 0x87, 0xFF, 0x00, 0x07, 0xFF, 0x07, 0xFF, 0x00, 0x0F, 0xFE, 0x0F, 0xFE, 0x00, 0x1F, 0xF8,
    0x0F, 0xFC, 0x00, 0x7F, 0xF0, 0x1F, 0xFC, 0x00, 0xFF, 0xE0, 0x3F, 0xF8, 0x01, 0xFF, 0x80, 0x3F, 0xF0, 0x07, 0xFF,
    0x00, 0x7F, 0xF0, 0x0F, 0xFC, 0x00, 0x7F, 0xE0, 0x1F, 0xF8, 0x00, 0xFF, 0xC0, 0x7F, 0xF0, 0x01, 0xFF, 0xC0, 0xFF,
    0xC0, 0x01, 0xFF, 0x81, 0xFF, 0x80, 0x03, 0xFF, 0x07, 0xFE, 0x00, 0x03, 0xFF, 0x0F, 0xFC, 0x00, 0x07, 0xFE, 0x1F,
    0xF8, 0x00, 0x0F, 0xFC, 0x7F, 0xE0, 0x00, 0x0F, 0xFC, 0xFF, 0xC0, 0x00, 0x1F, 0xF9, 0xFF, 0x80, 0x00, 0x1F, 0xF7,
    0xFE, 0x00, 0x00, 0x3F, 0xFF, 0xFC, 0x00, 0x00, 0x7F, 0xFF, 0xF0, 0x00, 0x00, 0x7F, 0xFF, 0xE0, 0x00, 0x00, 0xFF,
    0xFF, 0xC0, 0x00, 0x00, 0xFF, 0xFF, 0x00, 0x00, 0x01, 0xFF, 0xFE, 0x00, 0x00, 0x03, 0xFF, 0xFC, 0x00, 0x00, 0x03,
    0xFF, 0xF0, 0x00, 0x00, 0x07, 0xFF, 0xE0, 0x00, 0x00, 0x07, 0xFF, 0x80, 0x00, 0x00, 0x0F, 0xFF, 0x00, 0x00, 0x00,
    0x1F, 0xFE, 0x00, 0x00, 0x00, 0x1F, 0xF8, 0x00, 0x00, 0x00, 0x7F, 0xF0, 0x00, 0x00, 0x00, 0xFF, 0xE0, 0x00, 0x00,
    0x03, 0xFF, 0x80, 0x00, 0x00, 0x07, 0xFF, 0x00, 0x00, 0x00, 0x1F, 0xFC, 0x00, 0x00, 0x00, 0x7F, 0xF8, 0x00, 0x00,
    0x01, 0xFF, 0xE0, 0x00, 0x01, 0xFF, 0xFF, 0xC0, 0x00, 0x03, 0xFF, 0xFF, 0x00, 0x00, 0x07, 0xFF, 0xFE, 0x00, 0x00,
    0x0F, 0xFF, 0xF8, 0x00, 0x00, 0x1F, 0xFF, 0xE0, 0x00, 0x00, 0x3F, 0xFF, 0x80, 0x00, 0x00, 0x7F, 0xFC, 0x00, 0x00,
    0x00, 0xFF, 0xE0, 0x00, 0x00, 0x00, 0x7F, 0xFF, 0xFF, 0xF3, 0xFF, 0xFF, 0xFF, 0x9F, 0xFF, 0xFF, 0xFC, 0xFF, 0xFF,
    0xFF, 0xE7, 0xFF, 0xFF, 0xFF, 0x3F, 0xFF, 0xFF, 0xF9, 0xFF, 0xFF, 0xFF, 0xCF, 0xFF, 0xFF, 0xFE, 0x00, 0x00, 0xFF,
    0xE0, 0x00, 0x0F, 0xFE, 0x00, 0x00, 0xFF, 0xE0, 0x00, 0x0F, 0xFF, 0x00, 0x00, 0x7F, 0xF0, 0x00, 0x07, 0xFF, 0x00,
    0x00, 0x7F, 0xF0, 0x00, 0x07, 0xFF, 0x80, 0x00, 0x3F, 0xF8, 0x00, 0x03, 0xFF, 0x80, 0x00, 0x3F, 0xFC, 0x00, 0x03,
    0xFF, 0xC0, 0x00, 0x1F, 0xFC, 0x00, 0x01, 0xFF, 0xC0, 0x00, 0x1F, 0xFE, 0x00, 0x01, 0xFF, 0xE0, 0x00, 0x0F, 0xFE,
    0x00, 0x00, 0xFF, 0xE0, 0x00, 0x0F, 0xFF, 0x00, 0x00, 0x7F, 0xF0, 0x00, 0x07, 0xFF, 0xFF, 0xFF, 0xFF, 0xFF, 0xFF,
    0xFF, 0xFF, 0xFF, 0xFF, 0xFF, 0xFF, 0xFF, 0xFF, 0xFF, 0xFF, 0xFF, 0xFF, 0xFF, 0xFF, 0xFF, 0xFF, 0xFF, 0xFF, 0xFF,
    0xFF, 0xFF, 0xFF, 0xF0, 0x00, 0x01, 0xFF, 0x00, 0x0F, 0xFF, 0x00, 0x1F, 0xFF, 0x00, 0x3F, 0xFF, 0x00, 0x7F, 0xFF,
    0x00, 0x7F, 0xFF, 0x00, 0x7F, 0xFF, 0x00, 0x7F, 0xFF, 0x00, 0x7F, 0xF0, 0x00, 0x7F, 0xE0, 0x00, 0x7F, 0xE0, 0x00,
    0x7F, 0xC0, 0x00, 0x7F, 0xC0, 0x00, 0x7F, 0xC0, 0x00, 0x7F, 0xC0, 0x00, 0x7F, 0xC0, 0x00, 0x7F, 0xC0, 0x00, 0x7F,
    0xC0, 0x00, 0x7F, 0xC0, 0x00, 0x7F, 0xC0, 0x00, 0x7F, 0xC0, 0x00, 0xFF, 0xC0, 0x00, 0xFF, 0xC0, 0x01, 0xFF, 0xC0,
    0x07, 0xFF, 0xC0, 0xFF, 0xFF, 0x80, 0xFF, 0xFF, 0x80, 0xFF, 0xFE, 0x00, 0xFF, 0xF8, 0x00, 0xFF, 0xF8, 0x00, 0xFF,
    0xFE, 0x00, 0xFF, 0xFF, 0x00, 0xFF, 0xFF, 0x80, 0x1F, 0xFF, 0xC0, 0x03, 0xFF, 0xC0, 0x00, 0xFF, 0xC0, 0x00, 0xFF,
    0xC0, 0x00, 0xFF, 0xC0, 0x00, 0x7F, 0xC0, 0x00, 0x7F, 0xC0, 0x00, 0x7F, 0xC0, 0x00, 0x7F, 0xC0, 0x00, 0x7F, 0xC0,
    0x00, 0x7F, 0xC0, 0x00, 0x7F, 0xC0, 0x00, 0x7F, 0xC0, 0x00, 0x7F, 0xC0, 0x00, 0x7F, 0xC0, 0x00, 0x7F, 0xE0, 0x00,
    0x7F, 0xE0, 0x00, 0x7F, 0xFC, 0x00, 0x7F, 0xFF, 0x00, 0x7F, 0xFF, 0x00, 0x7F, 0xFF, 0x00, 0x3F, 0xFF, 0x00, 0x3F,
    0xFF, 0x00, 0x1F, 0xFF, 0x00, 0x07, 0xFF, 0x00, 0x00, 0xFF, 0xFF, 0xFF, 0xFF, 0xFF, 0xFF, 0xFF, 0xFF, 0xFF, 0xFF,
    0xFF, 0xFF, 0xFF, 0xFF, 0xFF, 0xFF, 0xFF, 0xFF, 0xFF, 0xFF, 0xFF, 0xFF, 0xFF, 0xFF, 0xFF, 0xFF, 0xFF, 0xFF, 0xFF,
    0xFF, 0xFF, 0xFF, 0xFF, 0xFF, 0xFF, 0xFF, 0xFF, 0xFF, 0xFF, 0xFF, 0xFF, 0xFF, 0xFF, 0xFF, 0xFF, 0xFF, 0xFF, 0xFF,
    0xFF, 0xFF, 0xFF, 0xFF, 0xFF, 0xFF, 0xFF, 0xFF, 0xFF, 0xFF, 0xFC, 0xFF, 0x80, 0x01, 0xFF, 0xE0, 0x03, 0xFF, 0xE0,
    0x07, 0xFF, 0xE0, 0x0F, 0xFF, 0xC0, 0x1F, 0xFF, 0xC0, 0x3F, 0xFF, 0x80, 0x7F, 0xFF, 0x00, 0x0F, 0xFE, 0x00, 0x0F,
    0xFC, 0x00, 0x1F, 0xF8, 0x00, 0x1F, 0xF0, 0x00, 0x3F, 0xE0, 0x00, 0x7F, 0xC0, 0x00, 0xFF, 0x80, 0x01, 0xFF, 0x00,
    0x03, 0xFE, 0x00, 0x07, 0xFC, 0x00, 0x0F, 0xF8, 0x00, 0x1F, 0xF0, 0x00, 0x3F, 0xE0, 0x00, 0x7F, 0xE0, 0x00, 0xFF,
    0xC0, 0x01, 0xFF, 0xC0, 0x03, 0xFF, 0xE0, 0x03, 0xFF, 0xFC, 0x07, 0xFF, 0xF8, 0x03, 0xFF, 0xF0, 0x01, 0xFF, 0xE0,
    0x03, 0xFF, 0xC0, 0x1F, 0xFF, 0x80, 0x7F, 0xFF, 0x01, 0xFF, 0xFE, 0x07, 0xFF, 0xF0, 0x0F, 0xFF, 0x00, 0x1F, 0xF8,
    0x00, 0x3F, 0xF0, 0x00, 0x7F, 0xE0, 0x00, 0xFF, 0x80, 0x01, 0xFF, 0x00, 0x03, 0xFE, 0x00, 0x07, 0xFC, 0x00, 0x0F,
    0xF8, 0x00, 0x1F, 0xF0, 0x00, 0x3F, 0xE0, 0x00, 0x7F, 0xC0, 0x00, 0xFF, 0x80, 0x01, 0xFF, 0x00, 0x07, 0xFE, 0x00,
    0x0F, 0xFC, 0x00, 0xFF, 0xF8, 0x07, 0xFF, 0xF0, 0x0F, 0xFF, 0xE0, 0x1F, 0xFF, 0xC0, 0x3F, 0xFF, 0x00, 0x7F, 0xFE,
    0x00, 0xFF, 0xF8, 0x01, 0xFF, 0xC0, 0x03, 0xFC, 0x00, 0x00, 0x00, 0x00, 0x00, 0x00, 0x1F, 0xFC, 0x00, 0x01, 0x7F,
    0xFF, 0x80, 0x07, 0xFF, 0xFF, 0xF8, 0x1F, 0xFF, 0xFF, 0xFF, 0xFF, 0xFF, 0xFF, 0xFF, 0xFF, 0xFF, 0xFF, 0xFF, 0xFF,
    0xFF, 0xFF, 0xFF, 0xFF, 0xFF, 0xFF, 0xFF, 0xFF, 0xF8, 0x1F, 0xFF, 0xFF, 0xE0, 0x01, 0xFF, 0xFE, 0x80, 0x00, 0x3F,
    0xF8, 0x00, 0x00, 0x00, 0x00, 0xFF, 0xFF, 0xFF, 0xFF, 0xFF, 0xFF, 0xFF, 0xFF, 0xFF, 0xFF, 0xFF, 0xFF, 0xFF, 0xFF,
    0xFF, 0xFF, 0xFF, 0xFF, 0xFF, 0xFF, 0xFF, 0xFF, 0xFF, 0xFF, 0xFF, 0xFF, 0xFF, 0xFF, 0xFF, 0xFF, 0xFF, 0xFF, 0xFF,
    0xFF, 0xFF, 0xFF, 0xFF, 0xFF, 0xFF, 0xFF, 0xFF, 0xFF, 0xFF, 0xFF, 0xFF, 0xFF, 0xFF, 0xFF, 0xFF, 0xFF, 0xFF, 0xFF,
    0xFF, 0xFF, 0xFF, 0xFF, 0xFF, 0xFF, 0xFF, 0xFF, 0xFF, 0xFF, 0xFF, 0xFF, 0xFF, 0xFF, 0xFF, 0xFF, 0xFF, 0xFF, 0xFF,
    0xFF, 0xFF, 0xFF, 0xFF, 0xFF, 0xFF, 0xFF, 0xFF, 0xFF, 0xFF, 0xFF, 0xFF, 0xFF, 0xFF, 0xFF, 0xFF, 0xFF, 0xFF, 0xFF,
    0x03, 0xFC, 0x1F, 0xF0, 0x7F, 0x81, 0xFE, 0x0F, 0xF8, 0x3F, 0xE1, 0xFF, 0x87, 0xFC, 0x1F, 0xF0, 0xFF, 0xC3, 0xFF,
    0x0F, 0xFC, 0x7F, 0xE1, 0xFF, 0x87, 0xFE, 0x1F, 0xF8, 0x0F, 0xFC, 0x7F, 0xF1, 0xFF, 0xC7, 0xFE, 0x1F, 0xF8, 0x7F,
    0xE1, 0xFF, 0x0F, 0xFC, 0x3F, 0xE0, 0xFF, 0x83, 0xFE, 0x1F, 0xF0, 0x7F, 0xC1, 0xFE, 0x07, 0xF8, 0x1F, 0xE0, 0x03,
    0xFC, 0x07, 0xF8, 0x3F, 0xE0, 0x3F, 0xC1, 0xFE, 0x03, 0xFE, 0x0F, 0xF0, 0x1F, 0xE0, 0xFF, 0x81, 0xFF, 0x07, 0xFC,
    0x0F, 0xF8, 0x7F, 0xE0, 0x7F, 0xC3, 0xFE, 0x07, 0xFE, 0x1F, 0xF0, 0x3F, 0xE1, 0xFF, 0x83, 0xFF, 0x0F, 0xFC, 0x1F,
    0xF8, 0x7F, 0xE0, 0xFF, 0xC7, 0xFE, 0x0F, 0xFE, 0x3F, 0xF0, 0x7F, 0xE1, 0xFF, 0x83, 0xFF, 0x0F, 0xFC, 0x1F, 0xF8,
    0x0F, 0xFC, 0x1F, 0xF8, 0xFF, 0xE0, 0xFF, 0xC7, 0xFF, 0x0F, 0xFE, 0x3F, 0xF0, 0x7F, 0xE1, 0xFF, 0x83, 0xFF, 0x0F,
    0xFC, 0x1F, 0xF8, 0x7F, 0xC0, 0xFF, 0x87, 0xFE, 0x07, 0xFC, 0x3F, 0xE0, 0x7F, 0xE1, 0xFF, 0x03, 0xFE, 0x0F, 0xF8,
    0x1F, 0xF0, 0xFF, 0x80, 0xFF, 0x07, 0xFC, 0x0F, 0xF8, 0x3F, 0xC0, 0x7F, 0xC1, 0xFE, 0x03, 0xFC, 0x0F, 0xF0, 0x1F,
    0xE0, 0x0F, 0x80, 0x03, 0xF0, 0x00, 0x7E, 0x1F, 0xF8, 0x03, 0xFF, 0x00, 0x7F, 0xE7, 0xFE, 0x00, 0xFF, 0xC0, 0x1F,
    0xFB, 0xFF, 0xC0, 0x7F, 0xF8, 0x0F, 0xFF, 0xFF, 0xF0, 0x1F, 0xFE, 0x03, 0xFF, 0xFF, 0xFC, 0x07, 0xFF, 0x80, 0xFF,
    0xFF, 0xFF, 0x01, 0xFF, 0xE0, 0x3F, 0xFF, 0xFF, 0xC0, 0x7F, 0xF8, 0x0F, 0xFF, 0xFF, 0xF0, 0x1F, 0xFE, 0x03, 0xFF,
    0xDF, 0xF8, 0x03, 0xFF, 0x00, 0x7F, 0xE3, 0xFC, 0x00, 0x7F, 0x80, 0x0F, 0xF0, 0x3C, 0x00, 0x07, 0x80, 0x00, 0xF0,
};

static const EpdGlyph prompter_sans_32Glyphs[] = {
    {0, 0, 277, 0, 0, 0, 0},            // U+0020
    {12, 49, 301, 4, 48, 74, 0},        // !
    {24, 17, 511, 4, 48, 51, 74},       // "
    {40, 48, 689, 1, 48, 240, 125},     // #
    {33, 54, 610, 3, 51, 223, 365},     // $
    {56, 50, 962, 2, 49, 350, 588},     // %
    {47, 50, 800, 3, 49, 294, 938},     // &
    {10, 17, 284, 4, 48, 22, 1232},     // '
    {19, 58, 362, 3, 48, 138, 1254},    // (
    {19, 58, 362, 1, 48, 138, 1392},    // )
    {34, 32, 578, 1, 51, 136, 1530},    // *
    {32, 32, 610, 3, 39, 128, 1666},    // +
    {13, 16, 304, 2, 7, 26, 1794},      // ,
    {18, 8, 341, 2, 22, 18, 1820},      // -
    {12, 12, 300, 4, 11, 18, 1838},     // .
    {28, 48, 443, 0, 48, 168, 1856},    // /
    {34, 50, 610, 2, 49, 213, 2024},    // 0
    {25, 48, 610, 4, 48, 150, 2237},    // 1
    {34, 49, 610, 2, 49, 209, 2387},    // 2
    {34, 50, 610, 2, 49, 213, 2596},    // 3
    {36, 48, 610, 1, 48, 216, 2809},    // 4
    {33, 49, 610, 3, 48, 203, 3025},    // 5
    {34, 50, 610, 2, 49, 213, 3228},    // 6
    {34, 48, 610, 2, 48, 204, 3441},    // 7
    {33, 50, 610, 2, 49, 207, 3645},    // 8
    {34, 50, 610, 2, 49, 213, 3852},    // 9
    {12, 38, 300, 4, 37, 57, 4065},     // :
    {13, 46, 304, 2, 37, 75, 4122},     // ;
    {33, 36, 610, 3, 42, 149, 4197},    // <
    {32, 20, 610, 3, 34, 80, 4346},     // =
    {33, 36, 610, 3, 42, 149, 4426},    // >
    {30, 50, 509, 0, 49, 188, 4575},    // ?
    {54, 53, 958, 3, 48, 358, 4763},    // @
    {47, 48, 738, 0, 48, 282, 5121},    // A
    {36, 48, 709, 6, 48, 216, 5403},    // B
    {37, 50, 685, 4, 49, 232, 5619},    // C
    {40, 48, 781, 6, 48, 240, 5851},    // D
    {28, 48, 597, 6, 48, 168, 6091},    // E
    {28, 48, 586, 6, 48, 168, 6259},    // F
    {40, 50, 772, 4, 49, 250, 6427},    // G
    {39, 48, 816, 6, 48, 234, 6677},    // H
    {22, 48, 415, 2, 48, 132, 6911},    // I
    {22, 61, 353, -5, 48, 168, 7043},   // J
    {39, 48, 708, 6, 48, 234, 7211},    // K
    {30, 48, 596, 6, 48, 180, 7445},    // L
    {51, 48, 1006, 6, 48, 306, 7625},   // M
    {42, 48, 867, 6, 48, 252, 7931},    // N
    {45, 50, 844, 4, 49, 282, 8183},    // O
    {33, 48, 662, 6, 48, 198, 8465},    // P
    {45, 60, 844, 4, 49, 338, 8663},    // Q
    {39, 48, 700, 6, 48, 234, 9001},    // R
    {33, 50, 588, 3, 49, 207, 9235},    // S
    {36, 48, 616, 1, 48, 216, 9442},    // T
    {40, 49, 806, 6, 48, 245, 9658},    // U
    {44, 48, 693, 0, 48, 264, 9903},    // V
    {65, 48, 1032, 0, 48, 390, 10167},  // W
    {45, 48, 715, 0, 48, 270, 10557},   // X
    {42, 48, 668, 0, 48, 252, 10827},   // Y
    {35, 48, 618, 2, 48, 210, 11079},   // Z
    {16, 58, 353, 5, 48, 116, 11289},   // [
    {28, 48, 443, 0, 48, 168, 11405},   // <backslash>
    {16, 58, 353, 1, 48, 116, 11573},   // ]
    {36, 31, 610, 1, 48, 140, 11689},   // ^
    {28, 5, 438, 0, -6, 18, 11829},     // _
    {19, 11, 389, 3, 51, 27, 11847},    // `
    {33, 38, 639, 3, 37, 157, 11874},   // a
    {34, 52, 674, 5, 51, 221, 12031},   // b
    {30, 38, 550, 3, 37, 143, 12252},   // c
    {35, 52, 674, 3, 51, 228, 12395},   // d
    {33, 38, 637, 3, 37, 157, 12623},   // e
    {28, 51, 413, 1, 51, 179, 12780},   // f
    {34, 53, 674, 3, 37, 226, 12959},   // g
    {34, 51, 693, 5, 51, 217, 13185},   // h
    {11, 51, 319, 5, 51, 71, 13402},    // i
    {19, 67, 318, -3, 51, 160, 13473},  // j
    {37, 51, 661, 5, 51, 236, 13633},   // k
    {11, 51, 318, 5, 51, 71, 13869},    // l
    {56, 37, 1040, 5, 37, 259, 13940},  // m
    {34, 37, 693, 5, 37, 158, 14199},   // n
    {36, 38, 667, 3, 37, 171, 14357},   // o
    {34, 53, 674, 5, 37, 226, 14528},   // p
    {35, 53, 674, 3, 37, 232, 14754},   // q
    {25, 37, 477, 5, 37, 116, 14986},   // r
    {28, 38, 536, 3, 37, 133, 15102},   // s
    {26, 45, 463, 2, 44, 147, 15235},   // t
    {34, 37, 693, 5, 36, 158, 15382},   // u
    {39, 36, 609, 0, 36, 176, 15540},   // v
    {57, 36, 913, 0, 36, 257, 15716},   // w
    {39, 36, 617, 0, 36, 176, 15973},   // x
    {39, 52, 609, -1, 36, 254, 16149},  // y
    {29, 36, 526, 2, 36, 131, 16403},   // z
    {24, 59, 420, 0, 48, 177, 16534},   // {
    {7, 66, 588, 15, 51, 58, 16711},    // |
    {23, 59, 420, 2, 48, 170, 16769},   // }
    {32, 13, 610, 3, 30, 52, 16939},    // ~
    {28, 8, 533, 3, 22, 28, 16991},     // U+2013
    {62, 8, 1067, 3, 22, 62, 17019},    // U+2014
    {14, 16, 231, 0, 48, 28, 17081},    // U+2018
    {14, 16, 231, 0, 48, 28, 17109},    // U+2019
    {29, 16, 475, 0, 48, 58, 17137},    // U+201C
    {29, 16, 475, 0, 48, 58, 17195},    // U+201D
    {50, 12, 912, 4, 11, 75, 17253},    // U+2026
};

static const EpdUnicodeInterval prompter_sans_32Intervals[] = {
    {0x20, 0x7E, 0x0}, {0x2013, 0x2014, 0x5F}, {0x2018, 0x2019, 0x61}, {0x201C, 0x201D, 0x63}, {0x2026, 0x2026, 0x65},
};

static const uint16_t prompter_sans_32KernLeftCodepoints[] = {
    0x0022, 0x0026, 0x0027, 0x0028, 0x002C, 0x002D, 0x002E, 0x0041, 0x0042, 0x0043, 0x0044, 0x0045, 0x0046,
    0x004B, 0x004C, 0x004F, 0x0050, 0x0051, 0x0054, 0x0055, 0x0056, 0x0057, 0x0058, 0x0059, 0x005A, 0x005B,
    0x005F, 0x0061, 0x0062, 0x0063, 0x0065, 0x0066, 0x0068, 0x006D, 0x006E, 0x006F, 0x0070, 0x0072, 0x0074,
    0x0076, 0x0077, 0x0078, 0x0079, 0x007B, 0x2013, 0x2014, 0x2018, 0x2019, 0x201C, 0x201D,
};

static const uint8_t prompter_sans_32KernLeftClassIds[] = {
    1, 2,  1,  3,  4,  5,  4,  6,  7,  8,  9,  10, 11, 8,  12, 9,  13, 9,  14, 15, 16, 16, 8, 17, 18,
    3, 19, 20, 21, 22, 21, 23, 20, 20, 20, 21, 21, 24, 22, 25, 25, 26, 25, 3,  5,  5,  1,  1, 1,  1,
};

static const uint16_t prompter_sans_32KernRightCodepoints[] = {
    0x0022, 0x0026, 0x0027, 0x0029, 0x002C, 0x002D, 0x002E, 0x003F, 0x0041, 0x0043, 0x0047, 0x004A,
    0x004F, 0x0051, 0x0054, 0x0055, 0x0056, 0x0057, 0x0058, 0x0059, 0x005A, 0x005D, 0x0061, 0x0063,
    0x0064, 0x0065, 0x0067, 0x006A, 0x006D, 0x006E, 0x006F, 0x0070, 0x0071, 0x0072, 0x0073, 0x0075,
    0x0076, 0x0077, 0x0078, 0x0079, 0x007A, 0x007D, 0x2013, 0x2014, 0x2019, 0x201D, 0x2026,
};

static const uint8_t prompter_sans_32KernRightClassIds[] = {
    1,  2,  1,  3,  4,  5,  4,  6,  7,  8,  8,  9,  8,  8,  10, 11, 12, 12, 13, 14, 15, 3, 16, 17,
    17, 17, 18, 19, 20, 20, 17, 20, 17, 20, 21, 20, 22, 22, 22, 22, 23, 3,  5,  5,  1,  1, 4,
};

static const uint16_t prompter_sans_32KernRowOffsets[] = {
    0, 9, 12, 14, 19, 20, 26, 27, 28, 35, 36, 40, 46, 51, 65, 67, 76, 87, 88, 89, 90, 93, 94, 97, 102, 105, 106,
};

static const uint8_t prompter_sans_32KernSparseCols[] = {
    6,  9,  11, 13, 15, 16, 17, 19, 20, 9,  11, 13, 8, 18, 7, 9, 10, 11, 13, 9,  0,  7,  8,  9,  11, 13, 3,
    7,  3,  6,  9,  11, 12, 13, 14, 8,  2,  3,  5,  6, 0,  7, 9, 10, 11, 13, 1,  3,  6,  12, 14, 1,  3,  4,
    5,  6,  7,  9,  15, 16, 17, 19, 20, 21, 22, 3,  6, 3,  5, 6, 7,  15, 16, 17, 19, 20, 1,  3,  5,  6,  7,
    15, 16, 17, 19, 20, 22, 7,  8,  0,  0,  21, 22, 0, 0,  2, 3, 0,  3,  15, 16, 17, 0,  3,  5,  16,
};

static const int8_t prompter_sans_32KernSparseValues[] = {
    -75, 21,  21,  11,   -43, -64, -32, -32, -32, -64, -21,  -32, 96,  43,  -53, -75, -21, -64, -64, -43, -75, -21,
    53,  -75, -43, -64,  -11, -21, -43, -21, -32, -11, -21,  -11, -11, 64,  21,  -64, 21,  -21, -85, -21, -21, -11,
    -21, -32, -11, -128, -53, -21, -11, -21, -64, -43, 21,   -75, -21, 21,  -85, -75, -75, -53, -64, -21, -43, -21,
    -11, -53, 21,  -43,  -11, -21, -21, -11, -11, -11, -32,  -64, 21,  -64, -21, -53, -53, -53, -32, -43, -21, -11,
    101, -11, -11, -21,  -11, 21,  64,  43,  -21, 43,  -128, -21, -21, -11, 43,  -43, 21,  -21,
};

static const EpdFontData prompter_sans_32 = {
    prompter_sans_32Bitmaps,
    prompter_sans_32Glyphs,
    prompter_sans_32Intervals,
    5,
    91,
    72,
    -20,
    false,
    nullptr,
    0,
    nullptr,
    nullptr,  // kernLeftClasses: built-in fonts use the split arrays below
    nullptr,  // kernRightClasses
    prompter_sans_32KernLeftCodepoints,
    prompter_sans_32KernLeftClassIds,
    prompter_sans_32KernRightCodepoints,
    prompter_sans_32KernRightClassIds,
    nullptr,  // kernMatrix: built-in fonts use the sparse form below
    prompter_sans_32KernRowOffsets,
    prompter_sans_32KernSparseCols,
    prompter_sans_32KernSparseValues,
    50,
    47,
    26,
    23,
    nullptr,
    0,
};
